timestamp,experiment_record_id,csv_output_path,input_volume,projection_mode,projection_mode_status,markers_sorted,perspective_calibration_ready,orthographic_calibration_ready,shot1_available,shot2_available,shot3_available,shot2_angle_deg,shot3_angle_m3_m1_deg,shot3_angle_m3_m2_deg,tre_value_mm,reprojection_error_px,ray_gap_mm,tre_display,reprojection_display,ray_gap_display,point1_selector,point2_selector,reprojection_point1_selector,reprojection_point2_selector,red_2d_selector,green_2d_selector,knife_selector,camera_view_angle_deg,view_orthographic_enabled,red_uses_blackcenter_auto_point,green_uses_blackcenter_auto_point,uses_blackcenter_auto_point_any,testpoint_x,testpoint_y,testpoint_z,testpoint_marker_distance_t1_mm,testpoint_marker_distance_t2_mm,testpoint_marker_distance_t3_mm,testpoint_marker_distance_mean_mm,debug_visualization,debug_plane_scale,debug_ray_scale,marker_transform_snapshot_dir,marker_transform_1_name,marker_transform_1_path,marker_transform_1_saved,marker_transform_2_name,marker_transform_2_path,marker_transform_2_saved,marker_transform_3_name,marker_transform_3_path,marker_transform_3_saved,marker_transform_snapshot_count,marker_transform_snapshot_ready,marker_sort_view1_rms_px,marker_sort_view1_second_rms_px,marker_sort_view1_rms_gap_px,marker_sort_view1_flip_x,marker_sort_view1_flip_y,marker_sort_view2_rms_px,marker_sort_view2_second_rms_px,marker_sort_view2_rms_gap_px,marker_sort_view2_flip_x,marker_sort_view2_flip_y,marker_sort_view3_rms_px,marker_sort_view3_second_rms_px,marker_sort_view3_rms_gap_px,marker_sort_view3_flip_x,marker_sort_view3_flip_y,perspective_calibration_view1_reproj_rms_px,perspective_calibration_view1_flip_x,perspective_calibration_view1_flip_y,perspective_calibration_view1_swap_big_23,perspective_calibration_view1_swap_small_23,perspective_calibration_view1_view_angle_deg,perspective_calibration_view2_reproj_rms_px,perspective_calibration_view2_flip_x,perspective_calibration_view2_flip_y,perspective_calibration_view2_swap_big_23,perspective_calibration_view2_swap_small_23,perspective_calibration_view2_view_angle_deg,perspective_calibration_view3_reproj_rms_px,perspective_calibration_view3_flip_x,perspective_calibration_view3_flip_y,perspective_calibration_view3_swap_big_23,perspective_calibration_view3_swap_small_23,perspective_calibration_view3_view_angle_deg,orthographic_calibration_view1_reproj_rms_px,orthographic_calibration_view1_flip_x,orthographic_calibration_view1_flip_y,orthographic_calibration_view1_swap_big_23,orthographic_calibration_view1_swap_small_23,orthographic_calibration_view1_view_angle_deg,orthographic_calibration_view2_reproj_rms_px,orthographic_calibration_view2_flip_x,orthographic_calibration_view2_flip_y,orthographic_calibration_view2_swap_big_23,orthographic_calibration_view2_swap_small_23,orthographic_calibration_view2_view_angle_deg,orthographic_calibration_view3_reproj_rms_px,orthographic_calibration_view3_flip_x,orthographic_calibration_view3_flip_y,orthographic_calibration_view3_swap_big_23,orthographic_calibration_view3_swap_small_23,orthographic_calibration_view3_view_angle_deg,timing_shot1_all_ms,timing_shot2_all_ms,timing_shot3_all_ms,timing_black_center_ms,timing_markers_sort_ms,timing_init_markers_ms,timing_perspective_calibration_ms,timing_orthographic_calibration_ms,timing_red_push_ms,timing_green_push_ms,timing_tre_calc_ms,timing_reprojection_calc_ms
2026-03-23T08:30:14+08:00,20260323_083014_277752,D:\CodingHHW\Biplane\experiment\experiment_results.csv,Panoramix-cropped,perspective,Current mode: Perspective,1,1,0,1,1,1,35.41,57.49,56.59,0.1,0.08,0,0.10 mm,0.08 px,0.00 mm,testPoint,TargetP3D,blackCenter2,PointGreen,PointRed,PointGreen,testPoint,30,0,1,0,1,-5.621018887,194.5588989,-236.4442749,65.65950544,83.24172902,92.92101684,80.6074171,0,6,10,D:\CodingHHW\Biplane\experiment\transform_snapshots\20260323_083014_277752,LinearTransform,D:\CodingHHW\Biplane\experiment\transform_snapshots\20260323_083014_277752\20260323_083014_277752_1_LinearTransform.h5,1,LinearTransform_1,D:\CodingHHW\Biplane\experiment\transform_snapshots\20260323_083014_277752\20260323_083014_277752_2_LinearTransform_1.h5,1,LinearTransform_2,D:\CodingHHW\Biplane\experiment\transform_snapshots\20260323_083014_277752\20260323_083014_277752_3_LinearTransform_2.h5,1,3,1,0.042018245,0.042018245,6.88E-14,1,1,0.06026378,0.06026378,3.23E-13,1,1,0.068676994,0.068676994,1.16E-13,1,1,0.04117699,1,0,0,0,30,0.059109155,0,0,0,0,30,0.063013834,0,0,0,0,30,NA,NA,NA,NA,NA,NA,NA,NA,NA,NA,NA,NA,NA,NA,NA,NA,NA,NA,473.135,470.383,373.723,97.343,1060.412,323.111,34.098,NA,72.555,66.538,0.503,0.679
2026-03-23T08:31:10+08:00,20260323_083110_811225,D:\CodingHHW\Biplane\experiment\experiment_results.csv,Panoramix-cropped,perspective,Current mode: Perspective,1,1,0,1,1,1,35.41,57.49,56.59,0.27,0.02,0,0.27 mm,0.02 px,0.00 mm,testPoint,TargetP3D,blackCenter2,PointGreen,PointRed,PointGreen,testPoint,30,0,1,0,1,-5.621018887,194.5588989,-236.4442749,65.65950544,83.24172902,92.92101684,80.6074171,0,6,10,D:\CodingHHW\Biplane\experiment\transform_snapshots\20260323_083110_811225,LinearTransform,D:\CodingHHW\Biplane\experiment\transform_snapshots\20260323_083110_811225\20260323_083110_811225_1_LinearTransform.h5,1,LinearTransform_1,D:\CodingHHW\Biplane\experiment\transform_snapshots\20260323_083110_811225\20260323_083110_811225_2_LinearTransform_1.h5,1,LinearTransform_2,D:\CodingHHW\Biplane\experiment\transform_snapshots\20260323_083110_811225\20260323_083110_811225_3_LinearTransform_2.h5,1,3,1,0.069950562,0.069950562,2.47E-14,0,0,0.074369705,0.074369705,3.79E-15,1,1,0.042258161,0.042258161,1.99E-13,1,1,0.069496759,1,0,0,0,30,0.073906554,1,0,0,0,30,0.041833965,0,1,0,0,30,NA,NA,NA,NA,NA,NA,NA,NA,NA,NA,NA,NA,NA,NA,NA,NA,NA,NA,464.982,483.896,397.854,11.13,554.09,60.226,32.886,NA,1.304,2.13,0.546,0.694
2026-03-23T08:32:03+08:00,20260323_083203_304160,D:\CodingHHW\Biplane\experiment\experiment_results.csv,Panoramix-cropped,perspective,Current mode: Perspective,1,1,0,1,1,1,35.41,57.49,56.59,0.08,0.16,0,0.08 mm,0.16 px,0.00 mm,testPoint,TargetP3D,blackCenter2,PointGreen,PointRed,PointGreen,testPoint,30,0,1,0,1,-5.621018887,194.5588989,-236.4442749,65.65950544,83.24172902,92.92101684,80.6074171,0,6,10,D:\CodingHHW\Biplane\experiment\transform_snapshots\20260323_083203_304160,LinearTransform,D:\CodingHHW\Biplane\experiment\transform_snapshots\20260323_083203_304160\20260323_083203_304160_1_LinearTransform.h5,1,LinearTransform_1,D:\CodingHHW\Biplane\experiment\transform_snapshots\20260323_083203_304160\20260323_083203_304160_2_LinearTransform_1.h5,1,LinearTransform_2,D:\CodingHHW\Biplane\experiment\transform_snapshots\20260323_083203_304160\20260323_083203_304160_3_LinearTransform_2.h5,1,3,1,0.060063591,0.060063591,1.13E-12,0,0,0.050686842,0.050686842,2.33E-14,0,0,0.040696358,0.040696358,1.06E-11,0,0,0.058376359,1,0,0,0,30,0.049175952,1,1,0,0,30,0.037319489,0,0,0,0,30,NA,NA,NA,NA,NA,NA,NA,NA,NA,NA,NA,NA,NA,NA,NA,NA,NA,NA,507.621,484.12,358.687,10.425,558.628,60.142,33.291,NA,2.082,1.771,0.664,0.731
2026-03-23T08:32:37+08:00,20260323_083237_899748,D:\CodingHHW\Biplane\experiment\experiment_results.csv,Panoramix-cropped,perspective,Current mode: Perspective,1,1,0,1,1,1,35.41,57.49,56.59,0.05,0.09,0,0.05 mm,0.09 px,0.00 mm,testPoint,TargetP3D,blackCenter2,PointGreen,PointRed,PointGreen,testPoint,30,0,1,0,1,-5.621018887,194.5588989,-236.4442749,65.65950544,83.24172902,92.92101684,80.6074171,0,6,10,D:\CodingHHW\Biplane\experiment\transform_snapshots\20260323_083237_899748,LinearTransform,D:\CodingHHW\Biplane\experiment\transform_snapshots\20260323_083237_899748\20260323_083237_899748_1_LinearTransform.h5,1,LinearTransform_1,D:\CodingHHW\Biplane\experiment\transform_snapshots\20260323_083237_899748\20260323_083237_899748_2_LinearTransform_1.h5,1,LinearTransform_2,D:\CodingHHW\Biplane\experiment\transform_snapshots\20260323_083237_899748\20260323_083237_899748_3_LinearTransform_2.h5,1,3,1,0.049392471,0.049392471,5.59E-11,1,1,0.046151716,0.046151716,1.83E-14,1,1,0.068855804,0.068855804,7.46E-14,0,0,0.047123629,1,1,0,0,30,0.045895927,1,0,0,0,30,0.067184513,1,1,0,0,30,NA,NA,NA,NA,NA,NA,NA,NA,NA,NA,NA,NA,NA,NA,NA,NA,NA,NA,487.41,446.63,396.785,9.61,553.14,59.935,31.464,NA,2.025,1.722,0.612,0.495
2026-03-23T08:33:12+08:00,20260323_083312_962802,D:\CodingHHW\Biplane\experiment\experiment_results.csv,Panoramix-cropped,perspective,Current mode: Perspective,1,1,0,1,1,1,35.41,57.49,56.59,0.07,0,0,0.07 mm,0.00 px,0.00 mm,testPoint,TargetP3D,blackCenter2,PointGreen,PointRed,PointGreen,testPoint,30,0,1,0,1,-5.621018887,194.5588989,-236.4442749,65.65950544,83.24172902,92.92101684,80.6074171,0,6,10,D:\CodingHHW\Biplane\experiment\transform_snapshots\20260323_083312_962802,LinearTransform,D:\CodingHHW\Biplane\experiment\transform_snapshots\20260323_083312_962802\20260323_083312_962802_1_LinearTransform.h5,1,LinearTransform_1,D:\CodingHHW\Biplane\experiment\transform_snapshots\20260323_083312_962802\20260323_083312_962802_2_LinearTransform_1.h5,1,LinearTransform_2,D:\CodingHHW\Biplane\experiment\transform_snapshots\20260323_083312_962802\20260323_083312_962802_3_LinearTransform_2.h5,1,3,1,0.06589964,0.06589964,4.52E-15,1,1,0.062867891,0.062867891,2.21E-14,1,1,0.048414272,0.048414272,1.73E-13,0,0,0.064335037,1,0,0,0,30,0.060087323,1,1,0,0,30,0.046513989,1,0,0,0,30,NA,NA,NA,NA,NA,NA,NA,NA,NA,NA,NA,NA,NA,NA,NA,NA,NA,NA,469.797,457.124,355.507,10.033,553.817,60.173,33.346,NA,1.909,2.333,0.569,0.501
2026-03-23T08:34:40+08:00,20260323_083440_273184,D:\CodingHHW\Biplane\experiment\experiment_results.csv,Panoramix-cropped,orthographic,Current mode: Orthographic,1,0,1,1,1,1,35.41,57.49,56.59,0.06,0.03,0,0.06 mm,0.03 px,0.00 mm,testPoint,TargetP3D,blackCenter2,PointGreen,PointRed,PointGreen,testPoint,30,1,1,0,1,-5.621018887,194.5588989,-236.4442749,65.65950544,83.24172902,92.92101684,80.6074171,0,6,10,D:\CodingHHW\Biplane\experiment\transform_snapshots\20260323_083440_273184,LinearTransform,D:\CodingHHW\Biplane\experiment\transform_snapshots\20260323_083440_273184\20260323_083440_273184_1_LinearTransform.h5,1,LinearTransform_1,D:\CodingHHW\Biplane\experiment\transform_snapshots\20260323_083440_273184\20260323_083440_273184_2_LinearTransform_1.h5,1,LinearTransform_2,D:\CodingHHW\Biplane\experiment\transform_snapshots\20260323_083440_273184\20260323_083440_273184_3_LinearTransform_2.h5,1,3,1,3.094056518,3.094056518,9.10E-14,1,1,3.186606233,3.186606233,7.55E-15,1,0,3.101534679,3.101534679,7.11E-14,1,0,NA,NA,NA,NA,NA,NA,NA,NA,NA,NA,NA,NA,NA,NA,NA,NA,NA,NA,0.047908213,0,0,0,0,30,0.016214569,1,1,0,0,30,0.048474541,1,0,0,0,30,596.74,545.759,395.463,9.485,524.994,29.598,32.767,2.935,1.654,1.784,0.569,0.601
2026-03-23T08:35:18+08:00,20260323_083518_678406,D:\CodingHHW\Biplane\experiment\experiment_results.csv,Panoramix-cropped,orthographic,Current mode: Orthographic,1,0,1,1,1,1,35.41,57.49,56.59,0.11,0,0,0.11 mm,0.00 px,0.00 mm,testPoint,TargetP3D,blackCenter2,PointGreen,PointRed,PointGreen,testPoint,30,1,1,0,1,-5.621018887,194.5588989,-236.4442749,65.65950544,83.24172902,92.92101684,80.6074171,0,6,10,D:\CodingHHW\Biplane\experiment\transform_snapshots\20260323_083518_678406,LinearTransform,D:\CodingHHW\Biplane\experiment\transform_snapshots\20260323_083518_678406\20260323_083518_678406_1_LinearTransform.h5,1,LinearTransform_1,D:\CodingHHW\Biplane\experiment\transform_snapshots\20260323_083518_678406\20260323_083518_678406_2_LinearTransform_1.h5,1,LinearTransform_2,D:\CodingHHW\Biplane\experiment\transform_snapshots\20260323_083518_678406\20260323_083518_678406_3_LinearTransform_2.h5,1,3,1,2.937999965,2.937999965,1.15E-12,0,0,2.145883739,2.145883739,2.31E-14,1,1,1.71760065,1.71760065,4.77E-14,1,1,NA,NA,NA,NA,NA,NA,NA,NA,NA,NA,NA,NA,NA,NA,NA,NA,NA,NA,0.031791056,0,1,0,0,30,0.047764819,1,0,0,0,30,0.065307558,0,0,0,0,30,609.44,474.177,378.078,9.728,522.249,29.796,32.767,3.491,1.647,2.257,0.487,0.499
2026-03-23T08:35:49+08:00,20260323_083549_565029,D:\CodingHHW\Biplane\experiment\experiment_results.csv,Panoramix-cropped,orthographic,Current mode: Orthographic,1,0,1,1,1,1,35.41,57.49,56.59,0.04,0.12,0,0.04 mm,0.12 px,0.00 mm,testPoint,TargetP3D,blackCenter2,PointGreen,PointRed,PointGreen,testPoint,30,1,1,0,1,-5.621018887,194.5588989,-236.4442749,65.65950544,83.24172902,92.92101684,80.6074171,0,6,10,D:\CodingHHW\Biplane\experiment\transform_snapshots\20260323_083549_565029,LinearTransform,D:\CodingHHW\Biplane\experiment\transform_snapshots\20260323_083549_565029\20260323_083549_565029_1_LinearTransform.h5,1,LinearTransform_1,D:\CodingHHW\Biplane\experiment\transform_snapshots\20260323_083549_565029\20260323_083549_565029_2_LinearTransform_1.h5,1,LinearTransform_2,D:\CodingHHW\Biplane\experiment\transform_snapshots\20260323_083549_565029\20260323_083549_565029_3_LinearTransform_2.h5,1,3,1,3.016218638,3.016218638,2.80E-14,0,0,2.123814362,2.123814362,4.00E-15,1,0,1.603914156,1.603914156,2.42E-14,0,0,NA,NA,NA,NA,NA,NA,NA,NA,NA,NA,NA,NA,NA,NA,NA,NA,NA,NA,0.047870923,0,0,0,0,30,0.046678707,0,1,0,0,30,0.055849342,1,0,0,0,30,605.679,493.086,390.246,10.218,521.816,30.503,32.767,3.338,2.036,1.694,0.77,0.632
2026-03-23T08:36:22+08:00,20260323_083622_738577,D:\CodingHHW\Biplane\experiment\experiment_results.csv,Panoramix-cropped,orthographic,Current mode: Orthographic,1,0,1,1,1,1,35.41,57.49,56.59,0.08,0.15,0,0.08 mm,0.15 px,0.00 mm,testPoint,TargetP3D,blackCenter2,PointGreen,PointRed,PointGreen,testPoint,30,1,1,0,1,-5.621018887,194.5588989,-236.4442749,65.65950544,83.24172902,92.92101684,80.6074171,0,6,10,D:\CodingHHW\Biplane\experiment\transform_snapshots\20260323_083622_738577,LinearTransform,D:\CodingHHW\Biplane\experiment\transform_snapshots\20260323_083622_738577\20260323_083622_738577_1_LinearTransform.h5,1,LinearTransform_1,D:\CodingHHW\Biplane\experiment\transform_snapshots\20260323_083622_738577\20260323_083622_738577_2_LinearTransform_1.h5,1,LinearTransform_2,D:\CodingHHW\Biplane\experiment\transform_snapshots\20260323_083622_738577\20260323_083622_738577_3_LinearTransform_2.h5,1,3,1,2.048737548,2.048737548,7.75E-13,0,0,1.74063301,1.74063301,2.89E-15,1,0,1.99040721,1.99040721,1.62E-14,0,0,NA,NA,NA,NA,NA,NA,NA,NA,NA,NA,NA,NA,NA,NA,NA,NA,NA,NA,0.064965456,0,1,0,0,30,0.054912079,1,1,0,0,30,0.048740305,1,0,0,0,30,579.016,515.764,398.918,10.576,524.068,29.678,32.767,2.762,2.911,1.829,0.59,0.505
2026-03-23T08:36:53+08:00,20260323_083653_657552,D:\CodingHHW\Biplane\experiment\experiment_results.csv,Panoramix-cropped,orthographic,Current mode: Orthographic,1,0,1,1,1,1,35.41,57.49,56.59,0.18,0.23,0,0.18 mm,0.23 px,0.00 mm,testPoint,TargetP3D,blackCenter2,PointGreen,PointRed,PointGreen,testPoint,30,1,1,0,1,-5.621018887,194.5588989,-236.4442749,65.65950544,83.24172902,92.92101684,80.6074171,0,6,10,D:\CodingHHW\Biplane\experiment\transform_snapshots\20260323_083653_657552,LinearTransform,D:\CodingHHW\Biplane\experiment\transform_snapshots\20260323_083653_657552\20260323_083653_657552_1_LinearTransform.h5,1,LinearTransform_1,D:\CodingHHW\Biplane\experiment\transform_snapshots\20260323_083653_657552\20260323_083653_657552_2_LinearTransform_1.h5,1,LinearTransform_2,D:\CodingHHW\Biplane\experiment\transform_snapshots\20260323_083653_657552\20260323_083653_657552_3_LinearTransform_2.h5,1,3,1,1.009091822,1.009091822,6.31E-13,0,0,1.381861159,1.381861159,2.69E-14,1,0,1.236309223,1.236309223,4.92E-13,0,0,NA,NA,NA,NA,NA,NA,NA,NA,NA,NA,NA,NA,NA,NA,NA,NA,NA,NA,0.065099957,1,0,0,0,30,0.046640616,1,0,0,0,30,0.043256509,0,0,0,0,30,473.772,506.927,391.035,10.424,524.594,30.265,32.767,3.022,2.849,2.161,0.522,0.555
2026-03-23T08:38:18+08:00,20260323_083818_700120,D:\CodingHHW\Biplane\experiment\experiment_results.csv,Panoramix-cropped,orthographic,Current mode: Orthographic,1,0,1,1,1,1,35.41,57.49,56.59,0.16,0.06,0,0.16 mm,0.06 px,0.00 mm,testPoint,TargetP3D,blackCenter2,PointGreen,PointRed,PointGreen,testPoint,30,1,1,0,1,-5.621018887,194.5588989,-236.4442749,65.65950544,83.24172902,92.92101684,80.6074171,0,6,10,D:\CodingHHW\Biplane\experiment\transform_snapshots\20260323_083818_700120,LinearTransform,D:\CodingHHW\Biplane\experiment\transform_snapshots\20260323_083818_700120\20260323_083818_700120_1_LinearTransform.h5,1,LinearTransform_1,D:\CodingHHW\Biplane\experiment\transform_snapshots\20260323_083818_700120\20260323_083818_700120_2_LinearTransform_1.h5,1,LinearTransform_2,D:\CodingHHW\Biplane\experiment\transform_snapshots\20260323_083818_700120\20260323_083818_700120_3_LinearTransform_2.h5,1,3,1,1.372859886,1.372859886,6.66E-15,0,0,1.454939274,1.454939274,1.98E-14,1,0,1.354637772,1.354637772,1.60E-14,0,0,NA,NA,NA,NA,NA,NA,NA,NA,NA,NA,NA,NA,NA,NA,NA,NA,NA,NA,0.037176121,1,0,0,0,30,0.04673591,1,0,0,0,30,0.052374721,1,1,0,0,30,490.518,570.027,361.309,9.921,516.855,29.496,32.767,3.311,2.035,1.79,0.527,0.772
2026-03-23T08:40:10+08:00,20260323_084010_824938,D:\CodingHHW\Biplane\experiment\experiment_results.csv,Panoramix-cropped,orthographic,Current mode: Orthographic,1,0,1,1,1,1,86.82,81.34,85.85,0.06,0.15,0,0.06 mm,0.15 px,0.00 mm,testPoint,TargetP3D,blackCenter2,PointGreen,PointRed,PointGreen,testPoint,30,1,1,0,1,-5.621018887,194.5588989,-236.4442749,65.65950544,91.80694955,100.6061922,86.02421572,0,6,10,D:\CodingHHW\Biplane\experiment\transform_snapshots\20260323_084010_824938,LinearTransform,D:\CodingHHW\Biplane\experiment\transform_snapshots\20260323_084010_824938\20260323_084010_824938_1_LinearTransform.h5,1,LinearTransform_1,D:\CodingHHW\Biplane\experiment\transform_snapshots\20260323_084010_824938\20260323_084010_824938_2_LinearTransform_1.h5,1,LinearTransform_2,D:\CodingHHW\Biplane\experiment\transform_snapshots\20260323_084010_824938\20260323_084010_824938_3_LinearTransform_2.h5,1,3,1,1.372859886,1.372859886,6.66E-15,0,0,1.664507452,1.664507452,2.20E-14,0,1,2.233478416,2.233478416,1.47E-12,1,1,NA,NA,NA,NA,NA,NA,NA,NA,NA,NA,NA,NA,NA,NA,NA,NA,NA,NA,0.037176121,1,0,0,0,30,0.043049357,0,0,0,0,30,0.046831792,0,1,0,0,30,490.518,455.816,384.074,9.904,549.045,30.059,32.767,3.126,1.981,1.663,0.537,0.673
2026-03-23T08:41:53+08:00,20260323_084153_391163,D:\CodingHHW\Biplane\experiment\experiment_results.csv,Panoramix-cropped,orthographic,Current mode: Orthographic,1,0,1,1,1,1,86.82,81.34,85.85,0.03,0.08,0,0.03 mm,0.08 px,0.00 mm,testPoint,TargetP3D,blackCenter2,PointGreen,PointRed,PointGreen,testPoint,30,1,1,0,1,-5.621018887,194.5588989,-236.4442749,65.65950544,91.80694955,100.6061922,86.02421572,0,6,10,D:\CodingHHW\Biplane\experiment\transform_snapshots\20260323_084153_391163,LinearTransform,D:\CodingHHW\Biplane\experiment\transform_snapshots\20260323_084153_391163\20260323_084153_391163_1_LinearTransform.h5,1,LinearTransform_1,D:\CodingHHW\Biplane\experiment\transform_snapshots\20260323_084153_391163\20260323_084153_391163_2_LinearTransform_1.h5,1,LinearTransform_2,D:\CodingHHW\Biplane\experiment\transform_snapshots\20260323_084153_391163\20260323_084153_391163_3_LinearTransform_2.h5,1,3,1,2.283940968,2.283940968,8.88E-15,0,0,2.336970529,2.336970529,2.44E-14,0,0,2.077574083,2.077574083,5.93E-13,0,0,NA,NA,NA,NA,NA,NA,NA,NA,NA,NA,NA,NA,NA,NA,NA,NA,NA,NA,0.048015881,0,0,0,0,30,0.056528929,1,1,0,0,30,0.051646809,0,1,0,0,30,530.657,414.009,415.118,10.016,553.895,29.825,32.767,3.581,1.745,1.858,0.73,0.569
2026-03-23T08:42:34+08:00,20260323_084234_977180,D:\CodingHHW\Biplane\experiment\experiment_results.csv,Panoramix-cropped,orthographic,Current mode: Orthographic,1,0,1,1,1,1,86.82,81.34,85.85,0.02,0.02,0,0.02 mm,0.02 px,0.00 mm,testPoint,TargetP3D,blackCenter2,PointGreen,PointRed,PointGreen,testPoint,30,1,1,0,1,-5.621018887,194.5588989,-236.4442749,65.65950544,91.80694955,100.6061922,86.02421572,0,6,10,D:\CodingHHW\Biplane\experiment\transform_snapshots\20260323_084234_977180,LinearTransform,D:\CodingHHW\Biplane\experiment\transform_snapshots\20260323_084234_977180\20260323_084234_977180_1_LinearTransform.h5,1,LinearTransform_1,D:\CodingHHW\Biplane\experiment\transform_snapshots\20260323_084234_977180\20260323_084234_977180_2_LinearTransform_1.h5,1,LinearTransform_2,D:\CodingHHW\Biplane\experiment\transform_snapshots\20260323_084234_977180\20260323_084234_977180_3_LinearTransform_2.h5,1,3,1,2.519997234,2.519997234,3.11E-15,0,0,2.276422752,2.276422752,2.35E-14,1,0,2.168163017,2.168163017,9.37E-14,1,0,NA,NA,NA,NA,NA,NA,NA,NA,NA,NA,NA,NA,NA,NA,NA,NA,NA,NA,0.061917155,1,1,0,0,30,0.03712024,1,0,0,0,30,0.052985787,1,0,0,0,30,543.024,433.633,370.53,10.266,550.038,29.54,32.767,3.248,1.761,1.661,0.627,0.505
2026-03-23T08:43:20+08:00,20260323_084320_638180,D:\CodingHHW\Biplane\experiment\experiment_results.csv,Panoramix-cropped,orthographic,Current mode: Orthographic,1,0,1,1,1,1,86.82,81.34,85.85,0.04,0.02,0,0.04 mm,0.02 px,0.00 mm,testPoint,TargetP3D,blackCenter2,PointGreen,PointRed,PointGreen,testPoint,30,1,1,0,1,-5.621018887,194.5588989,-236.4442749,65.65950544,91.80694955,100.6061922,86.02421572,0,6,10,D:\CodingHHW\Biplane\experiment\transform_snapshots\20260323_084320_638180,LinearTransform,D:\CodingHHW\Biplane\experiment\transform_snapshots\20260323_084320_638180\20260323_084320_638180_1_LinearTransform.h5,1,LinearTransform_1,D:\CodingHHW\Biplane\experiment\transform_snapshots\20260323_084320_638180\20260323_084320_638180_2_LinearTransform_1.h5,1,LinearTransform_2,D:\CodingHHW\Biplane\experiment\transform_snapshots\20260323_084320_638180\20260323_084320_638180_3_LinearTransform_2.h5,1,3,1,1.800008656,1.800008656,2.94E-13,1,1,1.553112659,1.553112659,7.66E-14,1,1,1.426475914,1.426475914,7.90E-13,1,1,NA,NA,NA,NA,NA,NA,NA,NA,NA,NA,NA,NA,NA,NA,NA,NA,NA,NA,0.066871594,0,0,0,0,30,0.053206118,1,0,0,0,30,0.051456727,1,1,0,0,30,491.997,425.875,385.776,10.541,550.647,29.671,32.767,3.402,2.222,2.655,0.523,0.668
2026-03-23T08:44:13+08:00,20260323_084413_505906,D:\CodingHHW\Biplane\experiment\experiment_results.csv,Panoramix-cropped,orthographic,Current mode: Orthographic,1,0,1,1,1,1,86.82,81.34,85.85,0.11,0.24,0,0.11 mm,0.24 px,0.00 mm,testPoint,TargetP3D,blackCenter2,PointGreen,PointRed,PointGreen,testPoint,30,1,1,0,1,-5.621018887,194.5588989,-236.4442749,65.65950544,91.80694955,100.6061922,86.02421572,0,6,10,D:\CodingHHW\Biplane\experiment\transform_snapshots\20260323_084413_505906,LinearTransform,D:\CodingHHW\Biplane\experiment\transform_snapshots\20260323_084413_505906\20260323_084413_505906_1_LinearTransform.h5,1,LinearTransform_1,D:\CodingHHW\Biplane\experiment\transform_snapshots\20260323_084413_505906\20260323_084413_505906_2_LinearTransform_1.h5,1,LinearTransform_2,D:\CodingHHW\Biplane\experiment\transform_snapshots\20260323_084413_505906\20260323_084413_505906_3_LinearTransform_2.h5,1,3,1,1.433302196,1.433302196,6.68E-13,0,0,1.800708569,1.800708569,3.75E-14,1,1,1.493320327,1.493320327,6.88E-15,1,1,NA,NA,NA,NA,NA,NA,NA,NA,NA,NA,NA,NA,NA,NA,NA,NA,NA,NA,0.070261332,0,1,0,0,30,0.048176285,0,1,0,0,30,0.067228834,0,1,0,0,30,514.86,428.14,398.425,10.536,549.446,30.8,32.767,3.281,1.241,2.663,0.789,0.452
2026-03-23T08:44:51+08:00,20260323_084451_923676,D:\CodingHHW\Biplane\experiment\experiment_results.csv,Panoramix-cropped,orthographic,Current mode: Orthographic,1,0,1,1,1,1,86.82,81.34,85.85,0.02,0.11,0,0.02 mm,0.11 px,0.00 mm,testPoint,TargetP3D,blackCenter2,PointGreen,PointRed,PointGreen,testPoint,30,1,1,0,1,-5.621018887,194.5588989,-236.4442749,65.65950544,91.80694955,100.6061922,86.02421572,0,6,10,D:\CodingHHW\Biplane\experiment\transform_snapshots\20260323_084451_923676,LinearTransform,D:\CodingHHW\Biplane\experiment\transform_snapshots\20260323_084451_923676\20260323_084451_923676_1_LinearTransform.h5,1,LinearTransform_1,D:\CodingHHW\Biplane\experiment\transform_snapshots\20260323_084451_923676\20260323_084451_923676_2_LinearTransform_1.h5,1,LinearTransform_2,D:\CodingHHW\Biplane\experiment\transform_snapshots\20260323_084451_923676\20260323_084451_923676_3_LinearTransform_2.h5,1,3,1,2.31907952,2.31907952,3.11E-15,0,0,2.328800894,2.328800894,6.22E-15,1,1,2.839868567,2.839868567,6.82E-13,1,1,NA,NA,NA,NA,NA,NA,NA,NA,NA,NA,NA,NA,NA,NA,NA,NA,NA,NA,0.032779859,0,0,0,0,30,0.037799809,1,0,0,0,30,0.025827294,1,0,0,0,30,526.746,453.13,432.922,9.859,548.426,30.375,32.767,3.174,1.688,1.511,0.605,0.498
2026-03-23T08:45:57+08:00,20260323_084557_379112,D:\CodingHHW\Biplane\experiment\experiment_results.csv,Panoramix-cropped,perspective,Current mode: Perspective,1,1,0,1,1,1,86.82,81.34,85.85,0.07,0.17,0,0.07 mm,0.17 px,0.00 mm,testPoint,TargetP3D,blackCenter2,PointGreen,PointRed,PointGreen,testPoint,30,0,1,0,1,-5.621018887,194.5588989,-236.4442749,65.65950544,91.80694955,100.6061922,86.02421572,0,6,10,D:\CodingHHW\Biplane\experiment\transform_snapshots\20260323_084557_379112,LinearTransform,D:\CodingHHW\Biplane\experiment\transform_snapshots\20260323_084557_379112\20260323_084557_379112_1_LinearTransform.h5,1,LinearTransform_1,D:\CodingHHW\Biplane\experiment\transform_snapshots\20260323_084557_379112\20260323_084557_379112_2_LinearTransform_1.h5,1,LinearTransform_2,D:\CodingHHW\Biplane\experiment\transform_snapshots\20260323_084557_379112\20260323_084557_379112_3_LinearTransform_2.h5,1,3,1,0.035791136,0.035791136,4.23E-15,0,0,0.070833087,0.070833087,1.99E-12,0,0,0.06167022,0.06167022,3.29E-14,0,0,0.033814735,1,1,0,0,30,0.059796624,0,0,0,0,30,0.051948749,1,1,0,0,30,NA,NA,NA,NA,NA,NA,NA,NA,NA,NA,NA,NA,NA,NA,NA,NA,NA,NA,473.181,503.6,407.93,9.873,581.769,61.582,34.296,3.174,1.983,2.586,0.84,0.673
2026-03-23T08:46:41+08:00,20260323_084641_401806,D:\CodingHHW\Biplane\experiment\experiment_results.csv,Panoramix-cropped,perspective,Current mode: Perspective,1,1,0,1,1,1,86.82,81.34,85.85,0.04,0.04,0,0.04 mm,0.04 px,0.00 mm,testPoint,TargetP3D,blackCenter2,PointGreen,PointRed,PointGreen,testPoint,30,0,1,0,1,-5.621018887,194.5588989,-236.4442749,65.65950544,91.80694955,100.6061922,86.02421572,0,6,10,D:\CodingHHW\Biplane\experiment\transform_snapshots\20260323_084641_401806,LinearTransform,D:\CodingHHW\Biplane\experiment\transform_snapshots\20260323_084641_401806\20260323_084641_401806_1_LinearTransform.h5,1,LinearTransform_1,D:\CodingHHW\Biplane\experiment\transform_snapshots\20260323_084641_401806\20260323_084641_401806_2_LinearTransform_1.h5,1,LinearTransform_2,D:\CodingHHW\Biplane\experiment\transform_snapshots\20260323_084641_401806\20260323_084641_401806_3_LinearTransform_2.h5,1,3,1,0.048615037,0.048615037,6.12E-14,1,1,0.058319018,0.058319018,3.64E-14,1,1,0.048629794,0.048629794,2.28E-13,0,0,0.047858841,0,1,0,0,30,0.056199653,0,0,0,0,30,0.046598042,1,0,0,0,30,NA,NA,NA,NA,NA,NA,NA,NA,NA,NA,NA,NA,NA,NA,NA,NA,NA,NA,464.077,430.922,486.968,9.803,579.378,60.451,33.149,3.174,2.428,2.581,0.517,0.665
2026-03-23T08:47:18+08:00,20260323_084718_588618,D:\CodingHHW\Biplane\experiment\experiment_results.csv,Panoramix-cropped,perspective,Current mode: Perspective,1,1,0,1,1,1,86.82,81.34,85.85,0.04,0.1,0,0.04 mm,0.10 px,0.00 mm,testPoint,TargetP3D,blackCenter2,PointGreen,PointRed,PointGreen,testPoint,30,0,1,0,1,-5.621018887,194.5588989,-236.4442749,65.65950544,91.80694955,100.6061922,86.02421572,0,6,10,D:\CodingHHW\Biplane\experiment\transform_snapshots\20260323_084718_588618,LinearTransform,D:\CodingHHW\Biplane\experiment\transform_snapshots\20260323_084718_588618\20260323_084718_588618_1_LinearTransform.h5,1,LinearTransform_1,D:\CodingHHW\Biplane\experiment\transform_snapshots\20260323_084718_588618\20260323_084718_588618_2_LinearTransform_1.h5,1,LinearTransform_2,D:\CodingHHW\Biplane\experiment\transform_snapshots\20260323_084718_588618\20260323_084718_588618_3_LinearTransform_2.h5,1,3,1,0.079770922,0.079770922,4.01E-14,1,1,0.048661595,0.048661595,1.46E-13,1,1,0.048379819,0.048379819,9.42E-14,1,1,0.079511879,0,0,0,0,30,0.041391452,1,0,0,0,30,0.041741,0,1,0,0,30,NA,NA,NA,NA,NA,NA,NA,NA,NA,NA,NA,NA,NA,NA,NA,NA,NA,NA,460.771,428.437,421.027,10.561,581.553,63.427,35.257,3.174,1.761,1.531,0.502,0.832
2026-03-23T08:48:10+08:00,20260323_084810_726373,D:\CodingHHW\Biplane\experiment\experiment_results.csv,Panoramix-cropped,perspective,Current mode: Perspective,1,1,0,1,1,1,86.82,81.34,85.85,0.01,0.03,0,0.01 mm,0.03 px,0.00 mm,testPoint,TargetP3D,blackCenter2,PointGreen,PointRed,PointGreen,testPoint,30,0,1,0,1,-5.621018887,194.5588989,-236.4442749,65.65950544,91.80694955,100.6061922,86.02421572,0,6,10,D:\CodingHHW\Biplane\experiment\transform_snapshots\20260323_084810_726373,LinearTransform,D:\CodingHHW\Biplane\experiment\transform_snapshots\20260323_084810_726373\20260323_084810_726373_1_LinearTransform.h5,1,LinearTransform_1,D:\CodingHHW\Biplane\experiment\transform_snapshots\20260323_084810_726373\20260323_084810_726373_2_LinearTransform_1.h5,1,LinearTransform_2,D:\CodingHHW\Biplane\experiment\transform_snapshots\20260323_084810_726373\20260323_084810_726373_3_LinearTransform_2.h5,1,3,1,0.043925548,0.043925548,7.06E-14,1,1,0.055069477,0.055069477,3.10E-14,1,1,0.071233706,0.071233706,6.08E-14,1,1,0.042382447,1,0,0,0,30,0.053824914,1,1,0,0,30,0.070619392,1,0,0,0,30,NA,NA,NA,NA,NA,NA,NA,NA,NA,NA,NA,NA,NA,NA,NA,NA,NA,NA,461.526,445.943,435.86,10.709,584.307,64.626,35.891,3.174,2.409,1.748,0.51,0.554
2026-03-23T08:48:50+08:00,20260323_084850_658127,D:\CodingHHW\Biplane\experiment\experiment_results.csv,Panoramix-cropped,perspective,Current mode: Perspective,1,1,0,1,1,1,86.82,81.34,85.85,0.04,0,0,0.04 mm,0.00 px,0.00 mm,testPoint,TargetP3D,blackCenter2,PointGreen,PointRed,PointGreen,testPoint,30,0,1,0,1,-5.621018887,194.5588989,-236.4442749,65.65950544,91.80694955,100.6061922,86.02421572,0,6,10,D:\CodingHHW\Biplane\experiment\transform_snapshots\20260323_084850_658127,LinearTransform,D:\CodingHHW\Biplane\experiment\transform_snapshots\20260323_084850_658127\20260323_084850_658127_1_LinearTransform.h5,1,LinearTransform_1,D:\CodingHHW\Biplane\experiment\transform_snapshots\20260323_084850_658127\20260323_084850_658127_2_LinearTransform_1.h5,1,LinearTransform_2,D:\CodingHHW\Biplane\experiment\transform_snapshots\20260323_084850_658127\20260323_084850_658127_3_LinearTransform_2.h5,1,3,1,0.068436758,0.068436758,3.93E-14,0,0,0.065949607,0.065949607,1.24E-13,1,1,0.066513864,0.066513864,7.65E-14,1,1,0.067069938,0,1,0,0,30,0.060103365,0,1,0,0,30,0.065618294,0,0,0,0,30,NA,NA,NA,NA,NA,NA,NA,NA,NA,NA,NA,NA,NA,NA,NA,NA,NA,NA,467.657,424.823,425.191,9.888,578.574,61.19,33.468,3.174,1.739,2.618,0.532,0.582
2026-03-23T08:49:30+08:00,20260323_084930_134763,D:\CodingHHW\Biplane\experiment\experiment_results.csv,Panoramix-cropped,perspective,Current mode: Perspective,1,1,0,1,1,1,86.82,81.34,85.85,0.05,0.13,0,0.05 mm,0.13 px,0.00 mm,testPoint,TargetP3D,blackCenter2,PointGreen,PointRed,PointGreen,testPoint,30,0,1,0,1,-5.621018887,194.5588989,-236.4442749,65.65950544,91.80694955,100.6061922,86.02421572,0,6,10,D:\CodingHHW\Biplane\experiment\transform_snapshots\20260323_084930_134763,LinearTransform,D:\CodingHHW\Biplane\experiment\transform_snapshots\20260323_084930_134763\20260323_084930_134763_1_LinearTransform.h5,1,LinearTransform_1,D:\CodingHHW\Biplane\experiment\transform_snapshots\20260323_084930_134763\20260323_084930_134763_2_LinearTransform_1.h5,1,LinearTransform_2,D:\CodingHHW\Biplane\experiment\transform_snapshots\20260323_084930_134763\20260323_084930_134763_3_LinearTransform_2.h5,1,3,1,0.045640154,0.045640154,1.05E-13,1,1,0.07789155,0.07789155,2.64E-14,0,0,0.071103909,0.071103909,2.64E-13,0,0,0.044915902,0,0,0,0,30,0.073606506,0,1,0,0,30,0.06964446,1,0,0,0,30,NA,NA,NA,NA,NA,NA,NA,NA,NA,NA,NA,NA,NA,NA,NA,NA,NA,NA,487.907,403.972,420.802,10.15,582.706,59.118,30.793,3.174,2.004,1.546,0.609,0.553
2026-03-23T08:51:26+08:00,20260323_085126_741787,D:\CodingHHW\Biplane\experiment\experiment_results.csv,Panoramix-cropped,perspective,Current mode: Perspective,1,1,0,1,1,1,17,22.14,14.7,0.14,0.01,0,0.14 mm,0.01 px,0.00 mm,testPoint,TargetP3D,blackCenter2,PointGreen,PointRed,PointGreen,testPoint,30,0,1,0,1,-5.621018887,194.5588989,-236.4442749,65.65950544,82.74052354,86.83436429,78.41146443,0,6,10,D:\CodingHHW\Biplane\experiment\transform_snapshots\20260323_085126_741787,LinearTransform,D:\CodingHHW\Biplane\experiment\transform_snapshots\20260323_085126_741787\20260323_085126_741787_1_LinearTransform.h5,1,LinearTransform_1,D:\CodingHHW\Biplane\experiment\transform_snapshots\20260323_085126_741787\20260323_085126_741787_2_LinearTransform_1.h5,1,LinearTransform_2,D:\CodingHHW\Biplane\experiment\transform_snapshots\20260323_085126_741787\20260323_085126_741787_3_LinearTransform_2.h5,1,3,1,0.062472981,0.062472981,1.47E-13,1,1,0.060099553,0.060099553,4.14E-14,1,1,0.073672416,0.073672416,4.22E-14,0,0,0.056974476,1,0,0,0,30,0.05961331,0,1,0,0,30,0.068720537,0,0,0,0,30,NA,NA,NA,NA,NA,NA,NA,NA,NA,NA,NA,NA,NA,NA,NA,NA,NA,NA,421.869,426.962,406.864,11.247,561.375,61.27,33.518,3.174,2.142,2.177,0.528,0.501
2026-03-23T08:51:56+08:00,20260323_085156_650662,D:\CodingHHW\Biplane\experiment\experiment_results.csv,Panoramix-cropped,perspective,Current mode: Perspective,1,1,0,1,1,1,17,22.14,14.7,0.97,0.04,0,0.97 mm,0.04 px,0.00 mm,testPoint,TargetP3D,blackCenter2,PointGreen,PointRed,PointGreen,testPoint,30,0,1,0,1,-5.621018887,194.5588989,-236.4442749,65.65950544,82.74052354,86.83436429,78.41146443,0,6,10,D:\CodingHHW\Biplane\experiment\transform_snapshots\20260323_085156_650662,LinearTransform,D:\CodingHHW\Biplane\experiment\transform_snapshots\20260323_085156_650662\20260323_085156_650662_1_LinearTransform.h5,1,LinearTransform_1,D:\CodingHHW\Biplane\experiment\transform_snapshots\20260323_085156_650662\20260323_085156_650662_2_LinearTransform_1.h5,1,LinearTransform_2,D:\CodingHHW\Biplane\experiment\transform_snapshots\20260323_085156_650662\20260323_085156_650662_3_LinearTransform_2.h5,1,3,1,0.04894143,0.04894143,1.94E-14,0,0,0.059686099,0.059686099,1.98E-11,1,1,0.065637749,0.065637749,9.97E-12,1,1,0.046982527,1,1,0,0,30,0.058405064,1,1,0,0,30,0.064451083,1,1,0,0,30,NA,NA,NA,NA,NA,NA,NA,NA,NA,NA,NA,NA,NA,NA,NA,NA,NA,NA,470.262,391.718,434.685,10.032,561.616,60.672,33.723,3.174,2.711,2.216,0.57,0.497
2026-03-23T08:52:29+08:00,20260323_085229_217025,D:\CodingHHW\Biplane\experiment\experiment_results.csv,Panoramix-cropped,perspective,Current mode: Perspective,1,1,0,1,1,1,17,22.14,14.7,0.21,0,0,0.21 mm,0.00 px,0.00 mm,testPoint,TargetP3D,blackCenter2,PointGreen,PointRed,PointGreen,testPoint,30,0,1,0,1,-5.621018887,194.5588989,-236.4442749,65.65950544,82.74052354,86.83436429,78.41146443,0,6,10,D:\CodingHHW\Biplane\experiment\transform_snapshots\20260323_085229_217025,LinearTransform,D:\CodingHHW\Biplane\experiment\transform_snapshots\20260323_085229_217025\20260323_085229_217025_1_LinearTransform.h5,1,LinearTransform_1,D:\CodingHHW\Biplane\experiment\transform_snapshots\20260323_085229_217025\20260323_085229_217025_2_LinearTransform_1.h5,1,LinearTransform_2,D:\CodingHHW\Biplane\experiment\transform_snapshots\20260323_085229_217025\20260323_085229_217025_3_LinearTransform_2.h5,1,3,1,0.038706838,0.038706838,9.73E-14,0,0,0.080515467,0.080515467,4.46E-12,0,0,0.062230872,0.062230872,1.66E-13,1,1,0.036973363,1,0,0,0,30,0.077416152,0,1,0,0,30,0.060444595,1,0,0,0,30,NA,NA,NA,NA,NA,NA,NA,NA,NA,NA,NA,NA,NA,NA,NA,NA,NA,NA,419.626,401.224,420.912,11.03,554.279,61.566,33.101,3.174,2.158,1.615,0.672,0.564
2026-03-23T08:53:06+08:00,20260323_085306_147596,D:\CodingHHW\Biplane\experiment\experiment_results.csv,Panoramix-cropped,perspective,Current mode: Perspective,1,1,0,1,1,1,17,22.14,14.7,0.61,0.03,0,0.61 mm,0.03 px,0.00 mm,testPoint,TargetP3D,blackCenter2,PointGreen,PointRed,PointGreen,testPoint,30,0,1,0,1,-5.621018887,194.5588989,-236.4442749,65.65950544,82.74052354,86.83436429,78.41146443,0,6,10,D:\CodingHHW\Biplane\experiment\transform_snapshots\20260323_085306_147596,LinearTransform,D:\CodingHHW\Biplane\experiment\transform_snapshots\20260323_085306_147596\20260323_085306_147596_1_LinearTransform.h5,1,LinearTransform_1,D:\CodingHHW\Biplane\experiment\transform_snapshots\20260323_085306_147596\20260323_085306_147596_2_LinearTransform_1.h5,1,LinearTransform_2,D:\CodingHHW\Biplane\experiment\transform_snapshots\20260323_085306_147596\20260323_085306_147596_3_LinearTransform_2.h5,1,3,1,0.060195394,0.060195394,5.23E-14,1,1,0.048466308,0.048466308,4.51E-13,1,1,0.036797388,0.036797388,3.77E-14,0,0,0.059483226,1,1,0,0,30,0.045731496,0,1,0,0,30,0.035590976,1,1,0,0,30,NA,NA,NA,NA,NA,NA,NA,NA,NA,NA,NA,NA,NA,NA,NA,NA,NA,NA,483.578,383.248,435.625,10.138,558.025,61.296,34.326,3.174,2.041,1.871,0.665,0.619
2026-03-23T08:53:48+08:00,20260323_085348_477619,D:\CodingHHW\Biplane\experiment\experiment_results.csv,Panoramix-cropped,perspective,Current mode: Perspective,1,1,0,1,1,1,17,22.14,14.7,0.14,0.05,0,0.14 mm,0.05 px,0.00 mm,testPoint,TargetP3D,blackCenter2,PointGreen,PointRed,PointGreen,testPoint,30,0,1,0,1,-5.621018887,194.5588989,-236.4442749,65.65950544,82.74052354,86.83436429,78.41146443,0,6,10,D:\CodingHHW\Biplane\experiment\transform_snapshots\20260323_085348_477619,LinearTransform,D:\CodingHHW\Biplane\experiment\transform_snapshots\20260323_085348_477619\20260323_085348_477619_1_LinearTransform.h5,1,LinearTransform_1,D:\CodingHHW\Biplane\experiment\transform_snapshots\20260323_085348_477619\20260323_085348_477619_2_LinearTransform_1.h5,1,LinearTransform_2,D:\CodingHHW\Biplane\experiment\transform_snapshots\20260323_085348_477619\20260323_085348_477619_3_LinearTransform_2.h5,1,3,1,0.076782784,0.076782784,6.58E-13,1,1,0.052598253,0.052598253,1.82E-13,0,0,0.070519666,0.070519666,2.38E-14,1,1,0.073351705,1,0,0,0,30,0.047911803,1,0,0,0,30,0.069820033,0,0,0,0,30,NA,NA,NA,NA,NA,NA,NA,NA,NA,NA,NA,NA,NA,NA,NA,NA,NA,NA,410.794,464.137,413.625,9.931,557.899,60.791,34.31,3.174,2.436,1.635,0.743,0.589
2026-03-23T08:54:50+08:00,20260323_085450_017728,D:\CodingHHW\Biplane\experiment\experiment_results.csv,Panoramix-cropped,perspective,Current mode: Perspective,1,1,0,1,1,1,17,22.14,14.7,0.19,0.39,0,0.19 mm,0.39 px,0.00 mm,testPoint,TargetP3D,blackCenter2,PointGreen,PointRed,PointGreen,testPoint,30,0,1,0,1,-5.621018887,194.5588989,-236.4442749,65.65950544,82.74052354,86.83436429,78.41146443,0,6,10,D:\CodingHHW\Biplane\experiment\transform_snapshots\20260323_085450_017728,LinearTransform,D:\CodingHHW\Biplane\experiment\transform_snapshots\20260323_085450_017728\20260323_085450_017728_1_LinearTransform.h5,1,LinearTransform_1,D:\CodingHHW\Biplane\experiment\transform_snapshots\20260323_085450_017728\20260323_085450_017728_2_LinearTransform_1.h5,1,LinearTransform_2,D:\CodingHHW\Biplane\experiment\transform_snapshots\20260323_085450_017728\20260323_085450_017728_3_LinearTransform_2.h5,1,3,1,0.070286122,0.070286122,2.02E-14,0,0,0.061595731,0.061595731,2.97E-12,1,1,0.05988994,0.05988994,3.96E-13,1,1,0.070082026,1,0,0,0,30,0.05916637,0,0,0,0,30,0.058781957,0,0,0,0,30,NA,NA,NA,NA,NA,NA,NA,NA,NA,NA,NA,NA,NA,NA,NA,NA,NA,NA,416.063,444.362,361.72,10.459,559.762,59.945,32.998,3.174,1.826,2.107,0.565,0.501
2026-03-23T08:56:19+08:00,20260323_085619_143823,D:\CodingHHW\Biplane\experiment\experiment_results.csv,Panoramix-cropped,orthographic,Current mode: Orthographic,1,0,1,1,1,1,17,22.14,14.7,0.45,0.12,0,0.45 mm,0.12 px,0.00 mm,testPoint,TargetP3D,blackCenter2,PointGreen,PointRed,PointGreen,testPoint,30,1,1,0,1,-5.621018887,194.5588989,-236.4442749,65.65950544,82.74052354,86.83436429,78.41146443,0,6,10,D:\CodingHHW\Biplane\experiment\transform_snapshots\20260323_085619_143823,LinearTransform,D:\CodingHHW\Biplane\experiment\transform_snapshots\20260323_085619_143823\20260323_085619_143823_1_LinearTransform.h5,1,LinearTransform_1,D:\CodingHHW\Biplane\experiment\transform_snapshots\20260323_085619_143823\20260323_085619_143823_2_LinearTransform_1.h5,1,LinearTransform_2,D:\CodingHHW\Biplane\experiment\transform_snapshots\20260323_085619_143823\20260323_085619_143823_3_LinearTransform_2.h5,1,3,1,1.209075346,1.209075346,1.07E-14,0,0,1.458347268,1.458347268,6.51E-13,0,0,1.428557861,1.428557861,2.00E-15,1,1,NA,NA,NA,NA,NA,NA,NA,NA,NA,NA,NA,NA,NA,NA,NA,NA,NA,NA,0.055595182,1,1,0,0,30,0.026040293,0,0,0,0,30,0.038206927,1,1,0,0,30,481.503,545.111,473.121,10.326,523.305,29.86,32.998,3.51,3.042,1.942,1.011,0.617
2026-03-23T08:57:35+08:00,20260323_085735_822196,D:\CodingHHW\Biplane\experiment\experiment_results.csv,Panoramix-cropped,orthographic,Current mode: Orthographic,1,0,1,1,1,1,17,22.14,14.7,0.57,0.03,0,0.57 mm,0.03 px,0.00 mm,testPoint,TargetP3D,blackCenter2,PointGreen,PointRed,PointGreen,testPoint,30,1,1,0,1,-5.621018887,194.5588989,-236.4442749,65.65950544,82.74052354,86.83436429,78.41146443,0,6,10,D:\CodingHHW\Biplane\experiment\transform_snapshots\20260323_085735_822196,LinearTransform,D:\CodingHHW\Biplane\experiment\transform_snapshots\20260323_085735_822196\20260323_085735_822196_1_LinearTransform.h5,1,LinearTransform_1,D:\CodingHHW\Biplane\experiment\transform_snapshots\20260323_085735_822196\20260323_085735_822196_2_LinearTransform_1.h5,1,LinearTransform_2,D:\CodingHHW\Biplane\experiment\transform_snapshots\20260323_085735_822196\20260323_085735_822196_3_LinearTransform_2.h5,1,3,1,1.078804065,1.078804065,8.88E-16,0,0,1.193919414,1.193919414,1.89E-14,0,1,1.150335717,1.150335717,3.77E-15,0,0,NA,NA,NA,NA,NA,NA,NA,NA,NA,NA,NA,NA,NA,NA,NA,NA,NA,NA,0.042141297,1,0,0,0,30,0.054887911,0,1,0,0,30,0.038760756,1,1,0,0,30,490.837,559.59,477.749,9.816,528.468,30.201,32.998,3.035,2.333,2.248,0.681,0.614
2026-03-23T08:58:20+08:00,20260323_085820_030854,D:\CodingHHW\Biplane\experiment\experiment_results.csv,Panoramix-cropped,orthographic,Current mode: Orthographic,1,0,1,1,1,1,17,22.14,14.7,0.48,0.08,0,0.48 mm,0.08 px,0.00 mm,testPoint,TargetP3D,blackCenter2,PointGreen,PointRed,PointGreen,testPoint,30,1,1,0,1,-5.621018887,194.5588989,-236.4442749,65.65950544,82.74052354,86.83436429,78.41146443,0,6,10,D:\CodingHHW\Biplane\experiment\transform_snapshots\20260323_085820_030854,LinearTransform,D:\CodingHHW\Biplane\experiment\transform_snapshots\20260323_085820_030854\20260323_085820_030854_1_LinearTransform.h5,1,LinearTransform_1,D:\CodingHHW\Biplane\experiment\transform_snapshots\20260323_085820_030854\20260323_085820_030854_2_LinearTransform_1.h5,1,LinearTransform_2,D:\CodingHHW\Biplane\experiment\transform_snapshots\20260323_085820_030854\20260323_085820_030854_3_LinearTransform_2.h5,1,3,1,1.099007572,1.099007572,2.53E-14,1,0,1.260891797,1.260891797,2.37E-13,0,0,1.149170459,1.149170459,4.13E-14,1,1,NA,NA,NA,NA,NA,NA,NA,NA,NA,NA,NA,NA,NA,NA,NA,NA,NA,NA,0.0368697,0,0,0,0,30,0.037776174,1,1,0,0,30,0.031397898,1,1,0,0,30,483.337,487.572,470.795,9.972,529.311,29.396,32.998,3.384,2.174,1.746,0.529,0.514
2026-03-23T09:17:53+08:00,20260323_091753_502643,D:\CodingHHW\Biplane\experiment\experiment_results.csv,Panoramix-cropped,orthographic,Current mode: Orthographic,1,0,1,1,1,1,17,22.14,14.7,0.73,0.23,0,0.73 mm,0.23 px,0.00 mm,testPoint,TargetP3D,blackCenter2,PointGreen,PointRed,PointGreen,testPoint,30,1,1,0,1,-5.621018887,194.5588989,-236.4442749,65.65950547,82.74052357,86.83436432,78.41146445,0,6,10,D:\CodingHHW\Biplane\experiment\transform_snapshots\20260323_091753_502643,LinearTransform,D:\CodingHHW\Biplane\experiment\transform_snapshots\20260323_091753_502643\20260323_091753_502643_1_LinearTransform.h5,1,LinearTransform_1,D:\CodingHHW\Biplane\experiment\transform_snapshots\20260323_091753_502643\20260323_091753_502643_2_LinearTransform_1.h5,1,LinearTransform_2,D:\CodingHHW\Biplane\experiment\transform_snapshots\20260323_091753_502643\20260323_091753_502643_3_LinearTransform_2.h5,1,3,1,1.15537219,1.15537219,3.93E-14,0,0,1.245727947,1.245727947,2.22E-15,0,0,1.147514939,1.147514939,5.48E-13,1,1,NA,NA,NA,NA,NA,NA,NA,NA,NA,NA,NA,NA,NA,NA,NA,NA,NA,NA,0.048882853,1,0,0,0,30,0.056874897,1,1,0,0,30,0.082234845,0,1,0,0,30,500.225,555.74,433.789,106.322,895.565,196.594,NA,3.238,14.069,72.42,0.728,0.939
2026-03-23T09:18:30+08:00,20260323_091830_316248,D:\CodingHHW\Biplane\experiment\experiment_results.csv,Panoramix-cropped,orthographic,Current mode: Orthographic,1,0,1,1,1,1,17,22.14,14.7,0.33,0.07,0,0.33 mm,0.07 px,0.00 mm,testPoint,TargetP3D,blackCenter2,PointGreen,PointRed,PointGreen,testPoint,30,1,1,0,1,-5.621018887,194.5588989,-236.4442749,65.65950547,82.74052357,86.83436432,78.41146445,0,6,10,D:\CodingHHW\Biplane\experiment\transform_snapshots\20260323_091830_316248,LinearTransform,D:\CodingHHW\Biplane\experiment\transform_snapshots\20260323_091830_316248\20260323_091830_316248_1_LinearTransform.h5,1,LinearTransform_1,D:\CodingHHW\Biplane\experiment\transform_snapshots\20260323_091830_316248\20260323_091830_316248_2_LinearTransform_1.h5,1,LinearTransform_2,D:\CodingHHW\Biplane\experiment\transform_snapshots\20260323_091830_316248\20260323_091830_316248_3_LinearTransform_2.h5,1,3,1,1.10462169,1.10462169,5.33E-15,1,1,1.281090102,1.281090102,2.55E-14,1,1,1.160171276,1.160171276,5.35E-13,1,1,NA,NA,NA,NA,NA,NA,NA,NA,NA,NA,NA,NA,NA,NA,NA,NA,NA,NA,0.065873932,1,0,0,0,30,0.071445949,1,0,0,0,30,0.032760649,1,0,0,0,30,491.38,481.77,577.913,9.997,526.807,29.574,NA,3.035,2.319,2.526,0.661,0.603
2026-03-23T09:18:53+08:00,20260323_091853_209331,D:\CodingHHW\Biplane\experiment\experiment_results.csv,Panoramix-cropped,orthographic,Current mode: Orthographic,1,0,1,1,1,1,17,22.14,14.7,0.44,0.32,0,0.44 mm,0.32 px,0.00 mm,testPoint,TargetP3D,blackCenter2,PointGreen,PointRed,PointGreen,testPoint,30,1,1,0,1,-5.621018887,194.5588989,-236.4442749,65.65950547,82.74052357,86.83436432,78.41146445,0,6,10,D:\CodingHHW\Biplane\experiment\transform_snapshots\20260323_091853_209331,LinearTransform,D:\CodingHHW\Biplane\experiment\transform_snapshots\20260323_091853_209331\20260323_091853_209331_1_LinearTransform.h5,1,LinearTransform_1,D:\CodingHHW\Biplane\experiment\transform_snapshots\20260323_091853_209331\20260323_091853_209331_2_LinearTransform_1.h5,1,LinearTransform_2,D:\CodingHHW\Biplane\experiment\transform_snapshots\20260323_091853_209331\20260323_091853_209331_3_LinearTransform_2.h5,1,3,1,1.218179651,1.218179651,1.13E-13,1,1,1.238455758,1.238455758,8.62E-14,0,0,1.178154627,1.178154627,3.20E-14,1,1,NA,NA,NA,NA,NA,NA,NA,NA,NA,NA,NA,NA,NA,NA,NA,NA,NA,NA,0.039147473,0,0,0,0,30,0.0438422,0,1,0,0,30,0.046630445,0,0,0,0,30,528.821,481.118,463.137,10.605,532.239,30.046,NA,2.813,1.829,1.911,0.917,0.657
2026-03-23T09:01:20+08:00,20260323_090120_209440,D:\CodingHHW\Biplane\experiment\experiment_results.csv,Panoramix-cropped,orthographic,Current mode: Orthographic,1,0,1,1,1,1,17,22.14,14.7,0.55,0.37,0,0.55 mm,0.37 px,0.00 mm,testPoint,TargetP3D,blackCenter2,PointGreen,PointRed,PointGreen,testPoint,30,1,1,0,1,-133.5579071,141.5448456,-50.16531372,274.670912,272.9741485,299.6180793,282.4210466,0,6,10,D:\CodingHHW\Biplane\experiment\transform_snapshots\20260323_090120_209440,LinearTransform,D:\CodingHHW\Biplane\experiment\transform_snapshots\20260323_090120_209440\20260323_090120_209440_1_LinearTransform.h5,1,LinearTransform_1,D:\CodingHHW\Biplane\experiment\transform_snapshots\20260323_090120_209440\20260323_090120_209440_2_LinearTransform_1.h5,1,LinearTransform_2,D:\CodingHHW\Biplane\experiment\transform_snapshots\20260323_090120_209440\20260323_090120_209440_3_LinearTransform_2.h5,1,3,1,1.037256535,1.037256535,6.95E-14,1,1,1.134778541,1.134778541,5.22E-14,0,0,1.267037553,1.267037553,5.08E-14,1,1,NA,NA,NA,NA,NA,NA,NA,NA,NA,NA,NA,NA,NA,NA,NA,NA,NA,NA,0.045495966,0,1,0,0,30,0.029436179,0,1,0,0,30,0.052298906,1,0,0,0,30,493.367,503.293,472.636,10.679,521.91,30.099,32.998,3.422,1.867,1.818,0.872,0.693
2026-03-23T09:01:46+08:00,20260323_090146_437824,D:\CodingHHW\Biplane\experiment\experiment_results.csv,Panoramix-cropped,orthographic,Current mode: Orthographic,1,0,1,1,1,1,17,22.14,14.7,0.49,0.21,0,0.49 mm,0.21 px,0.00 mm,testPoint,TargetP3D,blackCenter2,PointGreen,PointRed,PointGreen,testPoint,30,1,1,0,1,-133.5579071,141.5448456,-50.16531372,274.670912,272.9741485,299.6180793,282.4210466,0,6,10,D:\CodingHHW\Biplane\experiment\transform_snapshots\20260323_090146_437824,LinearTransform,D:\CodingHHW\Biplane\experiment\transform_snapshots\20260323_090146_437824\20260323_090146_437824_1_LinearTransform.h5,1,LinearTransform_1,D:\CodingHHW\Biplane\experiment\transform_snapshots\20260323_090146_437824\20260323_090146_437824_2_LinearTransform_1.h5,1,LinearTransform_2,D:\CodingHHW\Biplane\experiment\transform_snapshots\20260323_090146_437824\20260323_090146_437824_3_LinearTransform_2.h5,1,3,1,1.086425836,1.086425836,2.18E-14,0,0,1.134059361,1.134059361,3.77E-15,0,1,1.320203721,1.320203721,8.88E-14,0,1,NA,NA,NA,NA,NA,NA,NA,NA,NA,NA,NA,NA,NA,NA,NA,NA,NA,NA,0.035964466,1,1,0,0,30,0.029510144,0,0,0,0,30,0.061064248,1,1,0,0,30,498.623,483.801,527.982,10.499,525.034,29.669,32.998,2.99,2.296,1.703,0.74,0.497
2026-03-23T09:02:14+08:00,20260323_090214_306759,D:\CodingHHW\Biplane\experiment\experiment_results.csv,Panoramix-cropped,orthographic,Current mode: Orthographic,1,0,1,1,1,1,17,22.14,14.7,0.89,0.12,0,0.89 mm,0.12 px,0.00 mm,testPoint,TargetP3D,blackCenter2,PointGreen,PointRed,PointGreen,testPoint,30,1,1,0,1,-133.5579071,141.5448456,-50.16531372,274.670912,272.9741485,299.6180793,282.4210466,0,6,10,D:\CodingHHW\Biplane\experiment\transform_snapshots\20260323_090214_306759,LinearTransform,D:\CodingHHW\Biplane\experiment\transform_snapshots\20260323_090214_306759\20260323_090214_306759_1_LinearTransform.h5,1,LinearTransform_1,D:\CodingHHW\Biplane\experiment\transform_snapshots\20260323_090214_306759\20260323_090214_306759_2_LinearTransform_1.h5,1,LinearTransform_2,D:\CodingHHW\Biplane\experiment\transform_snapshots\20260323_090214_306759\20260323_090214_306759_3_LinearTransform_2.h5,1,3,1,1.281519348,1.281519348,9.77E-15,1,1,1.13202105,1.13202105,3.86E-14,1,1,1.327485773,1.327485773,7.53E-14,0,0,NA,NA,NA,NA,NA,NA,NA,NA,NA,NA,NA,NA,NA,NA,NA,NA,NA,NA,0.039016145,0,0,0,0,30,0.046587354,1,0,0,0,30,0.044981115,0,0,0,0,30,497.73,482.963,479.986,10.283,514.879,29.049,32.998,2.719,1.662,1.772,0.57,0.498
2026-03-23T09:02:46+08:00,20260323_090246_489071,D:\CodingHHW\Biplane\experiment\experiment_results.csv,Panoramix-cropped,orthographic,Current mode: Orthographic,1,0,1,1,1,1,17,22.14,14.7,0.18,0.52,0,0.18 mm,0.52 px,0.00 mm,testPoint,TargetP3D,blackCenter2,PointGreen,PointRed,PointGreen,testPoint,30,1,1,0,1,-133.5579071,141.5448456,-50.16531372,274.670912,272.9741485,299.6180793,282.4210466,0,6,10,D:\CodingHHW\Biplane\experiment\transform_snapshots\20260323_090246_489071,LinearTransform,D:\CodingHHW\Biplane\experiment\transform_snapshots\20260323_090246_489071\20260323_090246_489071_1_LinearTransform.h5,1,LinearTransform_1,D:\CodingHHW\Biplane\experiment\transform_snapshots\20260323_090246_489071\20260323_090246_489071_2_LinearTransform_1.h5,1,LinearTransform_2,D:\CodingHHW\Biplane\experiment\transform_snapshots\20260323_090246_489071\20260323_090246_489071_3_LinearTransform_2.h5,1,3,1,1.100911457,1.100911457,3.71E-14,0,0,1.157880566,1.157880566,3.40E-14,1,1,1.247251845,1.247251845,5.62E-14,1,1,NA,NA,NA,NA,NA,NA,NA,NA,NA,NA,NA,NA,NA,NA,NA,NA,NA,NA,0.043966853,1,1,0,0,30,0.05563229,0,0,0,0,30,0.046227216,1,0,0,0,30,478.797,505.407,469.799,9.78,523.416,29.903,32.998,2.916,1.891,1.6,0.582,0.528
2026-03-23T09:06:26+08:00,20260323_090626_988311,D:\CodingHHW\Biplane\experiment\experiment_results.csv,Panoramix-cropped,orthographic,Current mode: Orthographic,1,0,1,1,1,1,17,22.14,14.7,0.14,0.18,0,0.14 mm,0.18 px,0.00 mm,testPoint,TargetP3D,blackCenter2,PointGreen,PointRed,PointGreen,testPoint,30,1,1,0,1,-133.5579071,141.5448456,-50.16531372,274.670912,272.9741485,299.6180793,282.4210466,0,6,10,D:\CodingHHW\Biplane\experiment\transform_snapshots\20260323_090626_988311,LinearTransform,D:\CodingHHW\Biplane\experiment\transform_snapshots\20260323_090626_988311\20260323_090626_988311_1_LinearTransform.h5,1,LinearTransform_1,D:\CodingHHW\Biplane\experiment\transform_snapshots\20260323_090626_988311\20260323_090626_988311_2_LinearTransform_1.h5,1,LinearTransform_2,D:\CodingHHW\Biplane\experiment\transform_snapshots\20260323_090626_988311\20260323_090626_988311_3_LinearTransform_2.h5,1,3,1,1.102031618,1.102031618,9.33E-15,0,0,1.238717581,1.238717581,4.97E-14,0,0,1.207226003,1.207226003,5.73E-14,0,0,NA,NA,NA,NA,NA,NA,NA,NA,NA,NA,NA,NA,NA,NA,NA,NA,NA,NA,0.05183312,0,0,0,0,30,0.071522133,0,1,0,0,30,0.032814289,0,1,0,0,30,549.545,564.015,482.239,13.076,529.12,30.256,32.998,3.378,1.664,1.635,0.709,0.548
2026-03-23T09:07:05+08:00,20260323_090705_875081,D:\CodingHHW\Biplane\experiment\experiment_results.csv,Panoramix-cropped,orthographic,Current mode: Orthographic,1,0,1,1,1,1,17,22.14,14.7,0.54,0.34,0,0.54 mm,0.34 px,0.00 mm,testPoint,TargetP3D,blackCenter2,PointGreen,PointRed,PointGreen,testPoint,30,1,1,0,1,-133.5579071,141.5448456,-50.16531372,274.670912,272.9741485,299.6180793,282.4210466,0,6,10,D:\CodingHHW\Biplane\experiment\transform_snapshots\20260323_090705_875081,LinearTransform,D:\CodingHHW\Biplane\experiment\transform_snapshots\20260323_090705_875081\20260323_090705_875081_1_LinearTransform.h5,1,LinearTransform_1,D:\CodingHHW\Biplane\experiment\transform_snapshots\20260323_090705_875081\20260323_090705_875081_2_LinearTransform_1.h5,1,LinearTransform_2,D:\CodingHHW\Biplane\experiment\transform_snapshots\20260323_090705_875081\20260323_090705_875081_3_LinearTransform_2.h5,1,3,1,1.275222017,1.275222017,2.84E-14,0,0,1.250936577,1.250936577,7.26E-14,0,0,0.934119758,0.934119758,5.31E-13,0,0,NA,NA,NA,NA,NA,NA,NA,NA,NA,NA,NA,NA,NA,NA,NA,NA,NA,NA,0.04852788,1,1,0,0,30,0.051060387,0,0,0,0,30,0.074384923,0,0,0,0,30,502.788,486.863,452.14,9.834,529.739,29.63,32.998,3.169,1.67,1.62,0.584,0.534
2026-03-23T09:08:50+08:00,20260323_090850_059817,D:\CodingHHW\Biplane\experiment\experiment_results.csv,Panoramix-cropped,perspective,Current mode: Perspective,1,1,0,1,1,1,17,22.14,14.7,0.23,0,0,0.23 mm,0.00 px,0.00 mm,testPoint,TargetP3D,blackCenter2,PointGreen,PointRed,PointGreen,testPoint,30,0,1,1,1,-133.5579071,141.5448456,-50.16531372,274.670912,272.9741485,299.6180793,282.4210466,0,6,10,D:\CodingHHW\Biplane\experiment\transform_snapshots\20260323_090850_059817,LinearTransform,D:\CodingHHW\Biplane\experiment\transform_snapshots\20260323_090850_059817\20260323_090850_059817_1_LinearTransform.h5,1,LinearTransform_1,D:\CodingHHW\Biplane\experiment\transform_snapshots\20260323_090850_059817\20260323_090850_059817_2_LinearTransform_1.h5,1,LinearTransform_2,D:\CodingHHW\Biplane\experiment\transform_snapshots\20260323_090850_059817\20260323_090850_059817_3_LinearTransform_2.h5,1,3,1,0.050473951,0.050473951,7.32E-14,0,0,0.050102233,0.050102233,3.82E-14,0,0,0.055051725,0.055051725,2.13E-13,1,1,0.049965524,0,0,0,0,30,0.047350791,0,1,0,0,30,0.050967216,1,1,0,0,30,NA,NA,NA,NA,NA,NA,NA,NA,NA,NA,NA,NA,NA,NA,NA,NA,NA,NA,429.773,484.186,339.478,10.47,557.474,61.641,34.063,3.169,1.933,1.602,0.687,0.474
2026-03-23T09:09:17+08:00,20260323_090917_681987,D:\CodingHHW\Biplane\experiment\experiment_results.csv,Panoramix-cropped,perspective,Current mode: Perspective,1,1,0,1,1,1,17,22.14,14.7,0.41,0.12,0,0.41 mm,0.12 px,0.00 mm,testPoint,TargetP3D,blackCenter2,PointGreen,PointRed,PointGreen,testPoint,30,0,1,0,1,-133.5579071,141.5448456,-50.16531372,274.670912,272.9741485,299.6180793,282.4210466,0,6,10,D:\CodingHHW\Biplane\experiment\transform_snapshots\20260323_090917_681987,LinearTransform,D:\CodingHHW\Biplane\experiment\transform_snapshots\20260323_090917_681987\20260323_090917_681987_1_LinearTransform.h5,1,LinearTransform_1,D:\CodingHHW\Biplane\experiment\transform_snapshots\20260323_090917_681987\20260323_090917_681987_2_LinearTransform_1.h5,1,LinearTransform_2,D:\CodingHHW\Biplane\experiment\transform_snapshots\20260323_090917_681987\20260323_090917_681987_3_LinearTransform_2.h5,1,3,1,0.064676035,0.064676035,2.26E-12,0,0,0.065343056,0.065343056,1.16E-12,1,1,0.069833391,0.069833391,1.01E-12,1,1,0.059404386,0,0,0,0,30,0.052736894,1,1,0,0,30,0.068451829,1,0,0,0,30,NA,NA,NA,NA,NA,NA,NA,NA,NA,NA,NA,NA,NA,NA,NA,NA,NA,NA,408.048,436.721,391.675,10.764,557.287,61.248,33.907,3.169,1.771,1.934,0.698,0.492
2026-03-23T09:09:46+08:00,20260323_090946_688887,D:\CodingHHW\Biplane\experiment\experiment_results.csv,Panoramix-cropped,perspective,Current mode: Perspective,1,1,0,1,1,1,17,22.14,14.7,0.81,0.61,0,0.81 mm,0.61 px,0.00 mm,testPoint,TargetP3D,blackCenter2,PointGreen,PointRed,PointGreen,testPoint,30,0,1,0,1,-133.5579071,141.5448456,-50.16531372,274.670912,272.9741485,299.6180793,282.4210466,0,6,10,D:\CodingHHW\Biplane\experiment\transform_snapshots\20260323_090946_688887,LinearTransform,D:\CodingHHW\Biplane\experiment\transform_snapshots\20260323_090946_688887\20260323_090946_688887_1_LinearTransform.h5,1,LinearTransform_1,D:\CodingHHW\Biplane\experiment\transform_snapshots\20260323_090946_688887\20260323_090946_688887_2_LinearTransform_1.h5,1,LinearTransform_2,D:\CodingHHW\Biplane\experiment\transform_snapshots\20260323_090946_688887\20260323_090946_688887_3_LinearTransform_2.h5,1,3,1,0.091699266,0.091699266,1.46E-12,0,0,0.045081619,0.045081619,2.63E-14,1,1,0.062984571,0.062984571,3.18E-15,0,0,0.089750366,1,1,0,0,30,0.044021703,0,1,0,0,30,0.058929135,0,0,0,0,30,NA,NA,NA,NA,NA,NA,NA,NA,NA,NA,NA,NA,NA,NA,NA,NA,NA,NA,430.19,447.296,378.285,10.315,556.674,60.213,33.115,3.169,1.913,1.692,0.553,0.812
2026-03-23T09:10:14+08:00,20260323_091014_551999,D:\CodingHHW\Biplane\experiment\experiment_results.csv,Panoramix-cropped,perspective,Current mode: Perspective,1,1,0,1,1,1,17,22.14,14.7,0.14,0.06,0,0.14 mm,0.06 px,0.00 mm,testPoint,TargetP3D,blackCenter2,PointGreen,PointRed,PointGreen,testPoint,30,0,1,0,1,-133.5579071,141.5448456,-50.16531372,274.670912,272.9741485,299.6180793,282.4210466,0,6,10,D:\CodingHHW\Biplane\experiment\transform_snapshots\20260323_091014_551999,LinearTransform,D:\CodingHHW\Biplane\experiment\transform_snapshots\20260323_091014_551999\20260323_091014_551999_1_LinearTransform.h5,1,LinearTransform_1,D:\CodingHHW\Biplane\experiment\transform_snapshots\20260323_091014_551999\20260323_091014_551999_2_LinearTransform_1.h5,1,LinearTransform_2,D:\CodingHHW\Biplane\experiment\transform_snapshots\20260323_091014_551999\20260323_091014_551999_3_LinearTransform_2.h5,1,3,1,0.089335592,0.089335592,1.73E-13,0,0,0.058621565,0.058621565,9.22E-14,1,1,0.062849716,0.062849716,8.52E-14,0,0,0.07151542,0,1,0,0,30,0.058250664,0,0,0,0,30,0.061398469,0,0,0,0,30,NA,NA,NA,NA,NA,NA,NA,NA,NA,NA,NA,NA,NA,NA,NA,NA,NA,NA,421.187,428.827,376.282,9.652,551.076,62.429,35.092,3.169,1.921,1.694,0.65,0.499
2026-03-23T09:10:47+08:00,20260323_091047_499081,D:\CodingHHW\Biplane\experiment\experiment_results.csv,Panoramix-cropped,perspective,Current mode: Perspective,1,1,0,1,1,1,17,22.14,14.7,0.99,0.43,0,0.99 mm,0.43 px,0.00 mm,testPoint,TargetP3D,blackCenter2,PointGreen,PointRed,PointGreen,testPoint,30,0,1,0,1,-133.5579071,141.5448456,-50.16531372,274.670912,272.9741485,299.6180793,282.4210466,0,6,10,D:\CodingHHW\Biplane\experiment\transform_snapshots\20260323_091047_499081,LinearTransform,D:\CodingHHW\Biplane\experiment\transform_snapshots\20260323_091047_499081\20260323_091047_499081_1_LinearTransform.h5,1,LinearTransform_1,D:\CodingHHW\Biplane\experiment\transform_snapshots\20260323_091047_499081\20260323_091047_499081_2_LinearTransform_1.h5,1,LinearTransform_2,D:\CodingHHW\Biplane\experiment\transform_snapshots\20260323_091047_499081\20260323_091047_499081_3_LinearTransform_2.h5,1,3,1,0.045659334,0.045659334,1.20E-13,0,0,0.056837144,0.056837144,5.75E-14,1,1,0.06099485,0.06099485,3.54E-13,1,1,0.04321841,0,1,0,0,30,0.050898672,0,0,0,0,30,0.059589492,1,1,0,0,30,NA,NA,NA,NA,NA,NA,NA,NA,NA,NA,NA,NA,NA,NA,NA,NA,NA,NA,441.312,439.176,385.9,9.636,552.546,58.148,31.513,3.169,1.767,1.803,0.53,0.593
2026-03-23T09:11:14+08:00,20260323_091114_578691,D:\CodingHHW\Biplane\experiment\experiment_results.csv,Panoramix-cropped,perspective,Current mode: Perspective,1,1,0,1,1,1,17,22.14,14.7,0.12,0.37,0,0.12 mm,0.37 px,0.00 mm,testPoint,TargetP3D,blackCenter2,PointGreen,PointRed,PointGreen,testPoint,30,0,1,0,1,-133.5579071,141.5448456,-50.16531372,274.670912,272.9741485,299.6180793,282.4210466,0,6,10,D:\CodingHHW\Biplane\experiment\transform_snapshots\20260323_091114_578691,LinearTransform,D:\CodingHHW\Biplane\experiment\transform_snapshots\20260323_091114_578691\20260323_091114_578691_1_LinearTransform.h5,1,LinearTransform_1,D:\CodingHHW\Biplane\experiment\transform_snapshots\20260323_091114_578691\20260323_091114_578691_2_LinearTransform_1.h5,1,LinearTransform_2,D:\CodingHHW\Biplane\experiment\transform_snapshots\20260323_091114_578691\20260323_091114_578691_3_LinearTransform_2.h5,1,3,1,0.068193446,0.068193446,4.51E-13,1,1,0.061119983,0.061119983,2.08E-12,1,1,0.068117899,0.068117899,1.47E-12,1,1,0.067620286,0,1,0,0,30,0.059448269,1,0,0,0,30,0.06775374,1,1,0,0,30,NA,NA,NA,NA,NA,NA,NA,NA,NA,NA,NA,NA,NA,NA,NA,NA,NA,NA,479.728,445.906,420.301,10.725,555.658,61.107,33.754,3.169,1.72,1.715,0.516,0.545
2026-03-23T09:12:21+08:00,20260323_091221_061893,D:\CodingHHW\Biplane\experiment\experiment_results.csv,Panoramix-cropped,perspective,Current mode: Perspective,1,1,0,1,1,1,17,22.14,14.7,0.69,0.52,0,0.69 mm,0.52 px,0.00 mm,testPoint,TargetP3D,blackCenter2,PointGreen,PointRed,PointGreen,testPoint,30,0,1,0,1,-133.5579071,141.5448456,-50.16531372,274.670912,272.9741485,299.6180793,282.4210466,0,6,10,D:\CodingHHW\Biplane\experiment\transform_snapshots\20260323_091221_061893,LinearTransform,D:\CodingHHW\Biplane\experiment\transform_snapshots\20260323_091221_061893\20260323_091221_061893_1_LinearTransform.h5,1,LinearTransform_1,D:\CodingHHW\Biplane\experiment\transform_snapshots\20260323_091221_061893\20260323_091221_061893_2_LinearTransform_1.h5,1,LinearTransform_2,D:\CodingHHW\Biplane\experiment\transform_snapshots\20260323_091221_061893\20260323_091221_061893_3_LinearTransform_2.h5,1,3,1,0.055923017,0.055923017,3.10E-14,0,0,0.065749731,0.065749731,6.11E-14,1,1,0.05079096,0.05079096,1.89E-14,0,0,0.054276653,0,1,0,0,30,0.063698986,1,0,0,0,30,0.050602359,1,0,0,0,30,NA,NA,NA,NA,NA,NA,NA,NA,NA,NA,NA,NA,NA,NA,NA,NA,NA,NA,386.062,424.941,371.524,9.864,559.592,62.9,34.858,3.169,1.742,1.848,0.798,0.538
2026-03-23T09:29:04+08:00,20260323_092904_546811,D:\CodingHHW\Biplane\experiment\experiment_results.csv,Panoramix-cropped,orthographic,Current mode: Orthographic,1,0,1,1,1,1,35.41,57.49,56.59,0.06,0.16,0,0.06 mm,0.16 px,0.00 mm,testPoint,TargetP3D,blackCenter2,PointGreen,PointRed,PointGreen,testPoint,30,1,1,0,1,-133.558,141.545,-50.16531372,274.6708926,277.8473703,305.8555727,286.1246119,0,6,10,D:\CodingHHW\Biplane\experiment\transform_snapshots\20260323_092904_546811,LinearTransform,D:\CodingHHW\Biplane\experiment\transform_snapshots\20260323_092904_546811\20260323_092904_546811_1_LinearTransform.h5,1,LinearTransform_1,D:\CodingHHW\Biplane\experiment\transform_snapshots\20260323_092904_546811\20260323_092904_546811_2_LinearTransform_1.h5,1,LinearTransform_2,D:\CodingHHW\Biplane\experiment\transform_snapshots\20260323_092904_546811\20260323_092904_546811_3_LinearTransform_2.h5,1,3,1,1.143414382,1.143414382,1.93E-14,0,0,1.509544367,1.509544367,1.49E-14,0,0,1.25672478,1.25672478,4.87E-13,1,1,NA,NA,NA,NA,NA,NA,NA,NA,NA,NA,NA,NA,NA,NA,NA,NA,NA,NA,0.061708922,1,0,0,0,30,0.073833065,0,0,0,0,30,0.035953108,1,1,0,0,30,525.207,525.742,415.918,10.249,520.711,29.594,NA,3.035,2.892,2.048,0.512,0.668
2026-03-23T09:29:38+08:00,20260323_092938_476740,D:\CodingHHW\Biplane\experiment\experiment_results.csv,Panoramix-cropped,orthographic,Current mode: Orthographic,1,0,1,1,1,1,35.41,57.49,56.59,0.27,0.27,0,0.27 mm,0.27 px,0.00 mm,testPoint,TargetP3D,blackCenter2,PointGreen,PointRed,PointGreen,testPoint,30,1,1,0,1,-133.558,141.545,-50.16531372,274.6708926,277.8473703,305.8555727,286.1246119,0,6,10,D:\CodingHHW\Biplane\experiment\transform_snapshots\20260323_092938_476740,LinearTransform,D:\CodingHHW\Biplane\experiment\transform_snapshots\20260323_092938_476740\20260323_092938_476740_1_LinearTransform.h5,1,LinearTransform_1,D:\CodingHHW\Biplane\experiment\transform_snapshots\20260323_092938_476740\20260323_092938_476740_2_LinearTransform_1.h5,1,LinearTransform_2,D:\CodingHHW\Biplane\experiment\transform_snapshots\20260323_092938_476740\20260323_092938_476740_3_LinearTransform_2.h5,1,3,1,1.14420818,1.14420818,3.02E-14,0,0,1.562293599,1.562293599,1.03E-13,0,0,1.241873991,1.241873991,7.82E-14,0,0,NA,NA,NA,NA,NA,NA,NA,NA,NA,NA,NA,NA,NA,NA,NA,NA,NA,NA,0.051788688,1,1,0,0,30,0.058277339,0,0,0,0,30,0.053419387,1,1,0,0,30,513.04,540.151,446.953,10.228,521.649,29.713,NA,3.228,3.212,2.448,0.525,0.548
2026-03-23T09:30:11+08:00,20260323_093011_834786,D:\CodingHHW\Biplane\experiment\experiment_results.csv,Panoramix-cropped,orthographic,Current mode: Orthographic,1,0,1,1,1,1,35.41,57.49,56.59,0.45,0.21,0,0.45 mm,0.21 px,0.00 mm,testPoint,TargetP3D,blackCenter2,PointGreen,PointRed,PointGreen,testPoint,30,1,1,0,1,-133.558,141.545,-50.16531372,274.6708926,277.8473703,305.8555727,286.1246119,0,6,10,D:\CodingHHW\Biplane\experiment\transform_snapshots\20260323_093011_834786,LinearTransform,D:\CodingHHW\Biplane\experiment\transform_snapshots\20260323_093011_834786\20260323_093011_834786_1_LinearTransform.h5,1,LinearTransform_1,D:\CodingHHW\Biplane\experiment\transform_snapshots\20260323_093011_834786\20260323_093011_834786_2_LinearTransform_1.h5,1,LinearTransform_2,D:\CodingHHW\Biplane\experiment\transform_snapshots\20260323_093011_834786\20260323_093011_834786_3_LinearTransform_2.h5,1,3,1,1.313395057,1.313395057,1.09E-14,1,1,1.642712486,1.642712486,1.25E-13,0,0,1.20377469,1.20377469,4.55E-13,1,1,NA,NA,NA,NA,NA,NA,NA,NA,NA,NA,NA,NA,NA,NA,NA,NA,NA,NA,0.073666067,1,1,0,0,30,0.049539241,0,1,0,0,30,0.0698259,1,1,0,0,30,517.023,464.468,446.119,9.951,520.519,28.826,NA,3.062,3.334,2.54,0.608,0.575
2026-03-23T09:30:42+08:00,20260323_093042_596205,D:\CodingHHW\Biplane\experiment\experiment_results.csv,Panoramix-cropped,orthographic,Current mode: Orthographic,1,0,1,1,1,1,35.41,57.49,56.59,0.46,0.15,0,0.46 mm,0.15 px,0.00 mm,testPoint,TargetP3D,blackCenter2,PointGreen,PointRed,PointGreen,testPoint,30,1,1,0,1,-133.558,141.545,-50.16531372,274.6708926,277.8473703,305.8555727,286.1246119,0,6,10,D:\CodingHHW\Biplane\experiment\transform_snapshots\20260323_093042_596205,LinearTransform,D:\CodingHHW\Biplane\experiment\transform_snapshots\20260323_093042_596205\20260323_093042_596205_1_LinearTransform.h5,1,LinearTransform_1,D:\CodingHHW\Biplane\experiment\transform_snapshots\20260323_093042_596205\20260323_093042_596205_2_LinearTransform_1.h5,1,LinearTransform_2,D:\CodingHHW\Biplane\experiment\transform_snapshots\20260323_093042_596205\20260323_093042_596205_3_LinearTransform_2.h5,1,3,1,1.16347006,1.16347006,9.46E-13,1,1,1.191405773,1.191405773,2.89E-15,0,0,1.150952333,1.150952333,1.92E-12,0,0,NA,NA,NA,NA,NA,NA,NA,NA,NA,NA,NA,NA,NA,NA,NA,NA,NA,NA,0.046724348,0,0,0,0,30,0.040550424,1,1,0,0,30,0.045984071,0,0,0,0,30,497.368,449.122,402.476,10.533,522.286,29.914,NA,3.343,3.534,2.203,0.571,0.499
2026-03-23T09:31:15+08:00,20260323_093115_993029,D:\CodingHHW\Biplane\experiment\experiment_results.csv,Panoramix-cropped,orthographic,Current mode: Orthographic,1,0,1,1,1,1,35.41,57.49,56.59,0.17,0.22,0,0.17 mm,0.22 px,0.00 mm,testPoint,TargetP3D,blackCenter2,PointGreen,PointRed,PointGreen,testPoint,30,1,1,0,1,-133.558,141.545,-50.16531372,274.6708926,277.8473703,305.8555727,286.1246119,0,6,10,D:\CodingHHW\Biplane\experiment\transform_snapshots\20260323_093115_993029,LinearTransform,D:\CodingHHW\Biplane\experiment\transform_snapshots\20260323_093115_993029\20260323_093115_993029_1_LinearTransform.h5,1,LinearTransform_1,D:\CodingHHW\Biplane\experiment\transform_snapshots\20260323_093115_993029\20260323_093115_993029_2_LinearTransform_1.h5,1,LinearTransform_2,D:\CodingHHW\Biplane\experiment\transform_snapshots\20260323_093115_993029\20260323_093115_993029_3_LinearTransform_2.h5,1,3,1,1.150841481,1.150841481,4.30E-13,1,1,1.492648627,1.492648627,5.83E-13,1,1,1.181466146,1.181466146,6.37E-14,1,1,NA,NA,NA,NA,NA,NA,NA,NA,NA,NA,NA,NA,NA,NA,NA,NA,NA,NA,0.050601368,1,0,0,0,30,0.046025338,1,0,0,0,30,0.059916375,0,0,0,0,30,506.871,536.065,397.215,10.427,520.106,29.686,NA,3.273,3.007,2.478,0.516,0.48
2026-03-23T09:31:47+08:00,20260323_093147_467287,D:\CodingHHW\Biplane\experiment\experiment_results.csv,Panoramix-cropped,orthographic,Current mode: Orthographic,1,0,1,1,1,1,35.41,57.49,56.59,0.45,0.15,0,0.45 mm,0.15 px,0.00 mm,testPoint,TargetP3D,blackCenter2,PointGreen,PointRed,PointGreen,testPoint,30,1,1,0,1,-133.558,141.545,-50.16531372,274.6708926,277.8473703,305.8555727,286.1246119,0,6,10,D:\CodingHHW\Biplane\experiment\transform_snapshots\20260323_093147_467287,LinearTransform,D:\CodingHHW\Biplane\experiment\transform_snapshots\20260323_093147_467287\20260323_093147_467287_1_LinearTransform.h5,1,LinearTransform_1,D:\CodingHHW\Biplane\experiment\transform_snapshots\20260323_093147_467287\20260323_093147_467287_2_LinearTransform_1.h5,1,LinearTransform_2,D:\CodingHHW\Biplane\experiment\transform_snapshots\20260323_093147_467287\20260323_093147_467287_3_LinearTransform_2.h5,1,3,1,1.283723782,1.283723782,7.55E-15,1,1,1.471099434,1.471099434,2.20E-14,0,0,1.141596228,1.141596228,1.21E-12,0,0,NA,NA,NA,NA,NA,NA,NA,NA,NA,NA,NA,NA,NA,NA,NA,NA,NA,NA,0.043002619,1,1,0,0,30,0.047448331,0,0,0,0,30,0.056444972,1,1,0,0,30,504.106,466.145,445.675,9.945,518.281,29.387,NA,3.177,3.082,2.151,0.904,0.822
2026-03-23T09:32:17+08:00,20260323_093217_581006,D:\CodingHHW\Biplane\experiment\experiment_results.csv,Panoramix-cropped,orthographic,Current mode: Orthographic,1,0,1,1,1,1,35.41,57.49,56.59,0.34,0.65,0,0.34 mm,0.65 px,0.00 mm,testPoint,TargetP3D,blackCenter2,PointGreen,PointRed,PointGreen,testPoint,30,1,1,0,1,-133.558,141.545,-50.16531372,274.6708926,277.8473703,305.8555727,286.1246119,0,6,10,D:\CodingHHW\Biplane\experiment\transform_snapshots\20260323_093217_581006,LinearTransform,D:\CodingHHW\Biplane\experiment\transform_snapshots\20260323_093217_581006\20260323_093217_581006_1_LinearTransform.h5,1,LinearTransform_1,D:\CodingHHW\Biplane\experiment\transform_snapshots\20260323_093217_581006\20260323_093217_581006_2_LinearTransform_1.h5,1,LinearTransform_2,D:\CodingHHW\Biplane\experiment\transform_snapshots\20260323_093217_581006\20260323_093217_581006_3_LinearTransform_2.h5,1,3,1,1.22732909,1.22732909,7.99E-15,0,0,1.431876859,1.431876859,6.55E-14,0,0,1.179087399,1.179087399,2.96E-13,1,1,NA,NA,NA,NA,NA,NA,NA,NA,NA,NA,NA,NA,NA,NA,NA,NA,NA,NA,0.054294553,1,0,0,0,30,0.053599675,1,0,0,0,30,0.052697463,1,1,0,0,30,507.339,449.741,377.655,9.884,522.802,29.584,NA,3.272,3.07,2.039,0.539,0.575
2026-03-23T09:34:56+08:00,20260323_093456_475837,D:\CodingHHW\Biplane\experiment\experiment_results.csv,Panoramix-cropped,orthographic,Current mode: Orthographic,1,0,1,1,1,1,86.82,81.34,85.85,0.25,0.18,0,0.25 mm,0.18 px,0.00 mm,testPoint,TargetP3D,blackCenter2,PointGreen,PointRed,PointGreen,testPoint,30,1,1,0,1,-133.558,141.545,-50.16531372,274.6708926,286.477678,311.8849347,291.0111684,0,6,10,D:\CodingHHW\Biplane\experiment\transform_snapshots\20260323_093456_475837,LinearTransform,D:\CodingHHW\Biplane\experiment\transform_snapshots\20260323_093456_475837\20260323_093456_475837_1_LinearTransform.h5,1,LinearTransform_1,D:\CodingHHW\Biplane\experiment\transform_snapshots\20260323_093456_475837\20260323_093456_475837_2_LinearTransform_1.h5,1,LinearTransform_2,D:\CodingHHW\Biplane\experiment\transform_snapshots\20260323_093456_475837\20260323_093456_475837_3_LinearTransform_2.h5,1,3,1,1.176443375,1.176443375,5.55E-15,0,0,1.573766591,1.573766591,4.17E-13,0,0,1.439075847,1.439075847,5.45E-13,0,1,NA,NA,NA,NA,NA,NA,NA,NA,NA,NA,NA,NA,NA,NA,NA,NA,NA,NA,0.068031414,0,1,0,0,30,0.063178062,1,0,0,0,30,0.064426697,0,1,0,0,30,529.366,434.591,404.529,10.493,552.602,28.823,NA,3.306,3.043,2.303,0.551,0.622
2026-03-23T09:35:31+08:00,20260323_093531_139507,D:\CodingHHW\Biplane\experiment\experiment_results.csv,Panoramix-cropped,orthographic,Current mode: Orthographic,1,0,1,1,1,1,86.82,81.34,85.85,0.27,0.15,0,0.27 mm,0.15 px,0.00 mm,testPoint,TargetP3D,blackCenter2,PointGreen,PointRed,PointGreen,testPoint,30,1,1,0,1,-133.558,141.545,-50.16531372,274.6708926,286.477678,311.8849347,291.0111684,0,6,10,D:\CodingHHW\Biplane\experiment\transform_snapshots\20260323_093531_139507,LinearTransform,D:\CodingHHW\Biplane\experiment\transform_snapshots\20260323_093531_139507\20260323_093531_139507_1_LinearTransform.h5,1,LinearTransform_1,D:\CodingHHW\Biplane\experiment\transform_snapshots\20260323_093531_139507\20260323_093531_139507_2_LinearTransform_1.h5,1,LinearTransform_2,D:\CodingHHW\Biplane\experiment\transform_snapshots\20260323_093531_139507\20260323_093531_139507_3_LinearTransform_2.h5,1,3,1,1.100728286,1.100728286,5.20E-14,1,1,1.999616287,1.999616287,6.53E-14,1,0,1.421131463,1.421131463,5.72E-13,0,1,NA,NA,NA,NA,NA,NA,NA,NA,NA,NA,NA,NA,NA,NA,NA,NA,NA,NA,0.063974251,0,0,0,0,30,0.072503085,0,1,0,0,30,0.040893429,0,1,0,0,30,517.276,464.219,386.579,9.454,550.825,29.256,NA,3.047,3.17,2.077,0.546,0.644
2026-03-23T09:36:07+08:00,20260323_093607_246506,D:\CodingHHW\Biplane\experiment\experiment_results.csv,Panoramix-cropped,orthographic,Current mode: Orthographic,1,0,1,1,1,1,86.82,81.34,85.85,0.17,0.01,0,0.17 mm,0.01 px,0.00 mm,testPoint,TargetP3D,blackCenter2,PointGreen,PointRed,PointGreen,testPoint,30,1,1,0,1,-133.558,141.545,-50.16531372,274.6708926,286.477678,311.8849347,291.0111684,0,6,10,D:\CodingHHW\Biplane\experiment\transform_snapshots\20260323_093607_246506,LinearTransform,D:\CodingHHW\Biplane\experiment\transform_snapshots\20260323_093607_246506\20260323_093607_246506_1_LinearTransform.h5,1,LinearTransform_1,D:\CodingHHW\Biplane\experiment\transform_snapshots\20260323_093607_246506\20260323_093607_246506_2_LinearTransform_1.h5,1,LinearTransform_2,D:\CodingHHW\Biplane\experiment\transform_snapshots\20260323_093607_246506\20260323_093607_246506_3_LinearTransform_2.h5,1,3,1,1.205642724,1.205642724,1.44E-14,1,1,1.69653641,1.69653641,3.97E-14,0,0,1.31822981,1.31822981,1.03E-12,0,0,NA,NA,NA,NA,NA,NA,NA,NA,NA,NA,NA,NA,NA,NA,NA,NA,NA,NA,0.063499157,0,1,0,0,30,0.056914051,0,1,0,0,30,0.078790638,0,1,0,0,30,491.332,435.15,405.068,10.21,558.135,30.226,NA,3.579,3.085,2.265,0.593,0.718
2026-03-23T09:37:08+08:00,20260323_093708_643558,D:\CodingHHW\Biplane\experiment\experiment_results.csv,Panoramix-cropped,orthographic,Current mode: Orthographic,1,0,1,1,1,1,86.82,81.34,85.85,0.28,0.42,0,0.28 mm,0.42 px,0.00 mm,testPoint,TargetP3D,blackCenter2,PointGreen,PointRed,PointGreen,testPoint,30,1,1,0,1,-133.558,141.545,-50.16531372,274.6708926,286.477678,311.8849347,291.0111684,0,6,10,D:\CodingHHW\Biplane\experiment\transform_snapshots\20260323_093708_643558,LinearTransform,D:\CodingHHW\Biplane\experiment\transform_snapshots\20260323_093708_643558\20260323_093708_643558_1_LinearTransform.h5,1,LinearTransform_1,D:\CodingHHW\Biplane\experiment\transform_snapshots\20260323_093708_643558\20260323_093708_643558_2_LinearTransform_1.h5,1,LinearTransform_2,D:\CodingHHW\Biplane\experiment\transform_snapshots\20260323_093708_643558\20260323_093708_643558_3_LinearTransform_2.h5,1,3,1,0.982988155,0.982988155,3.81E-14,0,0,1.416217355,1.416217355,3.20E-13,0,1,1.077860522,1.077860522,7.17E-14,1,1,NA,NA,NA,NA,NA,NA,NA,NA,NA,NA,NA,NA,NA,NA,NA,NA,NA,NA,0.033575817,1,0,0,0,30,0.044606704,1,0,0,0,30,0.043199297,0,0,0,0,30,500.826,533.513,398.74,9.948,548.285,30.39,NA,2.981,3.491,2.194,0.597,0.645
2026-03-23T09:38:03+08:00,20260323_093803_777843,D:\CodingHHW\Biplane\experiment\experiment_results.csv,Panoramix-cropped,orthographic,Current mode: Orthographic,1,0,1,1,1,1,86.82,81.34,85.85,0.16,0.69,0,0.16 mm,0.69 px,0.00 mm,testPoint,TargetP3D,blackCenter2,PointGreen,PointRed,PointGreen,testPoint,30,1,1,0,1,-133.558,141.545,-50.16531372,274.6708926,286.477678,311.8849347,291.0111684,0,6,10,D:\CodingHHW\Biplane\experiment\transform_snapshots\20260323_093803_777843,LinearTransform,D:\CodingHHW\Biplane\experiment\transform_snapshots\20260323_093803_777843\20260323_093803_777843_1_LinearTransform.h5,1,LinearTransform_1,D:\CodingHHW\Biplane\experiment\transform_snapshots\20260323_093803_777843\20260323_093803_777843_2_LinearTransform_1.h5,1,LinearTransform_2,D:\CodingHHW\Biplane\experiment\transform_snapshots\20260323_093803_777843\20260323_093803_777843_3_LinearTransform_2.h5,1,3,1,1.034193595,1.034193595,5.00E-14,0,0,1.654460885,1.654460885,2.80E-13,0,0,1.153916561,1.153916561,5.26E-14,0,0,NA,NA,NA,NA,NA,NA,NA,NA,NA,NA,NA,NA,NA,NA,NA,NA,NA,NA,0.052984713,1,1,0,0,30,0.03645819,0,0,0,0,30,0.072287111,0,0,0,0,30,467.076,414.365,353.326,10.247,546.212,29.608,NA,3.151,2.906,2.084,0.558,0.67
2026-03-23T09:38:33+08:00,20260323_093833_369694,D:\CodingHHW\Biplane\experiment\experiment_results.csv,Panoramix-cropped,orthographic,Current mode: Orthographic,1,0,1,1,1,1,86.82,81.34,85.85,0.31,0.73,0,0.31 mm,0.73 px,0.00 mm,testPoint,TargetP3D,blackCenter2,PointGreen,PointRed,PointGreen,testPoint,30,1,1,0,1,-133.558,141.545,-50.16531372,274.6708926,286.477678,311.8849347,291.0111684,0,6,10,D:\CodingHHW\Biplane\experiment\transform_snapshots\20260323_093833_369694,LinearTransform,D:\CodingHHW\Biplane\experiment\transform_snapshots\20260323_093833_369694\20260323_093833_369694_1_LinearTransform.h5,1,LinearTransform_1,D:\CodingHHW\Biplane\experiment\transform_snapshots\20260323_093833_369694\20260323_093833_369694_2_LinearTransform_1.h5,1,LinearTransform_2,D:\CodingHHW\Biplane\experiment\transform_snapshots\20260323_093833_369694\20260323_093833_369694_3_LinearTransform_2.h5,1,3,1,0.982126157,0.982126157,4.06E-14,0,0,1.344142307,1.344142307,2.65E-13,0,0,1.140309069,1.140309069,1.02E-12,1,1,NA,NA,NA,NA,NA,NA,NA,NA,NA,NA,NA,NA,NA,NA,NA,NA,NA,NA,0.045243781,0,0,0,0,30,0.048266177,1,0,0,0,30,0.039260206,1,1,0,0,30,472.481,406.542,398.19,9.793,545.162,28.836,NA,3.023,2.922,2.382,0.532,0.514
2026-03-23T09:39:44+08:00,20260323_093944_488385,D:\CodingHHW\Biplane\experiment\experiment_results.csv,Panoramix-cropped,perspective,Current mode: Perspective,1,1,0,1,1,1,86.82,81.34,85.85,0.16,1.02,0,0.16 mm,1.02 px,0.00 mm,testPoint,TargetP3D,blackCenter2,PointGreen,PointRed,PointGreen,testPoint,30,0,1,0,1,-133.558,141.545,-50.16531372,274.6708926,286.477678,311.8849347,291.0111684,0,6,10,D:\CodingHHW\Biplane\experiment\transform_snapshots\20260323_093944_488385,LinearTransform,D:\CodingHHW\Biplane\experiment\transform_snapshots\20260323_093944_488385\20260323_093944_488385_1_LinearTransform.h5,1,LinearTransform_1,D:\CodingHHW\Biplane\experiment\transform_snapshots\20260323_093944_488385\20260323_093944_488385_2_LinearTransform_1.h5,1,LinearTransform_2,D:\CodingHHW\Biplane\experiment\transform_snapshots\20260323_093944_488385\20260323_093944_488385_3_LinearTransform_2.h5,1,3,1,0.078702842,0.078702842,7.15E-14,1,1,0.067693113,0.067693113,1.91E-12,1,1,0.066898575,0.066898575,2.10E-14,1,1,0.065852047,0,0,0,0,30,0.060301253,0,0,0,0,30,0.062506252,1,0,0,0,30,NA,NA,NA,NA,NA,NA,NA,NA,NA,NA,NA,NA,NA,NA,NA,NA,NA,NA,415.396,405.757,447.531,10.538,581.759,60.332,33.265,3.023,3.579,2.668,0.553,0.696
2026-03-23T09:40:16+08:00,20260323_094016_400406,D:\CodingHHW\Biplane\experiment\experiment_results.csv,Panoramix-cropped,perspective,Current mode: Perspective,1,1,0,1,1,1,86.82,81.34,85.85,0.11,0.67,0,0.11 mm,0.67 px,0.00 mm,testPoint,TargetP3D,blackCenter2,PointGreen,PointRed,PointGreen,testPoint,30,0,1,0,1,-133.558,141.545,-50.16531372,274.6708926,286.477678,311.8849347,291.0111684,0,6,10,D:\CodingHHW\Biplane\experiment\transform_snapshots\20260323_094016_400406,LinearTransform,D:\CodingHHW\Biplane\experiment\transform_snapshots\20260323_094016_400406\20260323_094016_400406_1_LinearTransform.h5,1,LinearTransform_1,D:\CodingHHW\Biplane\experiment\transform_snapshots\20260323_094016_400406\20260323_094016_400406_2_LinearTransform_1.h5,1,LinearTransform_2,D:\CodingHHW\Biplane\experiment\transform_snapshots\20260323_094016_400406\20260323_094016_400406_3_LinearTransform_2.h5,1,3,1,0.091493091,0.091493091,3.33E-13,0,0,0.046911661,0.046911661,6.92E-13,0,0,0.050407962,0.050407962,6.20E-13,0,0,0.081741165,1,1,0,0,30,0.046022382,0,0,0,0,30,0.048033345,0,0,0,0,30,NA,NA,NA,NA,NA,NA,NA,NA,NA,NA,NA,NA,NA,NA,NA,NA,NA,NA,424.843,420.542,471.831,10.289,581.181,61.54,34.204,3.023,3.108,2.15,0.56,0.566
2026-03-23T09:40:50+08:00,20260323_094050_196958,D:\CodingHHW\Biplane\experiment\experiment_results.csv,Panoramix-cropped,perspective,Current mode: Perspective,1,1,0,1,1,1,86.82,81.34,85.85,0.11,0.18,0,0.11 mm,0.18 px,0.00 mm,testPoint,TargetP3D,blackCenter2,PointGreen,PointRed,PointGreen,testPoint,30,0,1,0,1,-133.558,141.545,-50.16531372,274.6708926,286.477678,311.8849347,291.0111684,0,6,10,D:\CodingHHW\Biplane\experiment\transform_snapshots\20260323_094050_196958,LinearTransform,D:\CodingHHW\Biplane\experiment\transform_snapshots\20260323_094050_196958\20260323_094050_196958_1_LinearTransform.h5,1,LinearTransform_1,D:\CodingHHW\Biplane\experiment\transform_snapshots\20260323_094050_196958\20260323_094050_196958_2_LinearTransform_1.h5,1,LinearTransform_2,D:\CodingHHW\Biplane\experiment\transform_snapshots\20260323_094050_196958\20260323_094050_196958_3_LinearTransform_2.h5,1,3,1,0.064053389,0.064053389,1.92E-12,0,0,0.067248163,0.067248163,3.13E-14,0,0,0.085527766,0.085527766,2.19E-13,1,1,0.057840306,0,0,0,0,30,0.061580431,1,0,0,0,30,0.081274006,0,0,0,0,30,NA,NA,NA,NA,NA,NA,NA,NA,NA,NA,NA,NA,NA,NA,NA,NA,NA,NA,425.177,435.154,424.051,10.007,584.227,61.441,34.421,3.023,3.083,2.244,0.472,0.582
2026-03-23T09:41:23+08:00,20260323_094123_175447,D:\CodingHHW\Biplane\experiment\experiment_results.csv,Panoramix-cropped,perspective,Current mode: Perspective,1,1,0,1,1,1,86.82,81.34,85.85,0.22,0.04,0,0.22 mm,0.04 px,0.00 mm,testPoint,TargetP3D,blackCenter2,PointGreen,PointRed,PointGreen,testPoint,30,0,1,0,1,-133.558,141.545,-50.16531372,274.6708926,286.477678,311.8849347,291.0111684,0,6,10,D:\CodingHHW\Biplane\experiment\transform_snapshots\20260323_094123_175447,LinearTransform,D:\CodingHHW\Biplane\experiment\transform_snapshots\20260323_094123_175447\20260323_094123_175447_1_LinearTransform.h5,1,LinearTransform_1,D:\CodingHHW\Biplane\experiment\transform_snapshots\20260323_094123_175447\20260323_094123_175447_2_LinearTransform_1.h5,1,LinearTransform_2,D:\CodingHHW\Biplane\experiment\transform_snapshots\20260323_094123_175447\20260323_094123_175447_3_LinearTransform_2.h5,1,3,1,0.06072434,0.06072434,4.43E-14,0,0,0.065715629,0.065715629,2.54E-14,0,0,0.072126513,0.072126513,2.25E-13,0,0,0.060571303,0,0,0,0,30,0.056290997,1,0,0,0,30,0.071259718,0,0,0,0,30,NA,NA,NA,NA,NA,NA,NA,NA,NA,NA,NA,NA,NA,NA,NA,NA,NA,NA,468.607,408.151,432.612,9.711,579.041,60.261,33.785,3.023,2.955,2.377,0.573,0.495
2026-03-23T09:41:57+08:00,20260323_094157_882406,D:\CodingHHW\Biplane\experiment\experiment_results.csv,Panoramix-cropped,perspective,Current mode: Perspective,1,1,0,1,1,1,86.82,81.34,85.85,0.17,0.32,0,0.17 mm,0.32 px,0.00 mm,testPoint,TargetP3D,blackCenter2,PointGreen,PointRed,PointGreen,testPoint,30,0,1,0,1,-133.558,141.545,-50.16531372,274.6708926,286.477678,311.8849347,291.0111684,0,6,10,D:\CodingHHW\Biplane\experiment\transform_snapshots\20260323_094157_882406,LinearTransform,D:\CodingHHW\Biplane\experiment\transform_snapshots\20260323_094157_882406\20260323_094157_882406_1_LinearTransform.h5,1,LinearTransform_1,D:\CodingHHW\Biplane\experiment\transform_snapshots\20260323_094157_882406\20260323_094157_882406_2_LinearTransform_1.h5,1,LinearTransform_2,D:\CodingHHW\Biplane\experiment\transform_snapshots\20260323_094157_882406\20260323_094157_882406_3_LinearTransform_2.h5,1,3,1,0.05716917,0.05716917,6.51E-13,1,1,0.085923241,0.085923241,1.38E-12,1,1,0.073771076,0.073771076,4.64E-13,1,1,0.052978942,0,1,0,0,30,0.075352832,1,0,0,0,30,0.070817339,1,1,0,0,30,NA,NA,NA,NA,NA,NA,NA,NA,NA,NA,NA,NA,NA,NA,NA,NA,NA,NA,434.808,432.516,449.35,9.938,577.743,60.426,33.702,3.023,3.01,2.463,0.576,0.511
2026-03-23T09:42:28+08:00,20260323_094228_008972,D:\CodingHHW\Biplane\experiment\experiment_results.csv,Panoramix-cropped,perspective,Current mode: Perspective,1,1,0,1,1,1,86.82,81.34,85.85,0.12,0.82,0,0.12 mm,0.82 px,0.00 mm,testPoint,TargetP3D,blackCenter2,PointGreen,PointRed,PointGreen,testPoint,30,0,1,0,1,-133.558,141.545,-50.16531372,274.6708926,286.477678,311.8849347,291.0111684,0,6,10,D:\CodingHHW\Biplane\experiment\transform_snapshots\20260323_094228_008972,LinearTransform,D:\CodingHHW\Biplane\experiment\transform_snapshots\20260323_094228_008972\20260323_094228_008972_1_LinearTransform.h5,1,LinearTransform_1,D:\CodingHHW\Biplane\experiment\transform_snapshots\20260323_094228_008972\20260323_094228_008972_2_LinearTransform_1.h5,1,LinearTransform_2,D:\CodingHHW\Biplane\experiment\transform_snapshots\20260323_094228_008972\20260323_094228_008972_3_LinearTransform_2.h5,1,3,1,0.065427926,0.065427926,7.01E-15,1,1,0.073005079,0.073005079,2.28E-13,0,0,0.070839768,0.070839768,1.99E-12,1,1,0.059258555,0,0,0,0,30,0.064285116,0,1,0,0,30,0.064812396,1,1,0,0,30,NA,NA,NA,NA,NA,NA,NA,NA,NA,NA,NA,NA,NA,NA,NA,NA,NA,NA,465.834,434.11,412.979,10.161,585.702,63.021,35.058,3.023,3.65,2.419,0.684,0.662
2026-03-23T09:44:56+08:00,20260323_094456_887438,D:\CodingHHW\Biplane\experiment\experiment_results.csv,Panoramix-cropped,perspective,Current mode: Perspective,1,1,0,1,1,1,35.41,57.49,56.59,0.44,0.55,0,0.44 mm,0.55 px,0.00 mm,testPoint,TargetP3D,blackCenter2,PointGreen,PointRed,PointGreen,testPoint,30,0,1,0,1,-133.558,141.545,-50.16531372,274.6708926,277.8473703,305.8555727,286.1246119,0,6,10,D:\CodingHHW\Biplane\experiment\transform_snapshots\20260323_094456_887438,LinearTransform,D:\CodingHHW\Biplane\experiment\transform_snapshots\20260323_094456_887438\20260323_094456_887438_1_LinearTransform.h5,1,LinearTransform_1,D:\CodingHHW\Biplane\experiment\transform_snapshots\20260323_094456_887438\20260323_094456_887438_2_LinearTransform_1.h5,1,LinearTransform_2,D:\CodingHHW\Biplane\experiment\transform_snapshots\20260323_094456_887438\20260323_094456_887438_3_LinearTransform_2.h5,1,3,1,0.072032898,0.072032898,2.45E-12,1,1,0.085991985,0.085991985,7.42E-14,0,0,0.054030028,0.054030028,4.87E-13,0,0,0.060428773,0,1,0,0,30,0.079757171,0,0,0,0,30,0.052637058,1,0,0,0,30,NA,NA,NA,NA,NA,NA,NA,NA,NA,NA,NA,NA,NA,NA,NA,NA,NA,NA,470.455,476.749,392.913,9.827,580.904,62.339,34.938,3.023,10.929,2.183,0.595,0.657
2026-03-23T09:45:32+08:00,20260323_094532_850271,D:\CodingHHW\Biplane\experiment\experiment_results.csv,Panoramix-cropped,perspective,Current mode: Perspective,1,1,0,1,1,1,35.41,57.49,56.59,0.19,0.28,0,0.19 mm,0.28 px,0.00 mm,testPoint,TargetP3D,blackCenter2,PointGreen,PointRed,PointGreen,testPoint,30,0,1,0,1,-133.558,141.545,-50.16531372,274.6708926,277.8473703,305.8555727,286.1246119,0,6,10,D:\CodingHHW\Biplane\experiment\transform_snapshots\20260323_094532_850271,LinearTransform,D:\CodingHHW\Biplane\experiment\transform_snapshots\20260323_094532_850271\20260323_094532_850271_1_LinearTransform.h5,1,LinearTransform_1,D:\CodingHHW\Biplane\experiment\transform_snapshots\20260323_094532_850271\20260323_094532_850271_2_LinearTransform_1.h5,1,LinearTransform_2,D:\CodingHHW\Biplane\experiment\transform_snapshots\20260323_094532_850271\20260323_094532_850271_3_LinearTransform_2.h5,1,3,1,0.058297156,0.058297156,2.48E-13,0,0,0.068606007,0.068606007,8.73E-14,1,1,0.084172488,0.084172488,5.66E-14,0,0,0.050679088,0,1,0,0,30,0.067531679,1,1,0,0,30,0.083841915,1,0,0,0,30,NA,NA,NA,NA,NA,NA,NA,NA,NA,NA,NA,NA,NA,NA,NA,NA,NA,NA,471.162,499.714,384.708,10.382,572.924,61.607,33.595,3.023,3.155,2.58,0.607,0.7
2026-03-23T09:46:17+08:00,20260323_094617_881465,D:\CodingHHW\Biplane\experiment\experiment_results.csv,Panoramix-cropped,perspective,Current mode: Perspective,1,1,0,1,1,1,35.41,57.49,56.59,0.26,0.32,0,0.26 mm,0.32 px,0.00 mm,testPoint,TargetP3D,blackCenter2,PointGreen,PointRed,PointGreen,testPoint,30,0,1,0,1,-133.558,141.545,-50.16531372,274.6708926,277.8473703,305.8555727,286.1246119,0,6,10,D:\CodingHHW\Biplane\experiment\transform_snapshots\20260323_094617_881465,LinearTransform,D:\CodingHHW\Biplane\experiment\transform_snapshots\20260323_094617_881465\20260323_094617_881465_1_LinearTransform.h5,1,LinearTransform_1,D:\CodingHHW\Biplane\experiment\transform_snapshots\20260323_094617_881465\20260323_094617_881465_2_LinearTransform_1.h5,1,LinearTransform_2,D:\CodingHHW\Biplane\experiment\transform_snapshots\20260323_094617_881465\20260323_094617_881465_3_LinearTransform_2.h5,1,3,1,0.080176863,0.080176863,9.40E-15,1,1,0.063208788,0.063208788,8.53E-15,1,1,0.060292037,0.060292037,6.58E-14,1,1,0.079856499,1,1,0,0,30,0.06317318,1,1,0,0,30,0.060266714,1,1,0,0,30,NA,NA,NA,NA,NA,NA,NA,NA,NA,NA,NA,NA,NA,NA,NA,NA,NA,NA,427.408,495.578,389.264,10.129,575.886,61.682,34.584,3.023,3.22,2.653,0.561,0.641
2026-03-23T09:46:42+08:00,20260323_094642_157614,D:\CodingHHW\Biplane\experiment\experiment_results.csv,Panoramix-cropped,perspective,Current mode: Perspective,1,1,0,1,1,1,35.41,57.49,56.59,0.4,0.07,0,0.40 mm,0.07 px,0.00 mm,testPoint,TargetP3D,blackCenter2,PointGreen,PointRed,PointGreen,testPoint,30,0,1,0,1,-133.558,141.545,-50.16531372,274.6708926,277.8473703,305.8555727,286.1246119,0,6,10,D:\CodingHHW\Biplane\experiment\transform_snapshots\20260323_094642_157614,LinearTransform,D:\CodingHHW\Biplane\experiment\transform_snapshots\20260323_094642_157614\20260323_094642_157614_1_LinearTransform.h5,1,LinearTransform_1,D:\CodingHHW\Biplane\experiment\transform_snapshots\20260323_094642_157614\20260323_094642_157614_2_LinearTransform_1.h5,1,LinearTransform_2,D:\CodingHHW\Biplane\experiment\transform_snapshots\20260323_094642_157614\20260323_094642_157614_3_LinearTransform_2.h5,1,3,1,0.07398872,0.07398872,8.73E-13,1,1,0.078013875,0.078013875,1.55E-14,1,1,0.102748177,0.102748177,6.74E-15,1,1,0.072003453,0,1,0,0,30,0.075912657,1,1,0,0,30,0.10264099,0,0,0,0,30,NA,NA,NA,NA,NA,NA,NA,NA,NA,NA,NA,NA,NA,NA,NA,NA,NA,NA,426.487,411.769,356.711,17.609,565.35,61.867,33.888,3.023,3.073,2.096,0.553,0.675
2026-03-23T09:47:25+08:00,20260323_094725_817199,D:\CodingHHW\Biplane\experiment\experiment_results.csv,Panoramix-cropped,perspective,Current mode: Perspective,1,1,0,1,1,1,35.41,57.49,56.59,0.23,0.02,0,0.23 mm,0.02 px,0.00 mm,testPoint,TargetP3D,blackCenter2,PointGreen,PointRed,PointGreen,testPoint,30,0,1,0,1,-133.558,141.545,-50.16531372,274.6708926,277.8473703,305.8555727,286.1246119,0,6,10,D:\CodingHHW\Biplane\experiment\transform_snapshots\20260323_094725_817199,LinearTransform,D:\CodingHHW\Biplane\experiment\transform_snapshots\20260323_094725_817199\20260323_094725_817199_1_LinearTransform.h5,1,LinearTransform_1,D:\CodingHHW\Biplane\experiment\transform_snapshots\20260323_094725_817199\20260323_094725_817199_2_LinearTransform_1.h5,1,LinearTransform_2,D:\CodingHHW\Biplane\experiment\transform_snapshots\20260323_094725_817199\20260323_094725_817199_3_LinearTransform_2.h5,1,3,1,0.075892834,0.075892834,4.90E-15,1,1,0.041791612,0.041791612,7.89E-15,1,1,0.065956121,0.065956121,3.49E-13,1,1,0.075822323,1,1,0,0,30,0.039361924,1,0,0,0,30,0.061258301,1,0,0,0,30,NA,NA,NA,NA,NA,NA,NA,NA,NA,NA,NA,NA,NA,NA,NA,NA,NA,NA,456.161,452.563,408.798,10.261,563.553,64.945,35.555,3.023,1.865,1.816,0.621,0.622
2026-03-23T09:48:22+08:00,20260323_094822_293519,D:\CodingHHW\Biplane\experiment\experiment_results.csv,Panoramix-cropped,perspective,Current mode: Perspective,1,1,0,1,1,1,35.41,57.49,56.59,0.36,0.14,0,0.36 mm,0.14 px,0.00 mm,testPoint,TargetP3D,blackCenter2,PointGreen,PointRed,PointGreen,testPoint,30,0,1,0,1,-133.558,141.545,-50.16531372,274.6708926,277.8473703,305.8555727,286.1246119,0,6,10,D:\CodingHHW\Biplane\experiment\transform_snapshots\20260323_094822_293519,LinearTransform,D:\CodingHHW\Biplane\experiment\transform_snapshots\20260323_094822_293519\20260323_094822_293519_1_LinearTransform.h5,1,LinearTransform_1,D:\CodingHHW\Biplane\experiment\transform_snapshots\20260323_094822_293519\20260323_094822_293519_2_LinearTransform_1.h5,1,LinearTransform_2,D:\CodingHHW\Biplane\experiment\transform_snapshots\20260323_094822_293519\20260323_094822_293519_3_LinearTransform_2.h5,1,3,1,0.073459403,0.073459403,3.66E-13,0,0,0.038253623,0.038253623,2.12E-14,1,1,0.068223995,0.068223995,3.16E-13,1,1,0.066418595,0,0,0,0,30,0.03634795,0,0,0,0,30,0.067455392,1,0,0,0,30,NA,NA,NA,NA,NA,NA,NA,NA,NA,NA,NA,NA,NA,NA,NA,NA,NA,NA,454.79,449.755,457.416,10.343,574.979,67.903,40.292,3.023,3.273,2.245,0.577,0.562
2026-03-23T09:48:44+08:00,20260323_094844_703497,D:\CodingHHW\Biplane\experiment\experiment_results.csv,Panoramix-cropped,perspective,Current mode: Perspective,1,1,0,1,1,1,35.41,57.49,56.59,0.46,0.15,0,0.46 mm,0.15 px,0.00 mm,testPoint,TargetP3D,blackCenter2,PointGreen,PointRed,PointGreen,testPoint,30,0,1,0,1,-133.558,141.545,-50.16531372,274.6708926,277.8473703,305.8555727,286.1246119,0,6,10,D:\CodingHHW\Biplane\experiment\transform_snapshots\20260323_094844_703497,LinearTransform,D:\CodingHHW\Biplane\experiment\transform_snapshots\20260323_094844_703497\20260323_094844_703497_1_LinearTransform.h5,1,LinearTransform_1,D:\CodingHHW\Biplane\experiment\transform_snapshots\20260323_094844_703497\20260323_094844_703497_2_LinearTransform_1.h5,1,LinearTransform_2,D:\CodingHHW\Biplane\experiment\transform_snapshots\20260323_094844_703497\20260323_094844_703497_3_LinearTransform_2.h5,1,3,1,0.049211272,0.049211272,1.26E-13,1,1,0.070444316,0.070444316,3.90E-15,1,1,0.080891281,0.080891281,1.11E-13,1,1,0.04614443,0,0,0,0,30,0.06266424,1,1,0,0,30,0.080319213,0,0,0,0,30,NA,NA,NA,NA,NA,NA,NA,NA,NA,NA,NA,NA,NA,NA,NA,NA,NA,NA,439.353,441.647,425.23,10.275,571.907,62.102,33.938,3.023,3.324,2.467,0.702,0.697
2026-03-23T09:52:24+08:00,20260323_095224_188255,D:\CodingHHW\Biplane\experiment\experiment_results.csv,Panoramix-cropped,orthographic,Current mode: Orthographic,1,0,1,1,1,1,35.41,57.49,56.59,0.1,0.11,0,0.10 mm,0.11 px,0.00 mm,testPoint,TargetP3D,blackCenter2,PointGreen,PointRed,PointGreen,testPoint,30,1,1,0,1,-23.60302734,156.4367981,-167.0684814,139.4565514,148.830566,170.8559464,153.047688,0,6,10,D:\CodingHHW\Biplane\experiment\transform_snapshots\20260323_095224_188255,LinearTransform,D:\CodingHHW\Biplane\experiment\transform_snapshots\20260323_095224_188255\20260323_095224_188255_1_LinearTransform.h5,1,LinearTransform_1,D:\CodingHHW\Biplane\experiment\transform_snapshots\20260323_095224_188255\20260323_095224_188255_2_LinearTransform_1.h5,1,LinearTransform_2,D:\CodingHHW\Biplane\experiment\transform_snapshots\20260323_095224_188255\20260323_095224_188255_3_LinearTransform_2.h5,1,3,1,0.953029544,0.953029544,5.78E-14,0,0,1.33756143,1.33756143,5.44E-14,0,0,1.01087269,1.01087269,1.09E-12,1,1,NA,NA,NA,NA,NA,NA,NA,NA,NA,NA,NA,NA,NA,NA,NA,NA,NA,NA,0.031626492,0,0,0,0,30,0.033052833,0,1,0,0,30,0.035049124,0,1,0,0,30,472.666,473.758,441.838,10.136,535.879,30.957,30.376,3.397,3.339,2.198,0.683,0.569
2026-03-23T09:52:59+08:00,20260323_095259_532198,D:\CodingHHW\Biplane\experiment\experiment_results.csv,Panoramix-cropped,orthographic,Current mode: Orthographic,1,0,1,1,1,1,35.41,57.49,56.59,0.06,0.13,0,0.06 mm,0.13 px,0.00 mm,testPoint,TargetP3D,blackCenter2,PointGreen,PointRed,PointGreen,testPoint,30,1,1,0,1,-23.60302734,156.4367981,-167.0684814,139.4565514,148.830566,170.8559464,153.047688,0,6,10,D:\CodingHHW\Biplane\experiment\transform_snapshots\20260323_095259_532198,LinearTransform,D:\CodingHHW\Biplane\experiment\transform_snapshots\20260323_095259_532198\20260323_095259_532198_1_LinearTransform.h5,1,LinearTransform_1,D:\CodingHHW\Biplane\experiment\transform_snapshots\20260323_095259_532198\20260323_095259_532198_2_LinearTransform_1.h5,1,LinearTransform_2,D:\CodingHHW\Biplane\experiment\transform_snapshots\20260323_095259_532198\20260323_095259_532198_3_LinearTransform_2.h5,1,3,1,1.890228934,1.890228934,1.91E-14,1,1,1.51768562,1.51768562,8.73E-14,0,0,1.20510178,1.20510178,2.43E-12,1,1,NA,NA,NA,NA,NA,NA,NA,NA,NA,NA,NA,NA,NA,NA,NA,NA,NA,NA,0.052576881,0,0,0,0,30,0.034200508,1,1,0,0,30,0.046520823,1,1,0,0,30,568.27,488.936,459.69,9.824,538.054,30.27,30.376,3.062,3.114,2.281,0.627,0.61
2026-03-23T09:53:32+08:00,20260323_095332_939561,D:\CodingHHW\Biplane\experiment\experiment_results.csv,Panoramix-cropped,orthographic,Current mode: Orthographic,1,0,1,1,1,1,35.41,57.49,56.59,0.12,0.03,0,0.12 mm,0.03 px,0.00 mm,testPoint,TargetP3D,blackCenter2,PointGreen,PointRed,PointGreen,testPoint,30,1,1,0,1,-23.60302734,156.4367981,-167.0684814,139.4565514,148.830566,170.8559464,153.047688,0,6,10,D:\CodingHHW\Biplane\experiment\transform_snapshots\20260323_095332_939561,LinearTransform,D:\CodingHHW\Biplane\experiment\transform_snapshots\20260323_095332_939561\20260323_095332_939561_1_LinearTransform.h5,1,LinearTransform_1,D:\CodingHHW\Biplane\experiment\transform_snapshots\20260323_095332_939561\20260323_095332_939561_2_LinearTransform_1.h5,1,LinearTransform_2,D:\CodingHHW\Biplane\experiment\transform_snapshots\20260323_095332_939561\20260323_095332_939561_3_LinearTransform_2.h5,1,3,1,0.979911727,0.979911727,3.06E-14,1,1,1.204179453,1.204179453,5.33E-14,1,1,0.993334817,0.993334817,4.98E-13,1,1,NA,NA,NA,NA,NA,NA,NA,NA,NA,NA,NA,NA,NA,NA,NA,NA,NA,NA,0.070630875,1,1,0,0,30,0.043844387,0,1,0,0,30,0.063107106,1,0,0,0,30,475.772,452.871,409.07,10.332,534.611,29.762,30.376,3.202,3.436,2.061,0.658,0.567
2026-03-23T09:54:05+08:00,20260323_095405_967951,D:\CodingHHW\Biplane\experiment\experiment_results.csv,Panoramix-cropped,orthographic,Current mode: Orthographic,1,0,1,1,1,1,35.41,57.49,56.59,0.06,0.08,0,0.06 mm,0.08 px,0.00 mm,testPoint,TargetP3D,blackCenter2,PointGreen,PointRed,PointGreen,testPoint,30,1,1,0,1,-23.60302734,156.4367981,-167.0684814,139.4565514,148.830566,170.8559464,153.047688,0,6,10,D:\CodingHHW\Biplane\experiment\transform_snapshots\20260323_095405_967951,LinearTransform,D:\CodingHHW\Biplane\experiment\transform_snapshots\20260323_095405_967951\20260323_095405_967951_1_LinearTransform.h5,1,LinearTransform_1,D:\CodingHHW\Biplane\experiment\transform_snapshots\20260323_095405_967951\20260323_095405_967951_2_LinearTransform_1.h5,1,LinearTransform_2,D:\CodingHHW\Biplane\experiment\transform_snapshots\20260323_095405_967951\20260323_095405_967951_3_LinearTransform_2.h5,1,3,1,0.864284511,0.864284511,1.21E-14,0,0,1.14217974,1.14217974,1.42E-14,1,1,1.085777269,1.085777269,7.73E-14,0,0,NA,NA,NA,NA,NA,NA,NA,NA,NA,NA,NA,NA,NA,NA,NA,NA,NA,NA,0.042377783,1,0,0,0,30,0.050875468,1,1,0,0,30,0.046221328,0,1,0,0,30,454.349,418.776,466.162,9.751,537.043,31.241,30.376,3.408,3.162,2.347,0.699,0.578
2026-03-23T09:54:51+08:00,20260323_095451_304568,D:\CodingHHW\Biplane\experiment\experiment_results.csv,Panoramix-cropped,orthographic,Current mode: Orthographic,1,0,1,1,1,1,35.41,57.49,56.59,0.16,0.03,0,0.16 mm,0.03 px,0.00 mm,testPoint,TargetP3D,blackCenter2,PointGreen,PointRed,PointGreen,testPoint,30,1,1,0,1,-23.60302734,156.4367981,-167.0684814,139.4565514,148.830566,170.8559464,153.047688,0,6,10,D:\CodingHHW\Biplane\experiment\transform_snapshots\20260323_095451_304568,LinearTransform,D:\CodingHHW\Biplane\experiment\transform_snapshots\20260323_095451_304568\20260323_095451_304568_1_LinearTransform.h5,1,LinearTransform_1,D:\CodingHHW\Biplane\experiment\transform_snapshots\20260323_095451_304568\20260323_095451_304568_2_LinearTransform_1.h5,1,LinearTransform_2,D:\CodingHHW\Biplane\experiment\transform_snapshots\20260323_095451_304568\20260323_095451_304568_3_LinearTransform_2.h5,1,3,1,0.932973836,0.932973836,1.62E-13,1,1,0.975449839,0.975449839,1.97E-14,0,0,0.856631687,0.856631687,6.42E-13,0,0,NA,NA,NA,NA,NA,NA,NA,NA,NA,NA,NA,NA,NA,NA,NA,NA,NA,NA,0.031268534,1,1,0,0,30,0.043471567,0,1,0,0,30,0.045344288,0,1,0,0,30,459.634,462.525,449.996,10.777,539.804,30.573,30.376,3.269,1.815,2.263,0.542,0.71
2026-03-23T09:55:48+08:00,20260323_095548_247069,D:\CodingHHW\Biplane\experiment\experiment_results.csv,Panoramix-cropped,orthographic,Current mode: Orthographic,1,0,1,1,1,1,35.41,57.49,56.59,0.09,0.33,0,0.09 mm,0.33 px,0.00 mm,testPoint,TargetP3D,blackCenter2,PointGreen,PointRed,PointGreen,testPoint,30,1,1,0,1,-23.60302734,156.4367981,-167.0684814,139.4565514,148.830566,170.8559464,153.047688,0,6,10,D:\CodingHHW\Biplane\experiment\transform_snapshots\20260323_095548_247069,LinearTransform,D:\CodingHHW\Biplane\experiment\transform_snapshots\20260323_095548_247069\20260323_095548_247069_1_LinearTransform.h5,1,LinearTransform_1,D:\CodingHHW\Biplane\experiment\transform_snapshots\20260323_095548_247069\20260323_095548_247069_2_LinearTransform_1.h5,1,LinearTransform_2,D:\CodingHHW\Biplane\experiment\transform_snapshots\20260323_095548_247069\20260323_095548_247069_3_LinearTransform_2.h5,1,3,1,1.071425812,1.071425812,1.58E-14,1,1,1.202100133,1.202100133,3.24E-14,1,1,1.044483527,1.044483527,1.95E-13,1,1,NA,NA,NA,NA,NA,NA,NA,NA,NA,NA,NA,NA,NA,NA,NA,NA,NA,NA,0.04432404,1,0,0,0,30,0.049948068,0,1,0,0,30,0.043560792,1,0,0,0,30,526.615,421.398,397.398,10.439,532.776,30.431,30.376,3.195,3.018,2.176,0.635,0.598
2026-03-23T09:58:38+08:00,20260323_095838_200722,D:\CodingHHW\Biplane\experiment\experiment_results.csv,Panoramix-cropped,perspective,Current mode: Perspective,1,1,0,1,1,1,35.41,57.49,56.59,0.19,0.36,0,0.19 mm,0.36 px,0.00 mm,testPoint,TargetP3D,blackCenter2,PointGreen,PointRed,PointGreen,testPoint,30,0,1,0,1,-23.60302734,156.4367981,-167.0684814,139.4565514,148.830566,170.8559464,153.047688,0,6,10,D:\CodingHHW\Biplane\experiment\transform_snapshots\20260323_095838_200722,LinearTransform,D:\CodingHHW\Biplane\experiment\transform_snapshots\20260323_095838_200722\20260323_095838_200722_1_LinearTransform.h5,1,LinearTransform_1,D:\CodingHHW\Biplane\experiment\transform_snapshots\20260323_095838_200722\20260323_095838_200722_2_LinearTransform_1.h5,1,LinearTransform_2,D:\CodingHHW\Biplane\experiment\transform_snapshots\20260323_095838_200722\20260323_095838_200722_3_LinearTransform_2.h5,1,3,1,0.054435771,0.054435771,4.85E-14,1,1,0.056489623,0.056489623,7.48E-14,1,1,0.077065375,0.077065375,1.18E-13,0,0,0.052709573,0,1,0,0,30,0.049633638,0,1,0,0,30,0.076732573,1,1,0,0,30,NA,NA,NA,NA,NA,NA,NA,NA,NA,NA,NA,NA,NA,NA,NA,NA,NA,NA,471.844,454.76,400.733,9.998,572.572,69.068,41.318,3.195,1.879,2.183,0.569,0.516
2026-03-23T09:59:33+08:00,20260323_095933_988627,D:\CodingHHW\Biplane\experiment\experiment_results.csv,Panoramix-cropped,perspective,Current mode: Perspective,1,1,0,1,1,1,35.41,57.49,56.59,0.1,0.05,0,0.10 mm,0.05 px,0.00 mm,testPoint,TargetP3D,blackCenter2,PointGreen,PointRed,PointGreen,testPoint,30,0,1,0,1,-23.60302734,156.4367981,-167.0684814,139.4565514,148.830566,170.8559464,153.047688,0,6,10,D:\CodingHHW\Biplane\experiment\transform_snapshots\20260323_095933_988627,LinearTransform,D:\CodingHHW\Biplane\experiment\transform_snapshots\20260323_095933_988627\20260323_095933_988627_1_LinearTransform.h5,1,LinearTransform_1,D:\CodingHHW\Biplane\experiment\transform_snapshots\20260323_095933_988627\20260323_095933_988627_2_LinearTransform_1.h5,1,LinearTransform_2,D:\CodingHHW\Biplane\experiment\transform_snapshots\20260323_095933_988627\20260323_095933_988627_3_LinearTransform_2.h5,1,3,1,0.04701079,0.04701079,1.73E-14,1,1,0.056179144,0.056179144,3.61E-14,0,0,0.080597348,0.080597348,3.43E-14,1,1,0.046628966,1,1,0,0,30,0.052319765,0,1,0,0,30,0.078854878,1,0,0,0,30,NA,NA,NA,NA,NA,NA,NA,NA,NA,NA,NA,NA,NA,NA,NA,NA,NA,NA,417.007,464.96,436.731,9.943,567.5,60.925,33.078,3.195,4.502,2.687,0.479,0.604
2026-03-23T10:00:01+08:00,20260323_100001_831267,D:\CodingHHW\Biplane\experiment\experiment_results.csv,Panoramix-cropped,perspective,Current mode: Perspective,1,1,0,1,1,1,35.41,57.49,56.59,0.23,0.02,0,0.23 mm,0.02 px,0.00 mm,testPoint,TargetP3D,blackCenter2,PointGreen,PointRed,PointGreen,testPoint,30,0,1,0,1,-23.60302734,156.4367981,-167.0684814,139.4565514,148.830566,170.8559464,153.047688,0,6,10,D:\CodingHHW\Biplane\experiment\transform_snapshots\20260323_100001_831267,LinearTransform,D:\CodingHHW\Biplane\experiment\transform_snapshots\20260323_100001_831267\20260323_100001_831267_1_LinearTransform.h5,1,LinearTransform_1,D:\CodingHHW\Biplane\experiment\transform_snapshots\20260323_100001_831267\20260323_100001_831267_2_LinearTransform_1.h5,1,LinearTransform_2,D:\CodingHHW\Biplane\experiment\transform_snapshots\20260323_100001_831267\20260323_100001_831267_3_LinearTransform_2.h5,1,3,1,0.055773212,0.055773212,3.85E-14,1,1,0.047747321,0.047747321,2.40E-14,0,0,0.074398078,0.074398078,2.79E-13,0,0,0.054649754,0,0,0,0,30,0.046939777,0,0,0,0,30,0.070932949,1,1,0,0,30,NA,NA,NA,NA,NA,NA,NA,NA,NA,NA,NA,NA,NA,NA,NA,NA,NA,NA,503.059,486.644,449.275,9.865,567.977,60.75,32.679,3.195,3.923,2.516,0.572,0.799
2026-03-23T10:00:36+08:00,20260323_100036_788512,D:\CodingHHW\Biplane\experiment\experiment_results.csv,Panoramix-cropped,perspective,Current mode: Perspective,1,1,0,1,1,1,35.41,57.49,56.59,0.17,0.1,0,0.17 mm,0.10 px,0.00 mm,testPoint,TargetP3D,blackCenter2,PointGreen,PointRed,PointGreen,testPoint,30,0,1,0,1,-23.60302734,156.4367981,-167.0684814,139.4565514,148.830566,170.8559464,153.047688,0,6,10,D:\CodingHHW\Biplane\experiment\transform_snapshots\20260323_100036_788512,LinearTransform,D:\CodingHHW\Biplane\experiment\transform_snapshots\20260323_100036_788512\20260323_100036_788512_1_LinearTransform.h5,1,LinearTransform_1,D:\CodingHHW\Biplane\experiment\transform_snapshots\20260323_100036_788512\20260323_100036_788512_2_LinearTransform_1.h5,1,LinearTransform_2,D:\CodingHHW\Biplane\experiment\transform_snapshots\20260323_100036_788512\20260323_100036_788512_3_LinearTransform_2.h5,1,3,1,0.05849152,0.05849152,3.60E-14,1,1,0.061874373,0.061874373,9.69E-15,1,1,0.045634398,0.045634398,5.25E-13,0,0,0.05805334,0,0,0,0,30,0.061116154,0,0,0,0,30,0.044682408,0,0,0,0,30,NA,NA,NA,NA,NA,NA,NA,NA,NA,NA,NA,NA,NA,NA,NA,NA,NA,NA,435.581,452.761,444.979,10.229,562.18,60.559,32.367,3.195,3.224,2.605,0.573,0.67
2026-03-23T10:01:05+08:00,20260323_100105_081933,D:\CodingHHW\Biplane\experiment\experiment_results.csv,Panoramix-cropped,perspective,Current mode: Perspective,1,1,0,1,1,1,35.41,57.49,56.59,0.11,0.07,0,0.11 mm,0.07 px,0.00 mm,testPoint,TargetP3D,blackCenter2,PointGreen,PointRed,PointGreen,testPoint,30,0,1,0,1,-23.60302734,156.4367981,-167.0684814,139.4565514,148.830566,170.8559464,153.047688,0,6,10,D:\CodingHHW\Biplane\experiment\transform_snapshots\20260323_100105_081933,LinearTransform,D:\CodingHHW\Biplane\experiment\transform_snapshots\20260323_100105_081933\20260323_100105_081933_1_LinearTransform.h5,1,LinearTransform_1,D:\CodingHHW\Biplane\experiment\transform_snapshots\20260323_100105_081933\20260323_100105_081933_2_LinearTransform_1.h5,1,LinearTransform_2,D:\CodingHHW\Biplane\experiment\transform_snapshots\20260323_100105_081933\20260323_100105_081933_3_LinearTransform_2.h5,1,3,1,0.075030428,0.075030428,6.03E-14,1,1,0.063113463,0.063113463,9.13E-14,1,1,0.071971987,0.071971987,3.68E-13,0,0,0.073842505,1,1,0,0,30,0.058419436,0,1,0,0,30,0.06911422,0,1,0,0,30,NA,NA,NA,NA,NA,NA,NA,NA,NA,NA,NA,NA,NA,NA,NA,NA,NA,NA,461.835,499.545,421.893,10.658,568.441,60.174,32.969,3.195,3.242,2.595,0.653,0.632
2026-03-23T10:01:37+08:00,20260323_100137_351524,D:\CodingHHW\Biplane\experiment\experiment_results.csv,Panoramix-cropped,perspective,Current mode: Perspective,1,1,0,1,1,1,35.41,57.49,56.59,0.14,0.26,0,0.14 mm,0.26 px,0.00 mm,testPoint,TargetP3D,blackCenter2,PointGreen,PointRed,PointGreen,testPoint,30,0,1,0,1,-23.60302734,156.4367981,-167.0684814,139.4565514,148.830566,170.8559464,153.047688,0,6,10,D:\CodingHHW\Biplane\experiment\transform_snapshots\20260323_100137_351524,LinearTransform,D:\CodingHHW\Biplane\experiment\transform_snapshots\20260323_100137_351524\20260323_100137_351524_1_LinearTransform.h5,1,LinearTransform_1,D:\CodingHHW\Biplane\experiment\transform_snapshots\20260323_100137_351524\20260323_100137_351524_2_LinearTransform_1.h5,1,LinearTransform_2,D:\CodingHHW\Biplane\experiment\transform_snapshots\20260323_100137_351524\20260323_100137_351524_3_LinearTransform_2.h5,1,3,1,0.049877619,0.049877619,3.44E-12,0,0,0.063874555,0.063874555,2.36E-14,1,1,0.057915628,0.057915628,6.12E-14,1,1,0.046424606,0,1,0,0,30,0.063840976,1,0,0,0,30,0.055740552,1,1,0,0,30,NA,NA,NA,NA,NA,NA,NA,NA,NA,NA,NA,NA,NA,NA,NA,NA,NA,NA,437.579,487.152,435.452,9.977,559.816,61.099,33.77,3.195,3.043,2.07,0.664,0.689
2026-03-23T10:02:02+08:00,20260323_100202_939522,D:\CodingHHW\Biplane\experiment\experiment_results.csv,Panoramix-cropped,perspective,Current mode: Perspective,1,1,0,1,1,1,35.41,57.49,56.59,0.26,0.23,0,0.26 mm,0.23 px,0.00 mm,testPoint,TargetP3D,blackCenter2,PointGreen,PointRed,PointGreen,testPoint,30,0,1,0,1,-23.60302734,156.4367981,-167.0684814,139.4565514,148.830566,170.8559464,153.047688,0,6,10,D:\CodingHHW\Biplane\experiment\transform_snapshots\20260323_100202_939522,LinearTransform,D:\CodingHHW\Biplane\experiment\transform_snapshots\20260323_100202_939522\20260323_100202_939522_1_LinearTransform.h5,1,LinearTransform_1,D:\CodingHHW\Biplane\experiment\transform_snapshots\20260323_100202_939522\20260323_100202_939522_2_LinearTransform_1.h5,1,LinearTransform_2,D:\CodingHHW\Biplane\experiment\transform_snapshots\20260323_100202_939522\20260323_100202_939522_3_LinearTransform_2.h5,1,3,1,0.057063881,0.057063881,1.12E-14,0,0,0.047449289,0.047449289,6.04E-15,0,0,0.057312743,0.057312743,2.18E-13,1,1,0.056645674,1,1,0,0,30,0.047194613,1,1,0,0,30,0.056452202,1,0,0,0,30,NA,NA,NA,NA,NA,NA,NA,NA,NA,NA,NA,NA,NA,NA,NA,NA,NA,NA,498.164,479.606,410.474,10.117,565.695,59.872,32.162,3.195,3.121,2.34,0.528,0.535
2026-03-23T10:02:26+08:00,20260323_100226_818602,D:\CodingHHW\Biplane\experiment\experiment_results.csv,Panoramix-cropped,perspective,Current mode: Perspective,1,1,0,1,1,1,35.41,57.49,56.59,0.25,0.29,0,0.25 mm,0.29 px,0.00 mm,testPoint,TargetP3D,blackCenter2,PointGreen,PointRed,PointGreen,testPoint,30,0,1,0,1,-23.60302734,156.4367981,-167.0684814,139.4565514,148.830566,170.8559464,153.047688,0,6,10,D:\CodingHHW\Biplane\experiment\transform_snapshots\20260323_100226_818602,LinearTransform,D:\CodingHHW\Biplane\experiment\transform_snapshots\20260323_100226_818602\20260323_100226_818602_1_LinearTransform.h5,1,LinearTransform_1,D:\CodingHHW\Biplane\experiment\transform_snapshots\20260323_100226_818602\20260323_100226_818602_2_LinearTransform_1.h5,1,LinearTransform_2,D:\CodingHHW\Biplane\experiment\transform_snapshots\20260323_100226_818602\20260323_100226_818602_3_LinearTransform_2.h5,1,3,1,0.075291633,0.075291633,5.75E-15,1,1,0.063325348,0.063325348,2.73E-14,0,0,0.073236046,0.073236046,3.91E-13,0,0,0.074846008,1,1,0,0,30,0.059675713,0,1,0,0,30,0.069447146,0,1,0,0,30,NA,NA,NA,NA,NA,NA,NA,NA,NA,NA,NA,NA,NA,NA,NA,NA,NA,NA,508.398,455.192,420.963,9.798,561.49,60.195,33.008,3.195,3.112,2.606,0.618,0.575
2026-03-23T10:02:52+08:00,20260323_100252_848986,D:\CodingHHW\Biplane\experiment\experiment_results.csv,Panoramix-cropped,perspective,Current mode: Perspective,1,1,0,1,1,1,35.41,57.49,56.59,0.19,0.09,0,0.19 mm,0.09 px,0.00 mm,testPoint,TargetP3D,blackCenter2,PointGreen,PointRed,PointGreen,testPoint,30,0,1,0,1,-23.60302734,156.4367981,-167.0684814,139.4565514,148.830566,170.8559464,153.047688,0,6,10,D:\CodingHHW\Biplane\experiment\transform_snapshots\20260323_100252_848986,LinearTransform,D:\CodingHHW\Biplane\experiment\transform_snapshots\20260323_100252_848986\20260323_100252_848986_1_LinearTransform.h5,1,LinearTransform_1,D:\CodingHHW\Biplane\experiment\transform_snapshots\20260323_100252_848986\20260323_100252_848986_2_LinearTransform_1.h5,1,LinearTransform_2,D:\CodingHHW\Biplane\experiment\transform_snapshots\20260323_100252_848986\20260323_100252_848986_3_LinearTransform_2.h5,1,3,1,0.036633494,0.036633494,2.24E-13,1,1,0.041127786,0.041127786,6.30E-14,0,0,0.05695394,0.05695394,5.84E-14,0,0,0.035423654,1,0,0,0,30,0.04055915,0,1,0,0,30,0.054942925,1,0,0,0,30,NA,NA,NA,NA,NA,NA,NA,NA,NA,NA,NA,NA,NA,NA,NA,NA,NA,NA,449.409,399.202,390.546,9.937,564.962,60.878,33.345,3.195,3.015,2.272,0.476,0.804
2026-03-23T10:03:16+08:00,20260323_100316_194447,D:\CodingHHW\Biplane\experiment\experiment_results.csv,Panoramix-cropped,perspective,Current mode: Perspective,1,1,0,1,1,1,35.41,57.49,56.59,0.4,0.26,0,0.40 mm,0.26 px,0.00 mm,testPoint,TargetP3D,blackCenter2,PointGreen,PointRed,PointGreen,testPoint,30,0,1,0,1,-23.60302734,156.4367981,-167.0684814,139.4565514,148.830566,170.8559464,153.047688,0,6,10,D:\CodingHHW\Biplane\experiment\transform_snapshots\20260323_100316_194447,LinearTransform,D:\CodingHHW\Biplane\experiment\transform_snapshots\20260323_100316_194447\20260323_100316_194447_1_LinearTransform.h5,1,LinearTransform_1,D:\CodingHHW\Biplane\experiment\transform_snapshots\20260323_100316_194447\20260323_100316_194447_2_LinearTransform_1.h5,1,LinearTransform_2,D:\CodingHHW\Biplane\experiment\transform_snapshots\20260323_100316_194447\20260323_100316_194447_3_LinearTransform_2.h5,1,3,1,0.063299202,0.063299202,3.31E-14,0,0,0.064030527,0.064030527,2.27E-14,0,0,0.096316298,0.096316298,5.34E-14,1,1,0.05586407,1,0,0,0,30,0.052985751,1,1,0,0,30,0.095934665,0,0,0,0,30,NA,NA,NA,NA,NA,NA,NA,NA,NA,NA,NA,NA,NA,NA,NA,NA,NA,NA,394.029,424.156,410.772,10.301,572.072,62.656,34.331,3.195,3.454,2.983,0.797,0.562
2026-03-23T10:08:29+08:00,20260323_100829_546988,D:\CodingHHW\Biplane\experiment\experiment_results.csv,Panoramix-cropped,perspective,Current mode: Perspective,1,1,0,1,1,1,86.82,81.34,85.85,0.11,0.13,0,0.11 mm,0.13 px,0.00 mm,testPoint,TargetP3D,blackCenter2,PointGreen,PointRed,PointGreen,testPoint,30,0,1,0,1,-23.603,156.437,-167.0684814,139.4564074,156.9644041,178.1731415,158.1979843,0,6,10,D:\CodingHHW\Biplane\experiment\transform_snapshots\20260323_100829_546988,LinearTransform,D:\CodingHHW\Biplane\experiment\transform_snapshots\20260323_100829_546988\20260323_100829_546988_1_LinearTransform.h5,1,LinearTransform_1,D:\CodingHHW\Biplane\experiment\transform_snapshots\20260323_100829_546988\20260323_100829_546988_2_LinearTransform_1.h5,1,LinearTransform_2,D:\CodingHHW\Biplane\experiment\transform_snapshots\20260323_100829_546988\20260323_100829_546988_3_LinearTransform_2.h5,1,3,1,0.069409653,0.069409653,4.60E-13,0,0,0.067865383,0.067865383,2.22E-15,0,0,0.0718124,0.0718124,1.16E-13,1,1,0.069264374,0,1,0,0,30,0.067362524,1,1,0,0,30,0.071545704,0,1,0,0,30,NA,NA,NA,NA,NA,NA,NA,NA,NA,NA,NA,NA,NA,NA,NA,NA,NA,NA,486.516,421.511,422.358,10.107,596.212,63.406,34.023,3.195,3.141,2.647,0.559,0.524
2026-03-23T10:09:11+08:00,20260323_100911_010749,D:\CodingHHW\Biplane\experiment\experiment_results.csv,Panoramix-cropped,perspective,Current mode: Perspective,1,1,0,1,1,1,86.82,81.34,85.85,0.12,0.11,0,0.12 mm,0.11 px,0.00 mm,testPoint,TargetP3D,blackCenter2,PointGreen,PointRed,PointGreen,testPoint,30,0,1,0,1,-23.603,156.437,-167.0684814,139.4564074,156.9644041,178.1731415,158.1979843,0,6,10,D:\CodingHHW\Biplane\experiment\transform_snapshots\20260323_100911_010749,LinearTransform,D:\CodingHHW\Biplane\experiment\transform_snapshots\20260323_100911_010749\20260323_100911_010749_1_LinearTransform.h5,1,LinearTransform_1,D:\CodingHHW\Biplane\experiment\transform_snapshots\20260323_100911_010749\20260323_100911_010749_2_LinearTransform_1.h5,1,LinearTransform_2,D:\CodingHHW\Biplane\experiment\transform_snapshots\20260323_100911_010749\20260323_100911_010749_3_LinearTransform_2.h5,1,3,1,0.042804504,0.042804504,1.53E-13,0,0,0.070201966,0.070201966,3.12E-14,1,1,0.05625709,0.05625709,6.35E-12,0,0,0.042379244,0,0,0,0,30,0.068872098,0,1,0,0,30,0.046569886,0,1,0,0,30,NA,NA,NA,NA,NA,NA,NA,NA,NA,NA,NA,NA,NA,NA,NA,NA,NA,NA,494.028,464.161,456.253,9.891,592.984,63.58,35.654,3.195,3.524,2.323,0.657,0.78
2026-03-23T10:09:43+08:00,20260323_100943_629142,D:\CodingHHW\Biplane\experiment\experiment_results.csv,Panoramix-cropped,perspective,Current mode: Perspective,1,1,0,1,1,1,86.82,81.34,85.85,0.09,0.19,0,0.09 mm,0.19 px,0.00 mm,testPoint,TargetP3D,blackCenter2,PointGreen,PointRed,PointGreen,testPoint,30,0,1,0,1,-23.603,156.437,-167.0684814,139.4564074,156.9644041,178.1731415,158.1979843,0,6,10,D:\CodingHHW\Biplane\experiment\transform_snapshots\20260323_100943_629142,LinearTransform,D:\CodingHHW\Biplane\experiment\transform_snapshots\20260323_100943_629142\20260323_100943_629142_1_LinearTransform.h5,1,LinearTransform_1,D:\CodingHHW\Biplane\experiment\transform_snapshots\20260323_100943_629142\20260323_100943_629142_2_LinearTransform_1.h5,1,LinearTransform_2,D:\CodingHHW\Biplane\experiment\transform_snapshots\20260323_100943_629142\20260323_100943_629142_3_LinearTransform_2.h5,1,3,1,0.059951482,0.059951482,1.73E-14,0,0,0.055151662,0.055151662,3.46E-15,0,0,0.073658247,0.073658247,1.44E-13,1,1,0.057075007,0,0,0,0,30,0.054844563,1,1,0,0,30,0.073378641,1,1,0,0,30,NA,NA,NA,NA,NA,NA,NA,NA,NA,NA,NA,NA,NA,NA,NA,NA,NA,NA,514.07,455.908,455.149,10.375,595.528,62.949,34.308,3.195,3.14,2.685,0.562,0.76
2026-03-23T10:10:10+08:00,20260323_101010_880777,D:\CodingHHW\Biplane\experiment\experiment_results.csv,Panoramix-cropped,perspective,Current mode: Perspective,1,1,0,1,1,1,86.82,81.34,85.85,0.16,0.13,0,0.16 mm,0.13 px,0.00 mm,testPoint,TargetP3D,blackCenter2,PointGreen,PointRed,PointGreen,testPoint,30,0,1,0,1,-23.603,156.437,-167.0684814,139.4564074,156.9644041,178.1731415,158.1979843,0,6,10,D:\CodingHHW\Biplane\experiment\transform_snapshots\20260323_101010_880777,LinearTransform,D:\CodingHHW\Biplane\experiment\transform_snapshots\20260323_101010_880777\20260323_101010_880777_1_LinearTransform.h5,1,LinearTransform_1,D:\CodingHHW\Biplane\experiment\transform_snapshots\20260323_101010_880777\20260323_101010_880777_2_LinearTransform_1.h5,1,LinearTransform_2,D:\CodingHHW\Biplane\experiment\transform_snapshots\20260323_101010_880777\20260323_101010_880777_3_LinearTransform_2.h5,1,3,1,0.062824041,0.062824041,8.01E-14,1,1,0.062275308,0.062275308,8.66E-13,0,0,0.061392603,0.061392603,8.94E-13,0,0,0.05541883,0,1,0,0,30,0.060159863,0,1,0,0,30,0.060241319,0,0,0,0,30,NA,NA,NA,NA,NA,NA,NA,NA,NA,NA,NA,NA,NA,NA,NA,NA,NA,NA,469.734,386.507,508.416,9.822,591.462,60.009,32.404,3.195,3.226,2.464,0.722,0.822
2026-03-23T10:10:35+08:00,20260323_101035_327873,D:\CodingHHW\Biplane\experiment\experiment_results.csv,Panoramix-cropped,perspective,Current mode: Perspective,1,1,0,1,1,1,86.82,81.34,85.85,0.18,0.43,0,0.18 mm,0.43 px,0.00 mm,testPoint,TargetP3D,blackCenter2,PointGreen,PointRed,PointGreen,testPoint,30,0,1,0,1,-23.603,156.437,-167.0684814,139.4564074,156.9644041,178.1731415,158.1979843,0,6,10,D:\CodingHHW\Biplane\experiment\transform_snapshots\20260323_101035_327873,LinearTransform,D:\CodingHHW\Biplane\experiment\transform_snapshots\20260323_101035_327873\20260323_101035_327873_1_LinearTransform.h5,1,LinearTransform_1,D:\CodingHHW\Biplane\experiment\transform_snapshots\20260323_101035_327873\20260323_101035_327873_2_LinearTransform_1.h5,1,LinearTransform_2,D:\CodingHHW\Biplane\experiment\transform_snapshots\20260323_101035_327873\20260323_101035_327873_3_LinearTransform_2.h5,1,3,1,0.056371413,0.056371413,3.67E-13,0,0,0.057920084,0.057920084,1.69E-12,1,1,0.052781112,0.052781112,3.58E-13,1,1,0.055244057,0,0,0,0,30,0.054688229,1,0,0,0,30,0.050006862,0,1,0,0,30,NA,NA,NA,NA,NA,NA,NA,NA,NA,NA,NA,NA,NA,NA,NA,NA,NA,NA,468.941,445.946,477.395,10.169,591.423,61.945,33.9,3.195,3.238,2.15,0.584,0.506
2026-03-23T10:11:05+08:00,20260323_101105_035921,D:\CodingHHW\Biplane\experiment\experiment_results.csv,Panoramix-cropped,perspective,Current mode: Perspective,1,1,0,1,1,1,86.82,81.34,85.85,0.08,0.05,0,0.08 mm,0.05 px,0.00 mm,testPoint,TargetP3D,blackCenter2,PointGreen,PointRed,PointGreen,testPoint,30,0,1,0,1,-23.603,156.437,-167.0684814,139.4564074,156.9644041,178.1731415,158.1979843,0,6,10,D:\CodingHHW\Biplane\experiment\transform_snapshots\20260323_101105_035921,LinearTransform,D:\CodingHHW\Biplane\experiment\transform_snapshots\20260323_101105_035921\20260323_101105_035921_1_LinearTransform.h5,1,LinearTransform_1,D:\CodingHHW\Biplane\experiment\transform_snapshots\20260323_101105_035921\20260323_101105_035921_2_LinearTransform_1.h5,1,LinearTransform_2,D:\CodingHHW\Biplane\experiment\transform_snapshots\20260323_101105_035921\20260323_101105_035921_3_LinearTransform_2.h5,1,3,1,0.046540146,0.046540146,7.26E-14,0,0,0.058378595,0.058378595,1.56E-14,1,1,0.064632302,0.064632302,1.73E-12,1,1,0.045893851,0,1,0,0,30,0.056988042,0,1,0,0,30,0.062149767,0,1,0,0,30,NA,NA,NA,NA,NA,NA,NA,NA,NA,NA,NA,NA,NA,NA,NA,NA,NA,NA,472.561,490.467,449.417,9.98,597.076,63.288,35.838,3.195,3.159,2.265,0.632,0.725
2026-03-23T10:11:57+08:00,20260323_101157_883254,D:\CodingHHW\Biplane\experiment\experiment_results.csv,Panoramix-cropped,orthographic,Current mode: Orthographic,1,0,1,1,1,1,86.82,81.34,85.85,0.18,0.12,0,0.18 mm,0.12 px,0.00 mm,testPoint,TargetP3D,blackCenter2,PointGreen,PointRed,PointGreen,testPoint,30,1,1,0,1,-23.603,156.437,-167.0684814,139.4564074,156.9644041,178.1731415,158.1979843,0,6,10,D:\CodingHHW\Biplane\experiment\transform_snapshots\20260323_101157_883254,LinearTransform,D:\CodingHHW\Biplane\experiment\transform_snapshots\20260323_101157_883254\20260323_101157_883254_1_LinearTransform.h5,1,LinearTransform_1,D:\CodingHHW\Biplane\experiment\transform_snapshots\20260323_101157_883254\20260323_101157_883254_2_LinearTransform_1.h5,1,LinearTransform_2,D:\CodingHHW\Biplane\experiment\transform_snapshots\20260323_101157_883254\20260323_101157_883254_3_LinearTransform_2.h5,1,3,1,1.036845527,1.036845527,3.22E-14,1,1,1.627613395,1.627613395,1.18E-13,1,1,1.618438674,1.618438674,7.26E-13,0,0,NA,NA,NA,NA,NA,NA,NA,NA,NA,NA,NA,NA,NA,NA,NA,NA,NA,NA,0.040511879,0,1,0,0,30,0.059836209,0,0,0,0,30,0.045147312,1,1,0,0,30,473.233,448.638,449.015,9.672,561.499,30.352,35.838,3.281,3.229,2.127,0.645,0.482
2026-03-23T10:12:26+08:00,20260323_101226_054504,D:\CodingHHW\Biplane\experiment\experiment_results.csv,Panoramix-cropped,orthographic,Current mode: Orthographic,1,0,1,1,1,1,86.82,81.34,85.85,0.09,0.31,0,0.09 mm,0.31 px,0.00 mm,testPoint,TargetP3D,blackCenter2,PointGreen,PointRed,PointGreen,testPoint,30,1,1,0,1,-23.603,156.437,-167.0684814,139.4564074,156.9644041,178.1731415,158.1979843,0,6,10,D:\CodingHHW\Biplane\experiment\transform_snapshots\20260323_101226_054504,LinearTransform,D:\CodingHHW\Biplane\experiment\transform_snapshots\20260323_101226_054504\20260323_101226_054504_1_LinearTransform.h5,1,LinearTransform_1,D:\CodingHHW\Biplane\experiment\transform_snapshots\20260323_101226_054504\20260323_101226_054504_2_LinearTransform_1.h5,1,LinearTransform_2,D:\CodingHHW\Biplane\experiment\transform_snapshots\20260323_101226_054504\20260323_101226_054504_3_LinearTransform_2.h5,1,3,1,1.761543402,1.761543402,8.06E-14,0,0,3.014314342,3.014314342,8.04E-14,1,0,2.427673436,2.427673436,2.84E-14,0,0,NA,NA,NA,NA,NA,NA,NA,NA,NA,NA,NA,NA,NA,NA,NA,NA,NA,NA,0.050930684,0,1,0,0,30,0.04275402,0,0,0,0,30,0.059074403,0,0,0,0,30,670.177,493.522,434.68,10.006,566.99,30.552,35.838,2.929,3.188,2.209,0.647,0.613
2026-03-23T10:12:50+08:00,20260323_101250_010818,D:\CodingHHW\Biplane\experiment\experiment_results.csv,Panoramix-cropped,orthographic,Current mode: Orthographic,1,0,1,1,1,1,86.82,81.34,85.85,0.09,0.11,0,0.09 mm,0.11 px,0.00 mm,testPoint,TargetP3D,blackCenter2,PointGreen,PointRed,PointGreen,testPoint,30,1,1,0,1,-23.603,156.437,-167.0684814,139.4564074,156.9644041,178.1731415,158.1979843,0,6,10,D:\CodingHHW\Biplane\experiment\transform_snapshots\20260323_101250_010818,LinearTransform,D:\CodingHHW\Biplane\experiment\transform_snapshots\20260323_101250_010818\20260323_101250_010818_1_LinearTransform.h5,1,LinearTransform_1,D:\CodingHHW\Biplane\experiment\transform_snapshots\20260323_101250_010818\20260323_101250_010818_2_LinearTransform_1.h5,1,LinearTransform_2,D:\CodingHHW\Biplane\experiment\transform_snapshots\20260323_101250_010818\20260323_101250_010818_3_LinearTransform_2.h5,1,3,1,1.537452097,1.537452097,4.04E-14,1,1,1.88071961,1.88071961,6.55E-14,0,0,2.158325641,2.158325641,1.51E-14,0,0,NA,NA,NA,NA,NA,NA,NA,NA,NA,NA,NA,NA,NA,NA,NA,NA,NA,NA,0.055110126,1,1,0,0,30,0.04503605,1,0,0,0,30,0.026445352,0,1,0,0,30,536.989,462.16,447.975,9.929,574.903,31.048,35.838,3.381,3.636,2.155,0.56,0.637
2026-03-23T10:13:16+08:00,20260323_101316_273900,D:\CodingHHW\Biplane\experiment\experiment_results.csv,Panoramix-cropped,orthographic,Current mode: Orthographic,1,0,1,1,1,1,86.82,81.34,85.85,0.11,0.31,0,0.11 mm,0.31 px,0.00 mm,testPoint,TargetP3D,blackCenter2,PointGreen,PointRed,PointGreen,testPoint,30,1,1,0,1,-23.603,156.437,-167.0684814,139.4564074,156.9644041,178.1731415,158.1979843,0,6,10,D:\CodingHHW\Biplane\experiment\transform_snapshots\20260323_101316_273900,LinearTransform,D:\CodingHHW\Biplane\experiment\transform_snapshots\20260323_101316_273900\20260323_101316_273900_1_LinearTransform.h5,1,LinearTransform_1,D:\CodingHHW\Biplane\experiment\transform_snapshots\20260323_101316_273900\20260323_101316_273900_2_LinearTransform_1.h5,1,LinearTransform_2,D:\CodingHHW\Biplane\experiment\transform_snapshots\20260323_101316_273900\20260323_101316_273900_3_LinearTransform_2.h5,1,3,1,1.547345102,1.547345102,2.44E-14,0,0,2.345980384,2.345980384,3.69E-14,0,1,2.07374424,2.07374424,4.11E-13,0,0,NA,NA,NA,NA,NA,NA,NA,NA,NA,NA,NA,NA,NA,NA,NA,NA,NA,NA,0.037542799,0,1,0,0,30,0.035166737,1,1,0,0,30,0.056281553,1,0,0,0,30,627.984,473.511,413.616,9.868,565.279,30.173,35.838,3.306,3.156,2.196,0.597,0.589
2026-03-23T10:14:06+08:00,20260323_101406_409807,D:\CodingHHW\Biplane\experiment\experiment_results.csv,Panoramix-cropped,orthographic,Current mode: Orthographic,1,0,1,1,1,1,86.82,81.34,85.85,0.16,0.09,0,0.16 mm,0.09 px,0.00 mm,testPoint,TargetP3D,blackCenter2,PointGreen,PointRed,PointGreen,testPoint,30,1,1,0,1,-23.603,156.437,-167.0684814,139.4564074,156.9644041,178.1731415,158.1979843,0,6,10,D:\CodingHHW\Biplane\experiment\transform_snapshots\20260323_101406_409807,LinearTransform,D:\CodingHHW\Biplane\experiment\transform_snapshots\20260323_101406_409807\20260323_101406_409807_1_LinearTransform.h5,1,LinearTransform_1,D:\CodingHHW\Biplane\experiment\transform_snapshots\20260323_101406_409807\20260323_101406_409807_2_LinearTransform_1.h5,1,LinearTransform_2,D:\CodingHHW\Biplane\experiment\transform_snapshots\20260323_101406_409807\20260323_101406_409807_3_LinearTransform_2.h5,1,3,1,1.536427482,1.536427482,1.40E-14,0,0,1.84138166,1.84138166,3.34E-13,0,0,1.469405768,1.469405768,7.88E-14,1,1,NA,NA,NA,NA,NA,NA,NA,NA,NA,NA,NA,NA,NA,NA,NA,NA,NA,NA,0.026262469,1,1,0,0,30,0.062688044,1,1,0,0,30,0.046619327,0,1,0,0,30,555.095,443.259,396.468,10.175,570.505,30.969,35.838,3.572,3.269,2.812,0.546,0.619
2026-03-23T10:14:33+08:00,20260323_101433_432841,D:\CodingHHW\Biplane\experiment\experiment_results.csv,Panoramix-cropped,orthographic,Current mode: Orthographic,1,0,1,1,1,1,86.82,81.34,85.85,0.04,0.08,0,0.04 mm,0.08 px,0.00 mm,testPoint,TargetP3D,blackCenter2,PointGreen,PointRed,PointGreen,testPoint,30,1,1,0,1,-23.603,156.437,-167.0684814,139.4564074,156.9644041,178.1731415,158.1979843,0,6,10,D:\CodingHHW\Biplane\experiment\transform_snapshots\20260323_101433_432841,LinearTransform,D:\CodingHHW\Biplane\experiment\transform_snapshots\20260323_101433_432841\20260323_101433_432841_1_LinearTransform.h5,1,LinearTransform_1,D:\CodingHHW\Biplane\experiment\transform_snapshots\20260323_101433_432841\20260323_101433_432841_2_LinearTransform_1.h5,1,LinearTransform_2,D:\CodingHHW\Biplane\experiment\transform_snapshots\20260323_101433_432841\20260323_101433_432841_3_LinearTransform_2.h5,1,3,1,1.81698043,1.81698043,1.80E-14,1,1,1.857010516,1.857010516,4.53E-14,0,0,1.535372309,1.535372309,4.62E-13,1,1,NA,NA,NA,NA,NA,NA,NA,NA,NA,NA,NA,NA,NA,NA,NA,NA,NA,NA,0.044996442,1,1,0,0,30,0.04250851,0,1,0,0,30,0.054839007,1,1,0,0,30,598.44,458.781,394.188,9.803,571.334,30.735,35.838,3.617,3.384,2.171,0.534,0.506
2026-03-23T10:17:40+08:00,20260323_101740_027284,D:\CodingHHW\Biplane\experiment\experiment_results.csv,Panoramix-cropped,orthographic,Current mode: Orthographic,1,0,1,1,1,1,17,22.14,14.7,2.82,0.21,0,2.82 mm,0.21 px,0.00 mm,testPoint,TargetP3D,blackCenter2,PointGreen,PointRed,PointGreen,testPoint,30,1,1,0,1,-23.603,156.437,-167.0684814,139.4564074,147.4254291,164.3746018,150.4188128,0,6,10,D:\CodingHHW\Biplane\experiment\transform_snapshots\20260323_101740_027284,LinearTransform,D:\CodingHHW\Biplane\experiment\transform_snapshots\20260323_101740_027284\20260323_101740_027284_1_LinearTransform.h5,1,LinearTransform_1,D:\CodingHHW\Biplane\experiment\transform_snapshots\20260323_101740_027284\20260323_101740_027284_2_LinearTransform_1.h5,1,LinearTransform_2,D:\CodingHHW\Biplane\experiment\transform_snapshots\20260323_101740_027284\20260323_101740_027284_3_LinearTransform_2.h5,1,3,1,1.099073668,1.099073668,2.70E-13,1,1,1.148369708,1.148369708,1.47E-14,0,1,1.365740481,1.365740481,3.18E-12,1,0,NA,NA,NA,NA,NA,NA,NA,NA,NA,NA,NA,NA,NA,NA,NA,NA,NA,NA,0.031030206,1,1,0,0,30,0.060069928,0,0,0,0,30,0.045871585,0,1,0,0,30,508.661,510.766,536.537,10.078,536.628,30.414,35.838,3.297,3.422,2.254,0.516,0.554
2026-03-23T10:18:14+08:00,20260323_101814_022195,D:\CodingHHW\Biplane\experiment\experiment_results.csv,Panoramix-cropped,orthographic,Current mode: Orthographic,1,0,1,1,1,1,17,22.14,14.7,1.46,0.21,0,1.46 mm,0.21 px,0.00 mm,testPoint,TargetP3D,blackCenter2,PointGreen,PointRed,PointGreen,testPoint,30,1,1,0,1,-23.603,156.437,-167.0684814,139.4564074,147.4254291,164.3746018,150.4188128,0,6,10,D:\CodingHHW\Biplane\experiment\transform_snapshots\20260323_101814_022195,LinearTransform,D:\CodingHHW\Biplane\experiment\transform_snapshots\20260323_101814_022195\20260323_101814_022195_1_LinearTransform.h5,1,LinearTransform_1,D:\CodingHHW\Biplane\experiment\transform_snapshots\20260323_101814_022195\20260323_101814_022195_2_LinearTransform_1.h5,1,LinearTransform_2,D:\CodingHHW\Biplane\experiment\transform_snapshots\20260323_101814_022195\20260323_101814_022195_3_LinearTransform_2.h5,1,3,1,1.551810479,1.551810479,7.09E-13,0,0,1.591158767,1.591158767,1.64E-14,1,1,1.510803211,1.510803211,2.60E-13,0,0,NA,NA,NA,NA,NA,NA,NA,NA,NA,NA,NA,NA,NA,NA,NA,NA,NA,NA,0.038558225,1,0,0,0,30,0.040385045,1,1,0,0,30,0.049814187,0,0,0,0,30,535.188,656.643,513.037,9.82,542.959,31.255,35.838,3.536,3.252,2.196,0.494,0.636
2026-03-23T10:18:49+08:00,20260323_101849_089315,D:\CodingHHW\Biplane\experiment\experiment_results.csv,Panoramix-cropped,orthographic,Current mode: Orthographic,1,0,1,1,1,1,17,22.14,14.7,0.07,0.19,0,0.07 mm,0.19 px,0.00 mm,testPoint,TargetP3D,blackCenter2,PointGreen,PointRed,PointGreen,testPoint,30,1,1,0,1,-23.603,156.437,-167.0684814,139.4564074,147.4254291,164.3746018,150.4188128,0,6,10,D:\CodingHHW\Biplane\experiment\transform_snapshots\20260323_101849_089315,LinearTransform,D:\CodingHHW\Biplane\experiment\transform_snapshots\20260323_101849_089315\20260323_101849_089315_1_LinearTransform.h5,1,LinearTransform_1,D:\CodingHHW\Biplane\experiment\transform_snapshots\20260323_101849_089315\20260323_101849_089315_2_LinearTransform_1.h5,1,LinearTransform_2,D:\CodingHHW\Biplane\experiment\transform_snapshots\20260323_101849_089315\20260323_101849_089315_3_LinearTransform_2.h5,1,3,1,1.545321963,1.545321963,1.59E-13,0,0,1.763779482,1.763779482,3.11E-15,0,0,1.544329398,1.544329398,7.75E-13,0,0,NA,NA,NA,NA,NA,NA,NA,NA,NA,NA,NA,NA,NA,NA,NA,NA,NA,NA,0.057543859,1,1,0,0,30,0.047060028,0,0,0,0,30,0.042332385,0,1,0,0,30,565.853,544.796,457.08,10.183,541.587,30.195,35.838,2.968,3.311,2.279,0.652,0.544
2026-03-23T10:19:12+08:00,20260323_101912_098326,D:\CodingHHW\Biplane\experiment\experiment_results.csv,Panoramix-cropped,orthographic,Current mode: Orthographic,1,0,1,1,1,1,17,22.14,14.7,0.75,0.31,0,0.75 mm,0.31 px,0.00 mm,testPoint,TargetP3D,blackCenter2,PointGreen,PointRed,PointGreen,testPoint,30,1,1,0,1,-23.603,156.437,-167.0684814,139.4564074,147.4254291,164.3746018,150.4188128,0,6,10,D:\CodingHHW\Biplane\experiment\transform_snapshots\20260323_101912_098326,LinearTransform,D:\CodingHHW\Biplane\experiment\transform_snapshots\20260323_101912_098326\20260323_101912_098326_1_LinearTransform.h5,1,LinearTransform_1,D:\CodingHHW\Biplane\experiment\transform_snapshots\20260323_101912_098326\20260323_101912_098326_2_LinearTransform_1.h5,1,LinearTransform_2,D:\CodingHHW\Biplane\experiment\transform_snapshots\20260323_101912_098326\20260323_101912_098326_3_LinearTransform_2.h5,1,3,1,1.609081792,1.609081792,2.55E-14,0,0,2.128443967,2.128443967,8.88E-14,1,1,1.151498526,1.151498526,8.39E-14,0,0,NA,NA,NA,NA,NA,NA,NA,NA,NA,NA,NA,NA,NA,NA,NA,NA,NA,NA,0.039266739,0,1,0,0,30,0.057562461,0,1,0,0,30,0.027317319,1,0,0,0,30,623.152,579.886,471.11,10.021,538.564,29.618,35.838,3.186,3.148,2.22,0.676,0.624
2026-03-23T10:19:35+08:00,20260323_101935_832229,D:\CodingHHW\Biplane\experiment\experiment_results.csv,Panoramix-cropped,orthographic,Current mode: Orthographic,1,0,1,1,1,1,17,22.14,14.7,2.4,0.29,0,2.40 mm,0.29 px,0.00 mm,testPoint,TargetP3D,blackCenter2,PointGreen,PointRed,PointGreen,testPoint,30,1,1,0,1,-23.603,156.437,-167.0684814,139.4564074,147.4254291,164.3746018,150.4188128,0,6,10,D:\CodingHHW\Biplane\experiment\transform_snapshots\20260323_101935_832229,LinearTransform,D:\CodingHHW\Biplane\experiment\transform_snapshots\20260323_101935_832229\20260323_101935_832229_1_LinearTransform.h5,1,LinearTransform_1,D:\CodingHHW\Biplane\experiment\transform_snapshots\20260323_101935_832229\20260323_101935_832229_2_LinearTransform_1.h5,1,LinearTransform_2,D:\CodingHHW\Biplane\experiment\transform_snapshots\20260323_101935_832229\20260323_101935_832229_3_LinearTransform_2.h5,1,3,1,1.39881873,1.39881873,1.95E-14,1,1,1.250422289,1.250422289,3.80E-14,0,0,1.193289676,1.193290714,1.04E-06,1,1,NA,NA,NA,NA,NA,NA,NA,NA,NA,NA,NA,NA,NA,NA,NA,NA,NA,NA,0.06075238,1,0,0,0,30,0.071516446,0,0,0,0,30,0.063371716,1,0,0,0,30,516.993,534.763,477.324,9.918,534.341,30.438,35.838,3.257,3.221,2.313,0.572,0.738
2026-03-23T10:20:08+08:00,20260323_102008_332172,D:\CodingHHW\Biplane\experiment\experiment_results.csv,Panoramix-cropped,orthographic,Current mode: Orthographic,1,0,1,1,1,1,17,22.14,14.7,0.14,0.32,0,0.14 mm,0.32 px,0.00 mm,testPoint,TargetP3D,blackCenter2,PointGreen,PointRed,PointGreen,testPoint,30,1,1,0,1,-23.603,156.437,-167.0684814,139.4564074,147.4254291,164.3746018,150.4188128,0,6,10,D:\CodingHHW\Biplane\experiment\transform_snapshots\20260323_102008_332172,LinearTransform,D:\CodingHHW\Biplane\experiment\transform_snapshots\20260323_102008_332172\20260323_102008_332172_1_LinearTransform.h5,1,LinearTransform_1,D:\CodingHHW\Biplane\experiment\transform_snapshots\20260323_102008_332172\20260323_102008_332172_2_LinearTransform_1.h5,1,LinearTransform_2,D:\CodingHHW\Biplane\experiment\transform_snapshots\20260323_102008_332172\20260323_102008_332172_3_LinearTransform_2.h5,1,3,1,1.293591327,1.293591327,1.10E-13,0,0,1.501921581,1.501921581,3.77E-14,0,0,1.36622984,1.36622984,1.27E-13,1,1,NA,NA,NA,NA,NA,NA,NA,NA,NA,NA,NA,NA,NA,NA,NA,NA,NA,NA,0.076484387,0,0,0,0,30,0.074418236,1,1,0,0,30,0.070883214,0,0,0,0,30,510.243,534.631,483.352,9.861,540.727,30.996,35.838,3.328,11.277,2.597,0.553,0.534
2026-03-23T10:20:33+08:00,20260323_102033_973605,D:\CodingHHW\Biplane\experiment\experiment_results.csv,Panoramix-cropped,orthographic,Current mode: Orthographic,1,0,1,1,1,1,17,22.14,14.7,0.25,0.84,0,0.25 mm,0.84 px,0.00 mm,testPoint,TargetP3D,blackCenter2,PointGreen,PointRed,PointGreen,testPoint,30,1,1,0,1,-23.603,156.437,-167.0684814,139.4564074,147.4254291,164.3746018,150.4188128,0,6,10,D:\CodingHHW\Biplane\experiment\transform_snapshots\20260323_102033_973605,LinearTransform,D:\CodingHHW\Biplane\experiment\transform_snapshots\20260323_102033_973605\20260323_102033_973605_1_LinearTransform.h5,1,LinearTransform_1,D:\CodingHHW\Biplane\experiment\transform_snapshots\20260323_102033_973605\20260323_102033_973605_2_LinearTransform_1.h5,1,LinearTransform_2,D:\CodingHHW\Biplane\experiment\transform_snapshots\20260323_102033_973605\20260323_102033_973605_3_LinearTransform_2.h5,1,3,1,1.308422646,1.308422646,5.28E-14,0,0,1.50958055,1.50958055,5.26E-14,0,0,1.305938328,1.305938328,5.06E-14,0,0,NA,NA,NA,NA,NA,NA,NA,NA,NA,NA,NA,NA,NA,NA,NA,NA,NA,NA,0.070039296,0,1,0,0,30,0.049050098,1,0,0,0,30,0.043182047,0,0,0,0,30,559.749,567.406,488.179,10.744,1458.063,30.368,35.838,3.394,3.02,2.591,0.673,0.525
2026-03-23T10:21:08+08:00,20260323_102108_406892,D:\CodingHHW\Biplane\experiment\experiment_results.csv,Panoramix-cropped,orthographic,Current mode: Orthographic,1,0,1,1,1,1,17,22.14,14.7,0.69,0.16,0,0.69 mm,0.16 px,0.00 mm,testPoint,TargetP3D,blackCenter2,PointGreen,PointRed,PointGreen,testPoint,30,1,1,0,1,-23.603,156.437,-167.0684814,139.4564074,147.4254291,164.3746018,150.4188128,0,6,10,D:\CodingHHW\Biplane\experiment\transform_snapshots\20260323_102108_406892,LinearTransform,D:\CodingHHW\Biplane\experiment\transform_snapshots\20260323_102108_406892\20260323_102108_406892_1_LinearTransform.h5,1,LinearTransform_1,D:\CodingHHW\Biplane\experiment\transform_snapshots\20260323_102108_406892\20260323_102108_406892_2_LinearTransform_1.h5,1,LinearTransform_2,D:\CodingHHW\Biplane\experiment\transform_snapshots\20260323_102108_406892\20260323_102108_406892_3_LinearTransform_2.h5,1,3,1,1.174484079,1.174484079,5.27E-13,0,0,1.29232947,1.29232947,4.11E-14,0,0,1.254049736,1.254049736,8.02E-14,0,0,NA,NA,NA,NA,NA,NA,NA,NA,NA,NA,NA,NA,NA,NA,NA,NA,NA,NA,0.056100958,1,1,0,0,30,0.054274078,0,0,0,0,30,0.05737898,0,1,0,0,30,516.199,553.677,456.987,10.03,550.739,30.811,35.838,3.381,3.267,2.302,0.917,0.563
2026-03-23T10:22:13+08:00,20260323_102213_258687,D:\CodingHHW\Biplane\experiment\experiment_results.csv,Panoramix-cropped,perspective,Current mode: Perspective,1,1,0,1,1,1,17,22.14,14.7,0.41,0.19,0,0.41 mm,0.19 px,0.00 mm,testPoint,TargetP3D,blackCenter2,PointGreen,PointRed,PointGreen,testPoint,30,0,1,0,1,-23.603,156.437,-167.0684814,139.4564074,147.4254291,164.3746018,150.4188128,0,6,10,D:\CodingHHW\Biplane\experiment\transform_snapshots\20260323_102213_258687,LinearTransform,D:\CodingHHW\Biplane\experiment\transform_snapshots\20260323_102213_258687\20260323_102213_258687_1_LinearTransform.h5,1,LinearTransform_1,D:\CodingHHW\Biplane\experiment\transform_snapshots\20260323_102213_258687\20260323_102213_258687_2_LinearTransform_1.h5,1,LinearTransform_2,D:\CodingHHW\Biplane\experiment\transform_snapshots\20260323_102213_258687\20260323_102213_258687_3_LinearTransform_2.h5,1,3,1,0.078705479,0.078705479,1.80E-12,0,0,0.052671613,0.052671613,1.27E-14,0,0,0.071638211,0.071638211,2.25E-12,0,0,0.077766319,0,0,0,0,30,0.043895825,0,1,0,0,30,0.064045022,1,1,0,0,30,NA,NA,NA,NA,NA,NA,NA,NA,NA,NA,NA,NA,NA,NA,NA,NA,NA,NA,415.058,472.64,439.407,9.865,573.331,62.94,35.089,3.381,3.066,2.264,0.717,0.557
2026-03-23T10:22:41+08:00,20260323_102241_536457,D:\CodingHHW\Biplane\experiment\experiment_results.csv,Panoramix-cropped,perspective,Current mode: Perspective,1,1,0,1,1,1,17,22.14,14.7,0.49,0.16,0,0.49 mm,0.16 px,0.00 mm,testPoint,TargetP3D,blackCenter2,PointGreen,PointRed,PointGreen,testPoint,30,0,1,0,1,-23.603,156.437,-167.0684814,139.4564074,147.4254291,164.3746018,150.4188128,0,6,10,D:\CodingHHW\Biplane\experiment\transform_snapshots\20260323_102241_536457,LinearTransform,D:\CodingHHW\Biplane\experiment\transform_snapshots\20260323_102241_536457\20260323_102241_536457_1_LinearTransform.h5,1,LinearTransform_1,D:\CodingHHW\Biplane\experiment\transform_snapshots\20260323_102241_536457\20260323_102241_536457_2_LinearTransform_1.h5,1,LinearTransform_2,D:\CodingHHW\Biplane\experiment\transform_snapshots\20260323_102241_536457\20260323_102241_536457_3_LinearTransform_2.h5,1,3,1,0.064968053,0.064968053,5.92E-14,1,1,0.073592681,0.073592681,1.44E-13,1,1,0.073222462,0.073222462,1.70E-13,0,0,0.063848374,0,0,0,0,30,0.067779502,0,0,0,0,30,0.069188182,0,1,0,0,30,NA,NA,NA,NA,NA,NA,NA,NA,NA,NA,NA,NA,NA,NA,NA,NA,NA,NA,446.401,441.502,402.764,10.613,573.988,64.234,36.358,3.381,3.469,2.325,0.526,0.546
2026-03-23T10:23:05+08:00,20260323_102305_874696,D:\CodingHHW\Biplane\experiment\experiment_results.csv,Panoramix-cropped,perspective,Current mode: Perspective,1,1,0,1,1,1,17,22.14,14.7,0.44,0.18,0,0.44 mm,0.18 px,0.00 mm,testPoint,TargetP3D,blackCenter2,PointGreen,PointRed,PointGreen,testPoint,30,0,1,0,1,-23.603,156.437,-167.0684814,139.4564074,147.4254291,164.3746018,150.4188128,0,6,10,D:\CodingHHW\Biplane\experiment\transform_snapshots\20260323_102305_874696,LinearTransform,D:\CodingHHW\Biplane\experiment\transform_snapshots\20260323_102305_874696\20260323_102305_874696_1_LinearTransform.h5,1,LinearTransform_1,D:\CodingHHW\Biplane\experiment\transform_snapshots\20260323_102305_874696\20260323_102305_874696_2_LinearTransform_1.h5,1,LinearTransform_2,D:\CodingHHW\Biplane\experiment\transform_snapshots\20260323_102305_874696\20260323_102305_874696_3_LinearTransform_2.h5,1,3,1,0.054742936,0.054742936,3.31E-14,0,0,0.053470758,0.053470758,3.05E-14,1,1,0.065738379,0.065738379,9.84E-14,1,1,0.053353161,1,0,0,0,30,0.053298698,0,1,0,0,30,0.064481207,1,0,0,0,30,NA,NA,NA,NA,NA,NA,NA,NA,NA,NA,NA,NA,NA,NA,NA,NA,NA,NA,487.113,490.439,451.662,9.843,572.472,62.561,34.464,3.381,3.349,2.172,0.738,0.521
2026-03-23T10:23:32+08:00,20260323_102332_216500,D:\CodingHHW\Biplane\experiment\experiment_results.csv,Panoramix-cropped,perspective,Current mode: Perspective,1,1,0,1,1,1,17,22.14,14.7,0.04,0.05,0,0.04 mm,0.05 px,0.00 mm,testPoint,TargetP3D,blackCenter2,PointGreen,PointRed,PointGreen,testPoint,30,0,1,0,1,-23.603,156.437,-167.0684814,139.4564074,147.4254291,164.3746018,150.4188128,0,6,10,D:\CodingHHW\Biplane\experiment\transform_snapshots\20260323_102332_216500,LinearTransform,D:\CodingHHW\Biplane\experiment\transform_snapshots\20260323_102332_216500\20260323_102332_216500_1_LinearTransform.h5,1,LinearTransform_1,D:\CodingHHW\Biplane\experiment\transform_snapshots\20260323_102332_216500\20260323_102332_216500_2_LinearTransform_1.h5,1,LinearTransform_2,D:\CodingHHW\Biplane\experiment\transform_snapshots\20260323_102332_216500\20260323_102332_216500_3_LinearTransform_2.h5,1,3,1,0.056504302,0.056504302,2.68E-14,1,1,0.05827015,0.05827015,2.07E-14,1,1,0.065419687,0.065419687,2.08E-14,0,0,0.055597399,1,1,0,0,30,0.057658154,1,1,0,0,30,0.064829599,1,0,0,0,30,NA,NA,NA,NA,NA,NA,NA,NA,NA,NA,NA,NA,NA,NA,NA,NA,NA,NA,483.622,474.433,436.424,9.998,568.262,62.111,34.047,3.381,3.075,2.308,0.601,0.588
2026-03-23T10:24:15+08:00,20260323_102415_347151,D:\CodingHHW\Biplane\experiment\experiment_results.csv,Panoramix-cropped,perspective,Current mode: Perspective,1,1,0,1,1,1,17,22.14,14.7,0.87,0.26,0,0.87 mm,0.26 px,0.00 mm,testPoint,TargetP3D,blackCenter2,PointGreen,PointRed,PointGreen,testPoint,30,0,1,0,1,-23.603,156.437,-167.0684814,139.4564074,147.4254291,164.3746018,150.4188128,0,6,10,D:\CodingHHW\Biplane\experiment\transform_snapshots\20260323_102415_347151,LinearTransform,D:\CodingHHW\Biplane\experiment\transform_snapshots\20260323_102415_347151\20260323_102415_347151_1_LinearTransform.h5,1,LinearTransform_1,D:\CodingHHW\Biplane\experiment\transform_snapshots\20260323_102415_347151\20260323_102415_347151_2_LinearTransform_1.h5,1,LinearTransform_2,D:\CodingHHW\Biplane\experiment\transform_snapshots\20260323_102415_347151\20260323_102415_347151_3_LinearTransform_2.h5,1,3,1,0.045998018,0.045998018,5.31E-12,0,0,0.064273254,0.064273254,1.91E-12,1,1,0.074737759,0.074737759,3.64E-14,1,1,0.045136913,0,0,0,0,30,0.053324969,0,0,0,0,30,0.06856666,1,1,0,0,30,NA,NA,NA,NA,NA,NA,NA,NA,NA,NA,NA,NA,NA,NA,NA,NA,NA,NA,477.339,399.467,414.224,9.874,573.906,62.657,35.084,3.381,3.494,2.515,0.597,0.548
2026-03-23T10:24:48+08:00,20260323_102448_988086,D:\CodingHHW\Biplane\experiment\experiment_results.csv,Panoramix-cropped,perspective,Current mode: Perspective,1,1,0,1,1,1,17,22.14,14.7,0.45,0.36,0,0.45 mm,0.36 px,0.00 mm,testPoint,TargetP3D,blackCenter2,PointGreen,PointRed,PointGreen,testPoint,30,0,1,0,1,-23.603,156.437,-167.0684814,139.4564074,147.4254291,164.3746018,150.4188128,0,6,10,D:\CodingHHW\Biplane\experiment\transform_snapshots\20260323_102448_988086,LinearTransform,D:\CodingHHW\Biplane\experiment\transform_snapshots\20260323_102448_988086\20260323_102448_988086_1_LinearTransform.h5,1,LinearTransform_1,D:\CodingHHW\Biplane\experiment\transform_snapshots\20260323_102448_988086\20260323_102448_988086_2_LinearTransform_1.h5,1,LinearTransform_2,D:\CodingHHW\Biplane\experiment\transform_snapshots\20260323_102448_988086\20260323_102448_988086_3_LinearTransform_2.h5,1,3,1,0.054396951,0.054396951,2.86E-12,0,0,0.061265005,0.061265005,1.49E-13,0,0,0.047973168,0.047973168,4.19E-13,1,1,0.053681994,1,1,0,0,30,0.061061745,0,1,0,0,30,0.047629269,1,0,0,0,30,NA,NA,NA,NA,NA,NA,NA,NA,NA,NA,NA,NA,NA,NA,NA,NA,NA,NA,473.471,464.547,420.979,10.046,577.897,63.038,34.585,3.381,3.521,2.446,0.621,0.464
2026-03-23T10:26:03+08:00,20260323_102603_264961,D:\CodingHHW\Biplane\experiment\experiment_results.csv,Panoramix-cropped,perspective,Current mode: Perspective,1,1,0,1,1,1,17,22.14,14.7,0.54,0.13,0,0.54 mm,0.13 px,0.00 mm,testPoint,TargetP3D,blackCenter2,PointGreen,PointRed,PointGreen,testPoint,30,0,1,0,1,-23.603,156.437,-167.0684814,139.4564074,147.4254291,164.3746018,150.4188128,0,6,10,D:\CodingHHW\Biplane\experiment\transform_snapshots\20260323_102603_264961,LinearTransform,D:\CodingHHW\Biplane\experiment\transform_snapshots\20260323_102603_264961\20260323_102603_264961_1_LinearTransform.h5,1,LinearTransform_1,D:\CodingHHW\Biplane\experiment\transform_snapshots\20260323_102603_264961\20260323_102603_264961_2_LinearTransform_1.h5,1,LinearTransform_2,D:\CodingHHW\Biplane\experiment\transform_snapshots\20260323_102603_264961\20260323_102603_264961_3_LinearTransform_2.h5,1,3,1,0.052345942,0.052345942,4.23E-14,0,0,0.057901887,0.057901887,5.80E-14,0,0,0.067839764,0.067839764,2.82E-14,0,0,0.049097436,0,0,0,0,30,0.055962347,1,1,0,0,30,0.061630668,1,1,0,0,30,NA,NA,NA,NA,NA,NA,NA,NA,NA,NA,NA,NA,NA,NA,NA,NA,NA,NA,458.225,496.041,406.55,10.029,568.346,62.233,33.925,3.381,3.318,2.052,0.548,0.725
2026-03-23T10:32:59+08:00,20260323_103259_741107,D:\CodingHHW\Biplane\experiment\experiment_results.csv,Panoramix-cropped,perspective,Current mode: Perspective,1,1,0,1,1,1,17,22.14,14.7,1.29,0.18,0,1.29 mm,0.18 px,0.00 mm,testPoint,TargetP3D,blackCenter2,PointGreen,PointRed,PointGreen,testPoint,30,0,1,0,1,-132.7411041,157.7614288,-298.0990906,162.9666464,177.1393189,165.2952504,168.4670719,0,6,10,D:\CodingHHW\Biplane\experiment\transform_snapshots\20260323_103259_741107,LinearTransform,D:\CodingHHW\Biplane\experiment\transform_snapshots\20260323_103259_741107\20260323_103259_741107_1_LinearTransform.h5,1,LinearTransform_1,D:\CodingHHW\Biplane\experiment\transform_snapshots\20260323_103259_741107\20260323_103259_741107_2_LinearTransform_1.h5,1,LinearTransform_2,D:\CodingHHW\Biplane\experiment\transform_snapshots\20260323_103259_741107\20260323_103259_741107_3_LinearTransform_2.h5,1,3,1,0.061007262,0.061007262,9.67E-14,0,0,0.047755776,0.047755776,1.26E-14,1,1,0.062036582,0.062036582,2.82E-13,1,1,0.058980887,0,0,0,0,30,0.045967526,1,0,0,0,30,0.061673474,1,1,0,0,30,NA,NA,NA,NA,NA,NA,NA,NA,NA,NA,NA,NA,NA,NA,NA,NA,NA,NA,459.748,508.729,430.402,9.784,564.683,61.814,33.436,3.381,3.173,2.281,0.576,0.681
2026-03-23T10:33:37+08:00,20260323_103337_492315,D:\CodingHHW\Biplane\experiment\experiment_results.csv,Panoramix-cropped,perspective,Current mode: Perspective,1,1,0,1,1,1,17,22.14,14.7,0.26,0.36,0,0.26 mm,0.36 px,0.00 mm,testPoint,TargetP3D,blackCenter2,PointGreen,PointRed,PointGreen,testPoint,30,0,1,0,1,-132.7411041,157.7614288,-298.0990906,162.9666464,177.1393189,165.2952504,168.4670719,0,6,10,D:\CodingHHW\Biplane\experiment\transform_snapshots\20260323_103337_492315,LinearTransform,D:\CodingHHW\Biplane\experiment\transform_snapshots\20260323_103337_492315\20260323_103337_492315_1_LinearTransform.h5,1,LinearTransform_1,D:\CodingHHW\Biplane\experiment\transform_snapshots\20260323_103337_492315\20260323_103337_492315_2_LinearTransform_1.h5,1,LinearTransform_2,D:\CodingHHW\Biplane\experiment\transform_snapshots\20260323_103337_492315\20260323_103337_492315_3_LinearTransform_2.h5,1,3,1,0.051787301,0.051787301,3.82E-14,0,0,0.047426868,0.047426868,9.77E-14,0,0,0.049354732,0.049354732,2.58E-15,1,1,0.050631326,0,1,0,0,30,0.045417362,0,1,0,0,30,0.048313165,0,0,0,0,30,NA,NA,NA,NA,NA,NA,NA,NA,NA,NA,NA,NA,NA,NA,NA,NA,NA,NA,443.633,466.077,408.975,10.396,577.595,63.061,35.243,3.381,3.291,2.277,0.638,0.637
2026-03-23T10:34:22+08:00,20260323_103422_237189,D:\CodingHHW\Biplane\experiment\experiment_results.csv,Panoramix-cropped,perspective,Current mode: Perspective,1,1,0,1,1,1,17,22.14,14.7,0.13,0.26,0,0.13 mm,0.26 px,0.00 mm,testPoint,TargetP3D,blackCenter2,PointGreen,PointRed,PointGreen,testPoint,30,0,1,0,1,-132.7411041,157.7614288,-298.0990906,162.9666464,177.1393189,165.2952504,168.4670719,0,6,10,D:\CodingHHW\Biplane\experiment\transform_snapshots\20260323_103422_237189,LinearTransform,D:\CodingHHW\Biplane\experiment\transform_snapshots\20260323_103422_237189\20260323_103422_237189_1_LinearTransform.h5,1,LinearTransform_1,D:\CodingHHW\Biplane\experiment\transform_snapshots\20260323_103422_237189\20260323_103422_237189_2_LinearTransform_1.h5,1,LinearTransform_2,D:\CodingHHW\Biplane\experiment\transform_snapshots\20260323_103422_237189\20260323_103422_237189_3_LinearTransform_2.h5,1,3,1,0.053628939,0.053628939,1.54E-12,1,1,0.051921577,0.051921577,2.24E-14,0,0,0.055043453,0.055043453,6.55E-14,1,1,0.052164579,0,1,0,0,30,0.048325393,1,0,0,0,30,0.054175405,0,0,0,0,30,NA,NA,NA,NA,NA,NA,NA,NA,NA,NA,NA,NA,NA,NA,NA,NA,NA,NA,436.065,455.345,415.74,9.991,568.109,62.841,34.969,3.381,3.264,2.43,0.56,0.604
2026-03-23T10:35:20+08:00,20260323_103520_018149,D:\CodingHHW\Biplane\experiment\experiment_results.csv,Panoramix-cropped,perspective,Current mode: Perspective,1,1,0,1,1,1,17,22.14,14.7,1.13,0.24,0,1.13 mm,0.24 px,0.00 mm,testPoint,TargetP3D,blackCenter2,PointGreen,PointRed,PointGreen,testPoint,30,0,1,0,1,-132.7411041,157.7614288,-298.0990906,162.9666464,177.1393189,165.2952504,168.4670719,0,6,10,D:\CodingHHW\Biplane\experiment\transform_snapshots\20260323_103520_018149,LinearTransform,D:\CodingHHW\Biplane\experiment\transform_snapshots\20260323_103520_018149\20260323_103520_018149_1_LinearTransform.h5,1,LinearTransform_1,D:\CodingHHW\Biplane\experiment\transform_snapshots\20260323_103520_018149\20260323_103520_018149_2_LinearTransform_1.h5,1,LinearTransform_2,D:\CodingHHW\Biplane\experiment\transform_snapshots\20260323_103520_018149\20260323_103520_018149_3_LinearTransform_2.h5,1,3,1,0.054747976,0.054747976,6.37E-13,0,0,0.063745302,0.063745302,1.32E-15,0,0,0.048168094,0.048168094,8.71E-15,0,0,0.053579634,1,0,0,0,30,0.062120779,1,1,0,0,30,0.048108942,1,0,0,0,30,NA,NA,NA,NA,NA,NA,NA,NA,NA,NA,NA,NA,NA,NA,NA,NA,NA,NA,422.801,425.052,411.885,10.355,571.8,62.935,34.695,3.381,1.933,2.519,0.632,0.503
2026-03-23T10:35:45+08:00,20260323_103545_346149,D:\CodingHHW\Biplane\experiment\experiment_results.csv,Panoramix-cropped,perspective,Current mode: Perspective,1,1,0,1,1,1,17,22.14,14.7,0.23,0,0,0.23 mm,0.00 px,0.00 mm,testPoint,TargetP3D,blackCenter2,PointGreen,PointRed,PointGreen,testPoint,30,0,1,0,1,-132.7411041,157.7614288,-298.0990906,162.9666464,177.1393189,165.2952504,168.4670719,0,6,10,D:\CodingHHW\Biplane\experiment\transform_snapshots\20260323_103545_346149,LinearTransform,D:\CodingHHW\Biplane\experiment\transform_snapshots\20260323_103545_346149\20260323_103545_346149_1_LinearTransform.h5,1,LinearTransform_1,D:\CodingHHW\Biplane\experiment\transform_snapshots\20260323_103545_346149\20260323_103545_346149_2_LinearTransform_1.h5,1,LinearTransform_2,D:\CodingHHW\Biplane\experiment\transform_snapshots\20260323_103545_346149\20260323_103545_346149_3_LinearTransform_2.h5,1,3,1,0.046571119,0.046571119,1.32E-14,0,0,0.055069332,0.055069332,1.78E-15,1,1,0.050844526,0.050844526,5.21E-14,1,1,0.044135371,1,1,0,0,30,0.051809106,1,0,0,0,30,0.049525819,1,0,0,0,30,NA,NA,NA,NA,NA,NA,NA,NA,NA,NA,NA,NA,NA,NA,NA,NA,NA,NA,458.989,435.253,421.47,10.006,570.451,61.565,34.056,3.381,3.325,2.763,0.636,0.583
2026-03-23T10:36:13+08:00,20260323_103613_168879,D:\CodingHHW\Biplane\experiment\experiment_results.csv,Panoramix-cropped,perspective,Current mode: Perspective,1,1,0,1,1,1,17,22.14,14.7,0.5,0.29,0,0.50 mm,0.29 px,0.00 mm,testPoint,TargetP3D,blackCenter2,PointGreen,PointRed,PointGreen,testPoint,30,0,1,0,1,-132.7411041,157.7614288,-298.0990906,162.9666464,177.1393189,165.2952504,168.4670719,0,6,10,D:\CodingHHW\Biplane\experiment\transform_snapshots\20260323_103613_168879,LinearTransform,D:\CodingHHW\Biplane\experiment\transform_snapshots\20260323_103613_168879\20260323_103613_168879_1_LinearTransform.h5,1,LinearTransform_1,D:\CodingHHW\Biplane\experiment\transform_snapshots\20260323_103613_168879\20260323_103613_168879_2_LinearTransform_1.h5,1,LinearTransform_2,D:\CodingHHW\Biplane\experiment\transform_snapshots\20260323_103613_168879\20260323_103613_168879_3_LinearTransform_2.h5,1,3,1,0.105135176,0.105135176,1.20E-14,0,0,0.03948575,0.03948575,5.09E-14,0,0,0.044256667,0.044256667,7.08E-14,1,1,0.089814382,0,0,0,0,30,0.038358509,1,0,0,0,30,0.041756475,0,1,0,0,30,NA,NA,NA,NA,NA,NA,NA,NA,NA,NA,NA,NA,NA,NA,NA,NA,NA,NA,424.175,462.054,422.532,9.858,573.707,63.766,35.431,3.381,3.138,2.269,0.621,0.447
2026-03-23T10:36:56+08:00,20260323_103656_145057,D:\CodingHHW\Biplane\experiment\experiment_results.csv,Panoramix-cropped,orthographic,Current mode: Orthographic,1,0,1,1,1,1,17,22.14,14.7,0.89,0.39,0,0.89 mm,0.39 px,0.00 mm,testPoint,TargetP3D,blackCenter2,PointGreen,PointRed,PointGreen,testPoint,30,1,1,0,1,-132.7411041,157.7614288,-298.0990906,162.9666464,177.1393189,165.2952504,168.4670719,0,6,10,D:\CodingHHW\Biplane\experiment\transform_snapshots\20260323_103656_145057,LinearTransform,D:\CodingHHW\Biplane\experiment\transform_snapshots\20260323_103656_145057\20260323_103656_145057_1_LinearTransform.h5,1,LinearTransform_1,D:\CodingHHW\Biplane\experiment\transform_snapshots\20260323_103656_145057\20260323_103656_145057_2_LinearTransform_1.h5,1,LinearTransform_2,D:\CodingHHW\Biplane\experiment\transform_snapshots\20260323_103656_145057\20260323_103656_145057_3_LinearTransform_2.h5,1,3,1,1.211409178,1.211409178,2.09E-13,0,0,1.319630161,1.319630161,2.71E-14,0,1,1.298212827,1.298212827,1.98E-14,0,0,NA,NA,NA,NA,NA,NA,NA,NA,NA,NA,NA,NA,NA,NA,NA,NA,NA,NA,0.05833522,1,0,0,0,30,0.054215106,1,1,0,0,30,0.052300092,0,0,0,0,30,611.646,656.064,460.497,10.127,535.735,29.412,35.431,3.01,3.243,2.272,0.671,0.566
2026-03-23T10:38:00+08:00,20260323_103800_624121,D:\CodingHHW\Biplane\experiment\experiment_results.csv,Panoramix-cropped,orthographic,Current mode: Orthographic,1,0,1,1,1,1,17,22.14,14.7,0.05,0.27,0,0.05 mm,0.27 px,0.00 mm,testPoint,TargetP3D,blackCenter2,PointGreen,PointRed,PointGreen,testPoint,30,1,1,0,1,-132.7411041,157.7614288,-298.0990906,162.9666464,177.1393189,165.2952504,168.4670719,0,6,10,D:\CodingHHW\Biplane\experiment\transform_snapshots\20260323_103800_624121,LinearTransform,D:\CodingHHW\Biplane\experiment\transform_snapshots\20260323_103800_624121\20260323_103800_624121_1_LinearTransform.h5,1,LinearTransform_1,D:\CodingHHW\Biplane\experiment\transform_snapshots\20260323_103800_624121\20260323_103800_624121_2_LinearTransform_1.h5,1,LinearTransform_2,D:\CodingHHW\Biplane\experiment\transform_snapshots\20260323_103800_624121\20260323_103800_624121_3_LinearTransform_2.h5,1,3,1,1.571389487,1.571389487,1.78E-14,1,1,1.499559313,1.499559313,7.02E-14,1,1,1.438452403,1.438452403,2.29E-14,0,0,NA,NA,NA,NA,NA,NA,NA,NA,NA,NA,NA,NA,NA,NA,NA,NA,NA,NA,0.06685151,0,0,0,0,30,0.034959848,0,1,0,0,30,0.067069198,1,1,0,0,30,520.508,560.457,467.204,9.941,536.005,29.369,35.431,3.226,1.223,2.78,0.672,0.585
2026-03-23T10:38:27+08:00,20260323_103827_791390,D:\CodingHHW\Biplane\experiment\experiment_results.csv,Panoramix-cropped,orthographic,Current mode: Orthographic,1,0,1,1,1,1,17,22.14,14.7,0.45,0.26,0,0.45 mm,0.26 px,0.00 mm,testPoint,TargetP3D,blackCenter2,PointGreen,PointRed,PointGreen,testPoint,30,1,1,0,1,-132.7411041,157.7614288,-298.0990906,162.9666464,177.1393189,165.2952504,168.4670719,0,6,10,D:\CodingHHW\Biplane\experiment\transform_snapshots\20260323_103827_791390,LinearTransform,D:\CodingHHW\Biplane\experiment\transform_snapshots\20260323_103827_791390\20260323_103827_791390_1_LinearTransform.h5,1,LinearTransform_1,D:\CodingHHW\Biplane\experiment\transform_snapshots\20260323_103827_791390\20260323_103827_791390_2_LinearTransform_1.h5,1,LinearTransform_2,D:\CodingHHW\Biplane\experiment\transform_snapshots\20260323_103827_791390\20260323_103827_791390_3_LinearTransform_2.h5,1,3,1,1.3550817,1.3550817,1.21E-13,0,0,1.316778205,1.316778205,2.62E-13,0,0,1.329448418,1.329448418,2.95E-14,0,0,NA,NA,NA,NA,NA,NA,NA,NA,NA,NA,NA,NA,NA,NA,NA,NA,NA,NA,0.064633582,0,1,0,0,30,0.06429885,1,1,0,0,30,0.064924029,0,1,0,0,30,620.709,521.995,484.608,9.856,531.77,30.003,35.431,2.751,3.075,2.144,0.619,0.738
2026-03-23T10:38:57+08:00,20260323_103857_865275,D:\CodingHHW\Biplane\experiment\experiment_results.csv,Panoramix-cropped,orthographic,Current mode: Orthographic,1,0,1,1,1,1,17,22.14,14.7,0.32,0.32,0,0.32 mm,0.32 px,0.00 mm,testPoint,TargetP3D,blackCenter2,PointGreen,PointRed,PointGreen,testPoint,30,1,1,0,1,-132.7411041,157.7614288,-298.0990906,162.9666464,177.1393189,165.2952504,168.4670719,0,6,10,D:\CodingHHW\Biplane\experiment\transform_snapshots\20260323_103857_865275,LinearTransform,D:\CodingHHW\Biplane\experiment\transform_snapshots\20260323_103857_865275\20260323_103857_865275_1_LinearTransform.h5,1,LinearTransform_1,D:\CodingHHW\Biplane\experiment\transform_snapshots\20260323_103857_865275\20260323_103857_865275_2_LinearTransform_1.h5,1,LinearTransform_2,D:\CodingHHW\Biplane\experiment\transform_snapshots\20260323_103857_865275\20260323_103857_865275_3_LinearTransform_2.h5,1,3,1,1.28485509,1.28485509,3.24E-14,0,0,1.337412531,1.337412531,1.09E-14,0,0,1.346721605,1.346721605,1.01E-13,0,0,NA,NA,NA,NA,NA,NA,NA,NA,NA,NA,NA,NA,NA,NA,NA,NA,NA,NA,0.051711614,0,1,0,0,30,0.038768269,1,1,0,0,30,0.048493181,0,1,0,0,30,519.777,535.119,450.995,10.002,536.895,30.435,35.431,3.314,3.079,2.274,0.633,0.515
2026-03-23T10:39:24+08:00,20260323_103924_556623,D:\CodingHHW\Biplane\experiment\experiment_results.csv,Panoramix-cropped,orthographic,Current mode: Orthographic,1,0,1,1,1,1,17,22.14,14.7,0.38,0.38,0,0.38 mm,0.38 px,0.00 mm,testPoint,TargetP3D,blackCenter2,PointGreen,PointRed,PointGreen,testPoint,30,1,1,0,1,-132.7411041,157.7614288,-298.0990906,162.9666464,177.1393189,165.2952504,168.4670719,0,6,10,D:\CodingHHW\Biplane\experiment\transform_snapshots\20260323_103924_556623,LinearTransform,D:\CodingHHW\Biplane\experiment\transform_snapshots\20260323_103924_556623\20260323_103924_556623_1_LinearTransform.h5,1,LinearTransform_1,D:\CodingHHW\Biplane\experiment\transform_snapshots\20260323_103924_556623\20260323_103924_556623_2_LinearTransform_1.h5,1,LinearTransform_2,D:\CodingHHW\Biplane\experiment\transform_snapshots\20260323_103924_556623\20260323_103924_556623_3_LinearTransform_2.h5,1,3,1,1.166398026,1.166398026,9.26E-14,0,1,1.137957039,1.137957039,1.64E-14,1,1,1.113304516,1.113304516,5.63E-13,1,1,NA,NA,NA,NA,NA,NA,NA,NA,NA,NA,NA,NA,NA,NA,NA,NA,NA,NA,0.066544247,1,0,0,0,30,0.06478926,1,1,0,0,30,0.044278264,1,0,0,0,30,507.654,486.299,486.997,10.533,541.026,31.432,35.431,3.401,3.403,2.123,0.549,0.679
2026-03-23T10:39:49+08:00,20260323_103949_425707,D:\CodingHHW\Biplane\experiment\experiment_results.csv,Panoramix-cropped,orthographic,Current mode: Orthographic,1,0,1,1,1,1,17,22.14,14.7,0.28,0.14,0,0.28 mm,0.14 px,0.00 mm,testPoint,TargetP3D,blackCenter2,PointGreen,PointRed,PointGreen,testPoint,30,1,1,0,1,-132.7411041,157.7614288,-298.0990906,162.9666464,177.1393189,165.2952504,168.4670719,0,6,10,D:\CodingHHW\Biplane\experiment\transform_snapshots\20260323_103949_425707,LinearTransform,D:\CodingHHW\Biplane\experiment\transform_snapshots\20260323_103949_425707\20260323_103949_425707_1_LinearTransform.h5,1,LinearTransform_1,D:\CodingHHW\Biplane\experiment\transform_snapshots\20260323_103949_425707\20260323_103949_425707_2_LinearTransform_1.h5,1,LinearTransform_2,D:\CodingHHW\Biplane\experiment\transform_snapshots\20260323_103949_425707\20260323_103949_425707_3_LinearTransform_2.h5,1,3,1,1.070107088,1.070107088,1.13E-13,0,0,1.399676098,1.399676098,1.02E-13,0,0,1.091895541,1.091895541,1.12E-13,1,1,NA,NA,NA,NA,NA,NA,NA,NA,NA,NA,NA,NA,NA,NA,NA,NA,NA,NA,0.043627578,0,0,0,0,30,0.056433019,1,0,0,0,30,0.050818242,1,0,0,0,30,501.688,525.125,488.887,10.126,539.668,31.361,35.431,3.112,3.105,2.185,0.726,0.749
2026-03-23T10:43:26+08:00,20260323_104326_990710,D:\CodingHHW\Biplane\experiment\experiment_results.csv,Panoramix-cropped,orthographic,Current mode: Orthographic,1,0,1,1,1,1,35.41,57.49,56.59,0.09,0.05,0,0.09 mm,0.05 px,0.00 mm,testPoint,TargetP3D,blackCenter2,PointGreen,PointRed,PointGreen,testPoint,30,1,1,0,1,-132.741,157.761,-298.0990906,162.9668165,185.2813384,167.0385685,171.7622411,0,6,10,D:\CodingHHW\Biplane\experiment\transform_snapshots\20260323_104326_990710,LinearTransform,D:\CodingHHW\Biplane\experiment\transform_snapshots\20260323_104326_990710\20260323_104326_990710_1_LinearTransform.h5,1,LinearTransform_1,D:\CodingHHW\Biplane\experiment\transform_snapshots\20260323_104326_990710\20260323_104326_990710_2_LinearTransform_1.h5,1,LinearTransform_2,D:\CodingHHW\Biplane\experiment\transform_snapshots\20260323_104326_990710\20260323_104326_990710_3_LinearTransform_2.h5,1,3,1,1.008359277,1.008359277,3.79E-13,1,1,1.309448203,1.309448203,1.51E-14,0,0,1.175369612,1.175369612,1.47E-13,1,1,NA,NA,NA,NA,NA,NA,NA,NA,NA,NA,NA,NA,NA,NA,NA,NA,NA,NA,0.04930703,0,0,0,0,30,0.054297284,1,1,0,0,30,0.057303931,0,0,0,0,30,500.376,466.176,412.465,10.117,536.37,30.315,35.431,3.481,3.222,2.224,0.512,0.613
2026-03-23T10:43:55+08:00,20260323_104355_360187,D:\CodingHHW\Biplane\experiment\experiment_results.csv,Panoramix-cropped,orthographic,Current mode: Orthographic,1,0,1,1,1,1,35.41,57.49,56.59,0.23,0.34,0,0.23 mm,0.34 px,0.00 mm,testPoint,TargetP3D,blackCenter2,PointGreen,PointRed,PointGreen,testPoint,30,1,1,0,1,-132.741,157.761,-298.0990906,162.9668165,185.2813384,167.0385685,171.7622411,0,6,10,D:\CodingHHW\Biplane\experiment\transform_snapshots\20260323_104355_360187,LinearTransform,D:\CodingHHW\Biplane\experiment\transform_snapshots\20260323_104355_360187\20260323_104355_360187_1_LinearTransform.h5,1,LinearTransform_1,D:\CodingHHW\Biplane\experiment\transform_snapshots\20260323_104355_360187\20260323_104355_360187_2_LinearTransform_1.h5,1,LinearTransform_2,D:\CodingHHW\Biplane\experiment\transform_snapshots\20260323_104355_360187\20260323_104355_360187_3_LinearTransform_2.h5,1,3,1,1.208792157,1.208792157,8.22E-15,1,1,1.452374402,1.452374402,1.67E-14,1,1,1.241643324,1.241643324,2.73E-14,0,0,NA,NA,NA,NA,NA,NA,NA,NA,NA,NA,NA,NA,NA,NA,NA,NA,NA,NA,0.047741317,0,1,0,0,30,0.068865818,0,0,0,0,30,0.038373,0,0,0,0,30,517.41,449.85,429.422,11.271,523.957,29.343,35.431,3.191,3.347,2.362,0.689,0.844
2026-03-23T10:44:32+08:00,20260323_104432_075647,D:\CodingHHW\Biplane\experiment\experiment_results.csv,Panoramix-cropped,orthographic,Current mode: Orthographic,1,0,1,1,1,1,35.41,57.49,56.59,0.1,0.04,0,0.10 mm,0.04 px,0.00 mm,testPoint,TargetP3D,blackCenter2,PointGreen,PointRed,PointGreen,testPoint,30,1,1,0,1,-132.741,157.761,-298.0990906,162.9668165,185.2813384,167.0385685,171.7622411,0,6,10,D:\CodingHHW\Biplane\experiment\transform_snapshots\20260323_104432_075647,LinearTransform,D:\CodingHHW\Biplane\experiment\transform_snapshots\20260323_104432_075647\20260323_104432_075647_1_LinearTransform.h5,1,LinearTransform_1,D:\CodingHHW\Biplane\experiment\transform_snapshots\20260323_104432_075647\20260323_104432_075647_2_LinearTransform_1.h5,1,LinearTransform_2,D:\CodingHHW\Biplane\experiment\transform_snapshots\20260323_104432_075647\20260323_104432_075647_3_LinearTransform_2.h5,1,3,1,1.333430944,1.333430944,5.26E-14,1,1,1.597939959,1.597939959,3.15E-14,0,0,1.519520828,1.519520828,1.20E-14,0,0,NA,NA,NA,NA,NA,NA,NA,NA,NA,NA,NA,NA,NA,NA,NA,NA,NA,NA,0.066161352,0,0,0,0,30,0.066910836,0,0,0,0,30,0.049398813,1,1,0,0,30,530.012,464.979,361.813,9.474,522.921,29.684,35.431,3.249,3.515,2.399,0.736,0.764
2026-03-23T10:44:59+08:00,20260323_104459_947028,D:\CodingHHW\Biplane\experiment\experiment_results.csv,Panoramix-cropped,orthographic,Current mode: Orthographic,1,0,1,1,1,1,35.41,57.49,56.59,0.23,0.25,0,0.23 mm,0.25 px,0.00 mm,testPoint,TargetP3D,blackCenter2,PointGreen,PointRed,PointGreen,testPoint,30,1,1,0,1,-132.741,157.761,-298.0990906,162.9668165,185.2813384,167.0385685,171.7622411,0,6,10,D:\CodingHHW\Biplane\experiment\transform_snapshots\20260323_104459_947028,LinearTransform,D:\CodingHHW\Biplane\experiment\transform_snapshots\20260323_104459_947028\20260323_104459_947028_1_LinearTransform.h5,1,LinearTransform_1,D:\CodingHHW\Biplane\experiment\transform_snapshots\20260323_104459_947028\20260323_104459_947028_2_LinearTransform_1.h5,1,LinearTransform_2,D:\CodingHHW\Biplane\experiment\transform_snapshots\20260323_104459_947028\20260323_104459_947028_3_LinearTransform_2.h5,1,3,1,1.150167282,1.150167282,2.33E-13,0,0,1.277742409,1.277742409,7.04E-14,1,1,1.20824492,1.20824492,1.21E-13,0,0,NA,NA,NA,NA,NA,NA,NA,NA,NA,NA,NA,NA,NA,NA,NA,NA,NA,NA,0.081647759,1,0,0,0,30,0.069152325,1,1,0,0,30,0.064544695,1,0,0,0,30,490.538,458.974,414.257,10.694,521.991,29.812,35.431,3.54,3.04,2.516,0.579,0.51
2026-03-23T10:45:31+08:00,20260323_104531_394200,D:\CodingHHW\Biplane\experiment\experiment_results.csv,Panoramix-cropped,orthographic,Current mode: Orthographic,1,0,1,1,1,1,35.41,57.49,56.59,0.15,0.03,0,0.15 mm,0.03 px,0.00 mm,testPoint,TargetP3D,blackCenter2,PointGreen,PointRed,PointGreen,testPoint,30,1,1,0,1,-132.741,157.761,-298.0990906,162.9668165,185.2813384,167.0385685,171.7622411,0,6,10,D:\CodingHHW\Biplane\experiment\transform_snapshots\20260323_104531_394200,LinearTransform,D:\CodingHHW\Biplane\experiment\transform_snapshots\20260323_104531_394200\20260323_104531_394200_1_LinearTransform.h5,1,LinearTransform_1,D:\CodingHHW\Biplane\experiment\transform_snapshots\20260323_104531_394200\20260323_104531_394200_2_LinearTransform_1.h5,1,LinearTransform_2,D:\CodingHHW\Biplane\experiment\transform_snapshots\20260323_104531_394200\20260323_104531_394200_3_LinearTransform_2.h5,1,3,1,1.172651132,1.172651132,2.17E-13,0,1,1.462646234,1.462646234,4.06E-14,1,1,1.245982863,1.245982863,4.91E-14,1,1,NA,NA,NA,NA,NA,NA,NA,NA,NA,NA,NA,NA,NA,NA,NA,NA,NA,NA,0.04673965,1,0,0,0,30,0.048889863,0,0,0,0,30,0.068705672,1,0,0,0,30,509.227,531.586,366.566,10.059,523.206,29.803,35.431,3.456,3.037,2.343,0.625,0.588
2026-03-23T10:45:55+08:00,20260323_104555_892373,D:\CodingHHW\Biplane\experiment\experiment_results.csv,Panoramix-cropped,orthographic,Current mode: Orthographic,1,0,1,1,1,1,35.41,57.49,56.59,0.09,0.1,0,0.09 mm,0.10 px,0.00 mm,testPoint,TargetP3D,blackCenter2,PointGreen,PointRed,PointGreen,testPoint,30,1,1,0,1,-132.741,157.761,-298.0990906,162.9668165,185.2813384,167.0385685,171.7622411,0,6,10,D:\CodingHHW\Biplane\experiment\transform_snapshots\20260323_104555_892373,LinearTransform,D:\CodingHHW\Biplane\experiment\transform_snapshots\20260323_104555_892373\20260323_104555_892373_1_LinearTransform.h5,1,LinearTransform_1,D:\CodingHHW\Biplane\experiment\transform_snapshots\20260323_104555_892373\20260323_104555_892373_2_LinearTransform_1.h5,1,LinearTransform_2,D:\CodingHHW\Biplane\experiment\transform_snapshots\20260323_104555_892373\20260323_104555_892373_3_LinearTransform_2.h5,1,3,1,1.243537042,1.243537042,6.00E-15,1,1,1.324026704,1.324026704,2.35E-14,1,1,1.193775295,1.193775295,2.82E-14,1,1,NA,NA,NA,NA,NA,NA,NA,NA,NA,NA,NA,NA,NA,NA,NA,NA,NA,NA,0.055287354,1,1,0,0,30,0.06250318,1,1,0,0,30,0.065770082,1,1,0,0,30,547.733,509.476,362.739,10.477,521.632,29.427,35.431,3.031,3.115,2.192,0.859,0.622
2026-03-23T10:46:46+08:00,20260323_104646_692072,D:\CodingHHW\Biplane\experiment\experiment_results.csv,Panoramix-cropped,perspective,Current mode: Perspective,1,1,0,1,1,1,35.41,57.49,56.59,0.21,0.16,0,0.21 mm,0.16 px,0.00 mm,testPoint,TargetP3D,blackCenter2,PointGreen,PointRed,PointGreen,testPoint,30,0,1,0,1,-132.741,157.761,-298.0990906,162.9668165,185.2813384,167.0385685,171.7622411,0,6,10,D:\CodingHHW\Biplane\experiment\transform_snapshots\20260323_104646_692072,LinearTransform,D:\CodingHHW\Biplane\experiment\transform_snapshots\20260323_104646_692072\20260323_104646_692072_1_LinearTransform.h5,1,LinearTransform_1,D:\CodingHHW\Biplane\experiment\transform_snapshots\20260323_104646_692072\20260323_104646_692072_2_LinearTransform_1.h5,1,LinearTransform_2,D:\CodingHHW\Biplane\experiment\transform_snapshots\20260323_104646_692072\20260323_104646_692072_3_LinearTransform_2.h5,1,3,1,0.055628028,0.055628028,3.18E-11,1,1,0.056155211,0.056155211,3.25E-14,0,0,0.05833285,0.05833285,4.17E-14,0,0,0.05529034,0,1,0,0,30,0.054486682,1,0,0,0,30,0.057768493,1,1,0,0,30,NA,NA,NA,NA,NA,NA,NA,NA,NA,NA,NA,NA,NA,NA,NA,NA,NA,NA,416.013,431.193,380.62,9.605,555.622,59.279,32.455,3.031,2.895,2.245,0.516,0.501
2026-03-23T10:47:19+08:00,20260323_104719_567405,D:\CodingHHW\Biplane\experiment\experiment_results.csv,Panoramix-cropped,perspective,Current mode: Perspective,1,1,0,1,1,1,35.41,57.49,56.59,0.05,0.25,0,0.05 mm,0.25 px,0.00 mm,testPoint,TargetP3D,blackCenter2,PointGreen,PointRed,PointGreen,testPoint,30,0,1,0,1,-132.741,157.761,-298.0990906,162.9668165,185.2813384,167.0385685,171.7622411,0,6,10,D:\CodingHHW\Biplane\experiment\transform_snapshots\20260323_104719_567405,LinearTransform,D:\CodingHHW\Biplane\experiment\transform_snapshots\20260323_104719_567405\20260323_104719_567405_1_LinearTransform.h5,1,LinearTransform_1,D:\CodingHHW\Biplane\experiment\transform_snapshots\20260323_104719_567405\20260323_104719_567405_2_LinearTransform_1.h5,1,LinearTransform_2,D:\CodingHHW\Biplane\experiment\transform_snapshots\20260323_104719_567405\20260323_104719_567405_3_LinearTransform_2.h5,1,3,1,0.055834788,0.055834788,1.60E-13,0,0,0.047854424,0.047854424,8.85E-14,1,1,0.067451056,0.067451056,3.83E-13,0,0,0.05552684,1,0,0,0,30,0.045068549,1,0,0,0,30,0.067248077,1,1,0,0,30,NA,NA,NA,NA,NA,NA,NA,NA,NA,NA,NA,NA,NA,NA,NA,NA,NA,NA,417.887,415.883,379.4,10.688,552.315,59.128,32.51,3.031,3.412,2.428,0.491,0.703
2026-03-23T10:47:49+08:00,20260323_104749_310240,D:\CodingHHW\Biplane\experiment\experiment_results.csv,Panoramix-cropped,perspective,Current mode: Perspective,1,1,0,1,1,1,35.41,57.49,56.59,0.3,0.05,0,0.30 mm,0.05 px,0.00 mm,testPoint,TargetP3D,blackCenter2,PointGreen,PointRed,PointGreen,testPoint,30,0,1,0,1,-132.741,157.761,-298.0990906,162.9668165,185.2813384,167.0385685,171.7622411,0,6,10,D:\CodingHHW\Biplane\experiment\transform_snapshots\20260323_104749_310240,LinearTransform,D:\CodingHHW\Biplane\experiment\transform_snapshots\20260323_104749_310240\20260323_104749_310240_1_LinearTransform.h5,1,LinearTransform_1,D:\CodingHHW\Biplane\experiment\transform_snapshots\20260323_104749_310240\20260323_104749_310240_2_LinearTransform_1.h5,1,LinearTransform_2,D:\CodingHHW\Biplane\experiment\transform_snapshots\20260323_104749_310240\20260323_104749_310240_3_LinearTransform_2.h5,1,3,1,0.060514985,0.060514985,4.01E-14,1,1,0.086571864,0.086571864,5.32E-14,1,1,0.055519104,0.055519104,4.56E-14,0,0,0.05959623,0,0,0,0,30,0.083244338,0,0,0,0,30,0.055086527,1,0,0,0,30,NA,NA,NA,NA,NA,NA,NA,NA,NA,NA,NA,NA,NA,NA,NA,NA,NA,NA,475.431,438.739,418.336,9.68,553.249,58.891,31.665,3.031,3.075,2.239,0.591,0.499
2026-03-23T10:48:30+08:00,20260323_104830_310146,D:\CodingHHW\Biplane\experiment\experiment_results.csv,Panoramix-cropped,perspective,Current mode: Perspective,1,1,0,1,1,1,35.41,57.49,56.59,0.43,0.14,0,0.43 mm,0.14 px,0.00 mm,testPoint,TargetP3D,blackCenter2,PointGreen,PointRed,PointGreen,testPoint,30,0,1,0,1,-132.741,157.761,-298.0990906,162.9668165,185.2813384,167.0385685,171.7622411,0,6,10,D:\CodingHHW\Biplane\experiment\transform_snapshots\20260323_104830_310146,LinearTransform,D:\CodingHHW\Biplane\experiment\transform_snapshots\20260323_104830_310146\20260323_104830_310146_1_LinearTransform.h5,1,LinearTransform_1,D:\CodingHHW\Biplane\experiment\transform_snapshots\20260323_104830_310146\20260323_104830_310146_2_LinearTransform_1.h5,1,LinearTransform_2,D:\CodingHHW\Biplane\experiment\transform_snapshots\20260323_104830_310146\20260323_104830_310146_3_LinearTransform_2.h5,1,3,1,0.076378118,0.076378118,6.97E-14,0,0,0.074322794,0.074322794,1.53E-14,1,1,0.082726598,0.082726598,2.40E-13,0,0,0.069977063,1,0,0,0,30,0.057864886,1,0,0,0,30,0.078651926,0,0,0,0,30,NA,NA,NA,NA,NA,NA,NA,NA,NA,NA,NA,NA,NA,NA,NA,NA,NA,NA,446.218,437.922,412.492,9.783,557.924,59.707,33.156,3.031,3.026,2.041,0.518,0.786
2026-03-23T10:48:58+08:00,20260323_104858_245160,D:\CodingHHW\Biplane\experiment\experiment_results.csv,Panoramix-cropped,perspective,Current mode: Perspective,1,1,0,1,1,1,35.41,57.49,56.59,0.18,0.07,0,0.18 mm,0.07 px,0.00 mm,testPoint,TargetP3D,blackCenter2,PointGreen,PointRed,PointGreen,testPoint,30,0,1,0,1,-132.741,157.761,-298.0990906,162.9668165,185.2813384,167.0385685,171.7622411,0,6,10,D:\CodingHHW\Biplane\experiment\transform_snapshots\20260323_104858_245160,LinearTransform,D:\CodingHHW\Biplane\experiment\transform_snapshots\20260323_104858_245160\20260323_104858_245160_1_LinearTransform.h5,1,LinearTransform_1,D:\CodingHHW\Biplane\experiment\transform_snapshots\20260323_104858_245160\20260323_104858_245160_2_LinearTransform_1.h5,1,LinearTransform_2,D:\CodingHHW\Biplane\experiment\transform_snapshots\20260323_104858_245160\20260323_104858_245160_3_LinearTransform_2.h5,1,3,1,0.059418253,0.059418253,8.72E-14,1,1,0.068173618,0.068173618,2.23E-13,0,0,0.062520635,0.062520635,1.22E-13,0,0,0.057419028,1,1,0,0,30,0.067407743,1,1,0,0,30,0.061502055,0,0,0,0,30,NA,NA,NA,NA,NA,NA,NA,NA,NA,NA,NA,NA,NA,NA,NA,NA,NA,NA,432.741,435.403,356.748,9.597,558.109,60.406,32.843,3.031,3.08,2.611,0.546,0.476
2026-03-23T10:49:55+08:00,20260323_104955_341356,D:\CodingHHW\Biplane\experiment\experiment_results.csv,Panoramix-cropped,perspective,Current mode: Perspective,1,1,0,1,1,1,35.41,57.49,56.59,0.09,0.07,0,0.09 mm,0.07 px,0.00 mm,testPoint,TargetP3D,blackCenter2,PointGreen,PointRed,PointGreen,testPoint,30,0,1,0,1,-132.741,157.761,-298.0990906,162.9668165,185.2813384,167.0385685,171.7622411,0,6,10,D:\CodingHHW\Biplane\experiment\transform_snapshots\20260323_104955_341356,LinearTransform,D:\CodingHHW\Biplane\experiment\transform_snapshots\20260323_104955_341356\20260323_104955_341356_1_LinearTransform.h5,1,LinearTransform_1,D:\CodingHHW\Biplane\experiment\transform_snapshots\20260323_104955_341356\20260323_104955_341356_2_LinearTransform_1.h5,1,LinearTransform_2,D:\CodingHHW\Biplane\experiment\transform_snapshots\20260323_104955_341356\20260323_104955_341356_3_LinearTransform_2.h5,1,3,1,0.07207715,0.07207715,5.41E-15,0,0,0.051478097,0.051478097,2.91E-14,0,0,0.051676395,0.051676395,1.51E-13,1,1,0.069746283,0,1,0,0,30,0.046101231,0,1,0,0,30,0.050192174,0,0,0,0,30,NA,NA,NA,NA,NA,NA,NA,NA,NA,NA,NA,NA,NA,NA,NA,NA,NA,NA,473.936,417.034,428.297,9.951,554.721,58.164,31.126,3.031,3.423,1.957,0.512,0.501
2026-03-23T10:50:23+08:00,20260323_105023_977715,D:\CodingHHW\Biplane\experiment\experiment_results.csv,Panoramix-cropped,perspective,Current mode: Perspective,1,1,0,1,1,1,35.41,57.49,56.59,0.12,0.2,0,0.12 mm,0.20 px,0.00 mm,testPoint,TargetP3D,blackCenter2,PointGreen,PointRed,PointGreen,testPoint,30,0,1,0,1,-132.741,157.761,-298.0990906,162.9668165,185.2813384,167.0385685,171.7622411,0,6,10,D:\CodingHHW\Biplane\experiment\transform_snapshots\20260323_105023_977715,LinearTransform,D:\CodingHHW\Biplane\experiment\transform_snapshots\20260323_105023_977715\20260323_105023_977715_1_LinearTransform.h5,1,LinearTransform_1,D:\CodingHHW\Biplane\experiment\transform_snapshots\20260323_105023_977715\20260323_105023_977715_2_LinearTransform_1.h5,1,LinearTransform_2,D:\CodingHHW\Biplane\experiment\transform_snapshots\20260323_105023_977715\20260323_105023_977715_3_LinearTransform_2.h5,1,3,1,0.045516263,0.045516263,4.94E-14,0,0,0.058767146,0.058767146,2.84E-14,1,1,0.068673236,0.068673236,2.99E-13,1,1,0.043326336,1,0,0,0,30,0.056746097,1,0,0,0,30,0.066203182,1,1,0,0,30,NA,NA,NA,NA,NA,NA,NA,NA,NA,NA,NA,NA,NA,NA,NA,NA,NA,NA,425.8,450.251,438.613,9.672,555.658,59.278,32.109,3.031,2.933,2.554,0.713,0.479
2026-03-23T10:54:21+08:00,20260323_105421_844747,D:\CodingHHW\Biplane\experiment\experiment_results.csv,Panoramix-cropped,perspective,Current mode: Perspective,1,1,0,1,1,1,86.82,81.34,85.85,0.13,0.41,0,0.13 mm,0.41 px,0.00 mm,testPoint,TargetP3D,blackCenter2,PointGreen,PointRed,PointGreen,testPoint,30,0,1,0,1,-132.741,157.761,-298.0990906,162.9668165,196.4287758,171.7611734,177.0522552,0,6,10,D:\CodingHHW\Biplane\experiment\transform_snapshots\20260323_105421_844747,LinearTransform,D:\CodingHHW\Biplane\experiment\transform_snapshots\20260323_105421_844747\20260323_105421_844747_1_LinearTransform.h5,1,LinearTransform_1,D:\CodingHHW\Biplane\experiment\transform_snapshots\20260323_105421_844747\20260323_105421_844747_2_LinearTransform_1.h5,1,LinearTransform_2,D:\CodingHHW\Biplane\experiment\transform_snapshots\20260323_105421_844747\20260323_105421_844747_3_LinearTransform_2.h5,1,3,1,0.060884753,0.060884753,2.35E-11,0,0,0.074542792,0.074542792,7.31E-14,1,1,0.050209382,0.050209382,1.46E-12,1,1,0.051936342,0,1,0,0,30,0.066327619,0,0,0,0,30,0.045814262,1,0,0,0,30,NA,NA,NA,NA,NA,NA,NA,NA,NA,NA,NA,NA,NA,NA,NA,NA,NA,NA,491.267,395.231,456.542,10.465,583.27,61.121,33.497,3.031,3.612,2.505,0.841,0.763
2026-03-23T10:54:54+08:00,20260323_105454_609999,D:\CodingHHW\Biplane\experiment\experiment_results.csv,Panoramix-cropped,perspective,Current mode: Perspective,1,1,0,1,1,1,86.82,81.34,85.85,0.09,0.12,0,0.09 mm,0.12 px,0.00 mm,testPoint,TargetP3D,blackCenter2,PointGreen,PointRed,PointGreen,testPoint,30,0,1,0,1,-132.741,157.761,-298.0990906,162.9668165,196.4287758,171.7611734,177.0522552,0,6,10,D:\CodingHHW\Biplane\experiment\transform_snapshots\20260323_105454_609999,LinearTransform,D:\CodingHHW\Biplane\experiment\transform_snapshots\20260323_105454_609999\20260323_105454_609999_1_LinearTransform.h5,1,LinearTransform_1,D:\CodingHHW\Biplane\experiment\transform_snapshots\20260323_105454_609999\20260323_105454_609999_2_LinearTransform_1.h5,1,LinearTransform_2,D:\CodingHHW\Biplane\experiment\transform_snapshots\20260323_105454_609999\20260323_105454_609999_3_LinearTransform_2.h5,1,3,1,0.090101533,0.090101533,9.57E-13,1,1,0.059828253,0.059828253,8.87E-15,1,1,0.049060174,0.049060174,4.51E-14,1,1,0.081221104,0,0,0,0,30,0.057167459,0,0,0,0,30,0.048034137,1,0,0,0,30,NA,NA,NA,NA,NA,NA,NA,NA,NA,NA,NA,NA,NA,NA,NA,NA,NA,NA,471.267,421.387,410.687,9.82,579.781,61.027,33.167,3.031,3.1,2.333,0.661,0.823
2026-03-23T10:55:43+08:00,20260323_105543_881053,D:\CodingHHW\Biplane\experiment\experiment_results.csv,Panoramix-cropped,perspective,Current mode: Perspective,1,1,0,1,1,1,86.82,81.34,85.85,0.18,0,0,0.18 mm,0.00 px,0.00 mm,testPoint,TargetP3D,blackCenter2,PointGreen,PointRed,PointGreen,testPoint,30,0,1,0,1,-132.741,157.761,-298.0990906,162.9668165,196.4287758,171.7611734,177.0522552,0,6,10,D:\CodingHHW\Biplane\experiment\transform_snapshots\20260323_105543_881053,LinearTransform,D:\CodingHHW\Biplane\experiment\transform_snapshots\20260323_105543_881053\20260323_105543_881053_1_LinearTransform.h5,1,LinearTransform_1,D:\CodingHHW\Biplane\experiment\transform_snapshots\20260323_105543_881053\20260323_105543_881053_2_LinearTransform_1.h5,1,LinearTransform_2,D:\CodingHHW\Biplane\experiment\transform_snapshots\20260323_105543_881053\20260323_105543_881053_3_LinearTransform_2.h5,1,3,1,0.053138201,0.053138201,2.67E-12,0,0,0.073722243,0.073722243,1.42E-14,1,1,0.065108664,0.065108664,9.72E-14,1,1,0.049353321,1,1,0,0,30,0.067820098,1,0,0,0,30,0.064069593,0,1,0,0,30,NA,NA,NA,NA,NA,NA,NA,NA,NA,NA,NA,NA,NA,NA,NA,NA,NA,NA,459.979,440.495,445.633,9.877,579.982,61.462,34.456,3.031,3.841,1.552,0.552,0.552
2026-03-23T10:56:14+08:00,20260323_105614_239403,D:\CodingHHW\Biplane\experiment\experiment_results.csv,Panoramix-cropped,perspective,Current mode: Perspective,1,1,0,1,1,1,86.82,81.34,85.85,0.14,0.36,0,0.14 mm,0.36 px,0.00 mm,testPoint,TargetP3D,blackCenter2,PointGreen,PointRed,PointGreen,testPoint,30,0,1,0,1,-132.741,157.761,-298.0990906,162.9668165,196.4287758,171.7611734,177.0522552,0,6,10,D:\CodingHHW\Biplane\experiment\transform_snapshots\20260323_105614_239403,LinearTransform,D:\CodingHHW\Biplane\experiment\transform_snapshots\20260323_105614_239403\20260323_105614_239403_1_LinearTransform.h5,1,LinearTransform_1,D:\CodingHHW\Biplane\experiment\transform_snapshots\20260323_105614_239403\20260323_105614_239403_2_LinearTransform_1.h5,1,LinearTransform_2,D:\CodingHHW\Biplane\experiment\transform_snapshots\20260323_105614_239403\20260323_105614_239403_3_LinearTransform_2.h5,1,3,1,0.058238087,0.058238087,1.01E-14,1,1,0.08048623,0.08048623,8.72E-14,1,1,0.055128338,0.055128338,5.26E-13,0,0,0.052047057,0,1,0,0,30,0.075459482,1,1,0,0,30,0.05445862,1,0,0,0,30,NA,NA,NA,NA,NA,NA,NA,NA,NA,NA,NA,NA,NA,NA,NA,NA,NA,NA,448.39,446.04,420.812,9.713,578.352,59.804,32.915,3.031,3.418,2.457,0.489,0.481
2026-03-23T10:56:45+08:00,20260323_105645_977682,D:\CodingHHW\Biplane\experiment\experiment_results.csv,Panoramix-cropped,perspective,Current mode: Perspective,1,1,0,1,1,1,86.82,81.34,85.85,0.15,0.27,0,0.15 mm,0.27 px,0.00 mm,testPoint,TargetP3D,blackCenter2,PointGreen,PointRed,PointGreen,testPoint,30,0,1,0,1,-132.741,157.761,-298.0990906,162.9668165,196.4287758,171.7611734,177.0522552,0,6,10,D:\CodingHHW\Biplane\experiment\transform_snapshots\20260323_105645_977682,LinearTransform,D:\CodingHHW\Biplane\experiment\transform_snapshots\20260323_105645_977682\20260323_105645_977682_1_LinearTransform.h5,1,LinearTransform_1,D:\CodingHHW\Biplane\experiment\transform_snapshots\20260323_105645_977682\20260323_105645_977682_2_LinearTransform_1.h5,1,LinearTransform_2,D:\CodingHHW\Biplane\experiment\transform_snapshots\20260323_105645_977682\20260323_105645_977682_3_LinearTransform_2.h5,1,3,1,0.047064502,0.047064502,1.36E-12,0,0,0.05743477,0.05743477,2.94E-14,0,0,0.076392456,0.076392456,2.10E-13,0,0,0.0442262,0,1,0,0,30,0.056334041,0,1,0,0,30,0.070970852,0,0,0,0,30,NA,NA,NA,NA,NA,NA,NA,NA,NA,NA,NA,NA,NA,NA,NA,NA,NA,NA,432.872,379.792,458.799,10.245,578.721,60.139,33.001,3.031,3.002,2.649,0.527,0.604
2026-03-23T10:57:26+08:00,20260323_105726_129319,D:\CodingHHW\Biplane\experiment\experiment_results.csv,Panoramix-cropped,perspective,Current mode: Perspective,1,1,0,1,1,1,86.82,81.34,85.85,0.08,0.12,0,0.08 mm,0.12 px,0.00 mm,testPoint,TargetP3D,blackCenter2,PointGreen,PointRed,PointGreen,testPoint,30,0,1,0,1,-132.741,157.761,-298.0990906,162.9668165,196.4287758,171.7611734,177.0522552,0,6,10,D:\CodingHHW\Biplane\experiment\transform_snapshots\20260323_105726_129319,LinearTransform,D:\CodingHHW\Biplane\experiment\transform_snapshots\20260323_105726_129319\20260323_105726_129319_1_LinearTransform.h5,1,LinearTransform_1,D:\CodingHHW\Biplane\experiment\transform_snapshots\20260323_105726_129319\20260323_105726_129319_2_LinearTransform_1.h5,1,LinearTransform_2,D:\CodingHHW\Biplane\experiment\transform_snapshots\20260323_105726_129319\20260323_105726_129319_3_LinearTransform_2.h5,1,3,1,0.056886555,0.056886555,3.66E-12,1,1,0.075076749,0.075076749,3.50E-14,1,1,0.07710289,0.07710289,8.43E-13,0,0,0.051690201,1,1,0,0,30,0.061263455,1,0,0,0,30,0.064516493,1,1,0,0,30,NA,NA,NA,NA,NA,NA,NA,NA,NA,NA,NA,NA,NA,NA,NA,NA,NA,NA,454.311,437.43,412.953,9.844,582.681,59.406,32.686,3.031,3.255,2.299,0.545,0.673
2026-03-23T10:58:18+08:00,20260323_105818_112373,D:\CodingHHW\Biplane\experiment\experiment_results.csv,Panoramix-cropped,orthographic,Current mode: Orthographic,1,0,1,1,1,1,86.82,81.34,85.85,0.17,0.11,0,0.17 mm,0.11 px,0.00 mm,testPoint,TargetP3D,blackCenter2,PointGreen,PointRed,PointGreen,testPoint,30,1,1,0,1,-132.741,157.761,-298.0990906,162.9668165,196.4287758,171.7611734,177.0522552,0,6,10,D:\CodingHHW\Biplane\experiment\transform_snapshots\20260323_105818_112373,LinearTransform,D:\CodingHHW\Biplane\experiment\transform_snapshots\20260323_105818_112373\20260323_105818_112373_1_LinearTransform.h5,1,LinearTransform_1,D:\CodingHHW\Biplane\experiment\transform_snapshots\20260323_105818_112373\20260323_105818_112373_2_LinearTransform_1.h5,1,LinearTransform_2,D:\CodingHHW\Biplane\experiment\transform_snapshots\20260323_105818_112373\20260323_105818_112373_3_LinearTransform_2.h5,1,3,1,1.211523293,1.211523293,3.27E-13,0,0,1.227342226,1.227342226,8.10E-14,0,0,1.696884779,1.696884779,2.39E-13,1,0,NA,NA,NA,NA,NA,NA,NA,NA,NA,NA,NA,NA,NA,NA,NA,NA,NA,NA,0.060892791,1,0,0,0,30,0.064603411,0,1,0,0,30,0.052770709,1,1,0,0,30,551.569,396.08,421.719,9.723,549.791,29.362,32.686,2.991,3.012,2.617,0.631,0.737
2026-03-23T10:58:45+08:00,20260323_105845_762338,D:\CodingHHW\Biplane\experiment\experiment_results.csv,Panoramix-cropped,orthographic,Current mode: Orthographic,1,0,1,1,1,1,86.82,81.34,85.85,0.15,0.35,0,0.15 mm,0.35 px,0.00 mm,testPoint,TargetP3D,blackCenter2,PointGreen,PointRed,PointGreen,testPoint,30,1,1,0,1,-132.741,157.761,-298.0990906,162.9668165,196.4287758,171.7611734,177.0522552,0,6,10,D:\CodingHHW\Biplane\experiment\transform_snapshots\20260323_105845_762338,LinearTransform,D:\CodingHHW\Biplane\experiment\transform_snapshots\20260323_105845_762338\20260323_105845_762338_1_LinearTransform.h5,1,LinearTransform_1,D:\CodingHHW\Biplane\experiment\transform_snapshots\20260323_105845_762338\20260323_105845_762338_2_LinearTransform_1.h5,1,LinearTransform_2,D:\CodingHHW\Biplane\experiment\transform_snapshots\20260323_105845_762338\20260323_105845_762338_3_LinearTransform_2.h5,1,3,1,1.50951576,1.50951576,5.55E-15,1,1,2.054421215,2.054421215,5.24E-14,1,1,1.764674822,1.764674822,4.35E-14,1,0,NA,NA,NA,NA,NA,NA,NA,NA,NA,NA,NA,NA,NA,NA,NA,NA,NA,NA,0.056732667,0,1,0,0,30,0.06439003,0,1,0,0,30,0.043858445,1,0,0,0,30,564.742,469.241,407.083,11.039,551.228,30.03,32.686,3.122,3.383,2.946,0.812,0.497
2026-03-23T10:59:44+08:00,20260323_105944_506393,D:\CodingHHW\Biplane\experiment\experiment_results.csv,Panoramix-cropped,orthographic,Current mode: Orthographic,1,0,1,1,1,1,86.82,81.34,85.85,0.14,0.25,0,0.14 mm,0.25 px,0.00 mm,testPoint,TargetP3D,blackCenter2,PointGreen,PointRed,PointGreen,testPoint,30,1,1,0,1,-132.741,157.761,-298.0990906,162.9668165,196.4287758,171.7611734,177.0522552,0,6,10,D:\CodingHHW\Biplane\experiment\transform_snapshots\20260323_105944_506393,LinearTransform,D:\CodingHHW\Biplane\experiment\transform_snapshots\20260323_105944_506393\20260323_105944_506393_1_LinearTransform.h5,1,LinearTransform_1,D:\CodingHHW\Biplane\experiment\transform_snapshots\20260323_105944_506393\20260323_105944_506393_2_LinearTransform_1.h5,1,LinearTransform_2,D:\CodingHHW\Biplane\experiment\transform_snapshots\20260323_105944_506393\20260323_105944_506393_3_LinearTransform_2.h5,1,3,1,1.595503546,1.595503546,4.62E-13,1,1,1.895000046,1.895000046,1.49E-13,1,1,2.159122473,2.159122473,2.36E-13,1,1,NA,NA,NA,NA,NA,NA,NA,NA,NA,NA,NA,NA,NA,NA,NA,NA,NA,NA,0.052986044,0,0,0,0,30,0.049108848,1,0,0,0,30,0.049876878,0,0,0,0,30,542.768,463.339,417.192,10.422,546.141,30.392,32.686,3.248,2.98,2.11,0.701,0.514
2026-03-23T11:00:20+08:00,20260323_110020_156449,D:\CodingHHW\Biplane\experiment\experiment_results.csv,Panoramix-cropped,orthographic,Current mode: Orthographic,1,0,1,1,1,1,86.82,81.34,85.85,0.14,0.08,0,0.14 mm,0.08 px,0.00 mm,testPoint,TargetP3D,blackCenter2,PointGreen,PointRed,PointGreen,testPoint,30,1,1,0,1,-132.741,157.761,-298.0990906,162.9668165,196.4287758,171.7611734,177.0522552,0,6,10,D:\CodingHHW\Biplane\experiment\transform_snapshots\20260323_110020_156449,LinearTransform,D:\CodingHHW\Biplane\experiment\transform_snapshots\20260323_110020_156449\20260323_110020_156449_1_LinearTransform.h5,1,LinearTransform_1,D:\CodingHHW\Biplane\experiment\transform_snapshots\20260323_110020_156449\20260323_110020_156449_2_LinearTransform_1.h5,1,LinearTransform_2,D:\CodingHHW\Biplane\experiment\transform_snapshots\20260323_110020_156449\20260323_110020_156449_3_LinearTransform_2.h5,1,3,1,1.747905596,1.747905596,3.26E-14,1,1,1.957564112,1.957564112,3.55E-15,0,0,2.007095002,2.007095002,1.47E-12,1,1,NA,NA,NA,NA,NA,NA,NA,NA,NA,NA,NA,NA,NA,NA,NA,NA,NA,NA,0.059126403,1,0,0,0,30,0.052925452,0,0,0,0,30,0.054189102,1,0,0,0,30,558.495,438.978,429.518,10.169,550.886,29.103,32.686,3.284,1.827,2.095,0.49,0.665
2026-03-23T11:00:48+08:00,20260323_110048_458376,D:\CodingHHW\Biplane\experiment\experiment_results.csv,Panoramix-cropped,orthographic,Current mode: Orthographic,1,0,1,1,1,1,86.82,81.34,85.85,0.09,0.06,0,0.09 mm,0.06 px,0.00 mm,testPoint,TargetP3D,blackCenter2,PointGreen,PointRed,PointGreen,testPoint,30,1,1,0,1,-132.741,157.761,-298.0990906,162.9668165,196.4287758,171.7611734,177.0522552,0,6,10,D:\CodingHHW\Biplane\experiment\transform_snapshots\20260323_110048_458376,LinearTransform,D:\CodingHHW\Biplane\experiment\transform_snapshots\20260323_110048_458376\20260323_110048_458376_1_LinearTransform.h5,1,LinearTransform_1,D:\CodingHHW\Biplane\experiment\transform_snapshots\20260323_110048_458376\20260323_110048_458376_2_LinearTransform_1.h5,1,LinearTransform_2,D:\CodingHHW\Biplane\experiment\transform_snapshots\20260323_110048_458376\20260323_110048_458376_3_LinearTransform_2.h5,1,3,1,1.662980294,1.662980294,3.57E-14,0,1,1.937796193,1.937796193,4.44E-16,0,0,1.569410984,1.569410984,4.23E-13,0,0,NA,NA,NA,NA,NA,NA,NA,NA,NA,NA,NA,NA,NA,NA,NA,NA,NA,NA,0.032076415,1,0,0,0,30,0.053682067,0,0,0,0,30,0.060832096,0,0,0,0,30,624.828,440.043,457.563,10.324,552.728,29.711,32.686,3.539,3.088,2.011,0.676,0.548
2026-03-23T11:01:33+08:00,20260323_110133_867321,D:\CodingHHW\Biplane\experiment\experiment_results.csv,Panoramix-cropped,orthographic,Current mode: Orthographic,1,0,1,1,1,1,86.82,81.34,85.85,0.15,0.31,0,0.15 mm,0.31 px,0.00 mm,testPoint,TargetP3D,blackCenter2,PointGreen,PointRed,PointGreen,testPoint,30,1,1,0,1,-132.741,157.761,-298.0990906,162.9668165,196.4287758,171.7611734,177.0522552,0,6,10,D:\CodingHHW\Biplane\experiment\transform_snapshots\20260323_110133_867321,LinearTransform,D:\CodingHHW\Biplane\experiment\transform_snapshots\20260323_110133_867321\20260323_110133_867321_1_LinearTransform.h5,1,LinearTransform_1,D:\CodingHHW\Biplane\experiment\transform_snapshots\20260323_110133_867321\20260323_110133_867321_2_LinearTransform_1.h5,1,LinearTransform_2,D:\CodingHHW\Biplane\experiment\transform_snapshots\20260323_110133_867321\20260323_110133_867321_3_LinearTransform_2.h5,1,3,1,1.178489298,1.178489298,1.09E-13,1,1,1.314836173,1.314836173,8.63E-13,1,0,1.40056201,1.40056201,7.48E-13,1,1,NA,NA,NA,NA,NA,NA,NA,NA,NA,NA,NA,NA,NA,NA,NA,NA,NA,NA,0.048280461,1,1,0,0,30,0.062037859,1,1,0,0,30,0.054494715,0,0,0,0,30,478.143,389.41,376.334,10.147,545.339,29.488,32.686,3.31,2.968,2.315,0.739,0.486
2026-03-23T11:01:57+08:00,20260323_110157_121180,D:\CodingHHW\Biplane\experiment\experiment_results.csv,Panoramix-cropped,orthographic,Current mode: Orthographic,1,0,1,1,1,1,86.82,81.34,85.85,0.12,0.27,0,0.12 mm,0.27 px,0.00 mm,testPoint,TargetP3D,blackCenter2,PointGreen,PointRed,PointGreen,testPoint,30,1,1,0,1,-132.741,157.761,-298.0990906,162.9668165,196.4287758,171.7611734,177.0522552,0,6,10,D:\CodingHHW\Biplane\experiment\transform_snapshots\20260323_110157_121180,LinearTransform,D:\CodingHHW\Biplane\experiment\transform_snapshots\20260323_110157_121180\20260323_110157_121180_1_LinearTransform.h5,1,LinearTransform_1,D:\CodingHHW\Biplane\experiment\transform_snapshots\20260323_110157_121180\20260323_110157_121180_2_LinearTransform_1.h5,1,LinearTransform_2,D:\CodingHHW\Biplane\experiment\transform_snapshots\20260323_110157_121180\20260323_110157_121180_3_LinearTransform_2.h5,1,3,1,1.182177378,1.182177378,4.22E-14,1,1,1.294922139,1.294922139,3.38E-14,0,0,1.162388554,1.162388554,2.78E-13,0,0,NA,NA,NA,NA,NA,NA,NA,NA,NA,NA,NA,NA,NA,NA,NA,NA,NA,NA,0.059278263,0,0,0,0,30,0.053669326,1,0,0,0,30,0.064712594,0,1,0,0,30,570.272,426.897,416.421,10.129,547.372,30.681,32.686,3.436,3.393,2.177,0.551,0.485
2026-03-23T13:02:14+08:00,20260323_130214_600955,D:\CodingHHW\Biplane\experiment\experiment_results.csv,Panoramix-cropped,orthographic,Current mode: Orthographic,1,0,1,1,1,1,86.82,81.34,85.85,0.06,0.03,0,0.06 mm,0.03 px,0.00 mm,testPoint,TargetP3D,blackCenter2,PointGreen,PointRed,PointGreen,testPoint,30,1,1,0,1,13.20782757,189.4786377,-251.521286,67.92224147,93.8817918,97.0387642,86.28093249,0,6,10,D:\CodingHHW\Biplane\experiment\transform_snapshots\20260323_130214_600955,LinearTransform,D:\CodingHHW\Biplane\experiment\transform_snapshots\20260323_130214_600955\20260323_130214_600955_1_LinearTransform.h5,1,LinearTransform_1,D:\CodingHHW\Biplane\experiment\transform_snapshots\20260323_130214_600955\20260323_130214_600955_2_LinearTransform_1.h5,1,LinearTransform_2,D:\CodingHHW\Biplane\experiment\transform_snapshots\20260323_130214_600955\20260323_130214_600955_3_LinearTransform_2.h5,1,3,1,1.237524829,1.237524829,1.21E-13,1,1,1.645429981,1.645429981,1.51E-14,0,1,1.670400039,1.670400039,5.75E-13,0,1,NA,NA,NA,NA,NA,NA,NA,NA,NA,NA,NA,NA,NA,NA,NA,NA,NA,NA,0.042560081,0,1,0,0,30,0.053237387,0,0,0,0,30,0.049542213,1,0,0,0,30,518.372,424.879,428.572,9.802,553.438,30.413,32.686,3.408,2.997,2.087,0.639,0.572
2026-03-23T13:03:04+08:00,20260323_130304_492829,D:\CodingHHW\Biplane\experiment\experiment_results.csv,Panoramix-cropped,orthographic,Current mode: Orthographic,1,0,1,1,1,1,86.82,81.34,85.85,0.1,0.23,0,0.10 mm,0.23 px,0.00 mm,testPoint,TargetP3D,blackCenter2,PointGreen,PointRed,PointGreen,testPoint,30,1,1,0,1,13.20782757,189.4786377,-251.521286,67.92224147,93.8817918,97.0387642,86.28093249,0,6,10,D:\CodingHHW\Biplane\experiment\transform_snapshots\20260323_130304_492829,LinearTransform,D:\CodingHHW\Biplane\experiment\transform_snapshots\20260323_130304_492829\20260323_130304_492829_1_LinearTransform.h5,1,LinearTransform_1,D:\CodingHHW\Biplane\experiment\transform_snapshots\20260323_130304_492829\20260323_130304_492829_2_LinearTransform_1.h5,1,LinearTransform_2,D:\CodingHHW\Biplane\experiment\transform_snapshots\20260323_130304_492829\20260323_130304_492829_3_LinearTransform_2.h5,1,3,1,1.770606604,1.770606604,1.51E-14,1,1,1.97701994,1.97701994,7.02E-14,1,0,2.008544636,2.008544636,2.05E-13,0,0,NA,NA,NA,NA,NA,NA,NA,NA,NA,NA,NA,NA,NA,NA,NA,NA,NA,NA,0.044260791,0,0,0,0,30,0.03487238,0,1,0,0,30,0.050288874,0,1,0,0,30,545.499,435.36,425.452,10.393,549.876,29.418,32.686,3.194,2.878,2.427,0.653,0.975
2026-03-23T13:03:42+08:00,20260323_130342_940907,D:\CodingHHW\Biplane\experiment\experiment_results.csv,Panoramix-cropped,orthographic,Current mode: Orthographic,1,0,1,1,1,1,86.82,81.34,85.85,0.04,0.06,0,0.04 mm,0.06 px,0.00 mm,testPoint,TargetP3D,blackCenter2,PointGreen,PointRed,PointGreen,testPoint,30,1,1,0,1,13.20782757,189.4786377,-251.521286,67.92224147,93.8817918,97.0387642,86.28093249,0,6,10,D:\CodingHHW\Biplane\experiment\transform_snapshots\20260323_130342_940907,LinearTransform,D:\CodingHHW\Biplane\experiment\transform_snapshots\20260323_130342_940907\20260323_130342_940907_1_LinearTransform.h5,1,LinearTransform_1,D:\CodingHHW\Biplane\experiment\transform_snapshots\20260323_130342_940907\20260323_130342_940907_2_LinearTransform_1.h5,1,LinearTransform_2,D:\CodingHHW\Biplane\experiment\transform_snapshots\20260323_130342_940907\20260323_130342_940907_3_LinearTransform_2.h5,1,3,1,2.049713614,2.049713614,3.38E-14,0,0,1.843974704,1.843974704,3.60E-14,0,0,2.950756313,2.950756313,4.66E-14,0,0,NA,NA,NA,NA,NA,NA,NA,NA,NA,NA,NA,NA,NA,NA,NA,NA,NA,NA,0.037457793,0,0,0,0,30,0.036025163,0,0,0,0,30,0.03958855,0,0,0,0,30,541.316,433.105,512.798,9.914,547.092,28.735,32.686,2.672,3.349,2.891,0.675,0.51
2026-03-23T13:04:20+08:00,20260323_130420_405068,D:\CodingHHW\Biplane\experiment\experiment_results.csv,Panoramix-cropped,orthographic,Current mode: Orthographic,1,0,1,1,1,1,86.82,81.34,85.85,0.01,0.03,0,0.01 mm,0.03 px,0.00 mm,testPoint,TargetP3D,blackCenter2,PointGreen,PointRed,PointGreen,testPoint,30,1,1,0,1,13.20782757,189.4786377,-251.521286,67.92224147,93.8817918,97.0387642,86.28093249,0,6,10,D:\CodingHHW\Biplane\experiment\transform_snapshots\20260323_130420_405068,LinearTransform,D:\CodingHHW\Biplane\experiment\transform_snapshots\20260323_130420_405068\20260323_130420_405068_1_LinearTransform.h5,1,LinearTransform_1,D:\CodingHHW\Biplane\experiment\transform_snapshots\20260323_130420_405068\20260323_130420_405068_2_LinearTransform_1.h5,1,LinearTransform_2,D:\CodingHHW\Biplane\experiment\transform_snapshots\20260323_130420_405068\20260323_130420_405068_3_LinearTransform_2.h5,1,3,1,2.129466931,2.129466931,1.07E-14,1,1,2.106091154,2.106091154,2.13E-14,1,1,2.935091047,2.935091047,3.19E-13,0,0,NA,NA,NA,NA,NA,NA,NA,NA,NA,NA,NA,NA,NA,NA,NA,NA,NA,NA,0.03800847,0,1,0,0,30,0.046393409,0,1,0,0,30,0.037412215,0,1,0,0,30,591.637,465.184,402.051,9.612,549.038,30.208,32.686,3.215,2.933,2.075,0.753,0.736
2026-03-23T13:05:02+08:00,20260323_130502_342442,D:\CodingHHW\Biplane\experiment\experiment_results.csv,Panoramix-cropped,orthographic,Current mode: Orthographic,1,0,1,1,1,1,86.82,81.34,85.85,0.07,0.02,0,0.07 mm,0.02 px,0.00 mm,testPoint,TargetP3D,blackCenter2,PointGreen,PointRed,PointGreen,testPoint,30,1,1,0,1,13.20782757,189.4786377,-251.521286,67.92224147,93.8817918,97.0387642,86.28093249,0,6,10,D:\CodingHHW\Biplane\experiment\transform_snapshots\20260323_130502_342442,LinearTransform,D:\CodingHHW\Biplane\experiment\transform_snapshots\20260323_130502_342442\20260323_130502_342442_1_LinearTransform.h5,1,LinearTransform_1,D:\CodingHHW\Biplane\experiment\transform_snapshots\20260323_130502_342442\20260323_130502_342442_2_LinearTransform_1.h5,1,LinearTransform_2,D:\CodingHHW\Biplane\experiment\transform_snapshots\20260323_130502_342442\20260323_130502_342442_3_LinearTransform_2.h5,1,3,1,2.22301332,2.22301332,3.95E-14,1,1,2.317047335,2.317047335,6.97E-14,0,0,2.648259197,2.648259197,3.94E-13,0,1,NA,NA,NA,NA,NA,NA,NA,NA,NA,NA,NA,NA,NA,NA,NA,NA,NA,NA,0.039956236,0,1,0,0,30,0.053556014,1,1,0,0,30,0.032272295,1,0,0,0,30,564.47,459.154,423.25,10.477,551.13,30.074,32.686,2.826,3.513,2.374,0.695,0.723
2026-03-23T13:05:40+08:00,20260323_130540_347064,D:\CodingHHW\Biplane\experiment\experiment_results.csv,Panoramix-cropped,orthographic,Current mode: Orthographic,1,0,1,1,1,1,86.82,81.34,85.85,0.04,0.02,0,0.04 mm,0.02 px,0.00 mm,testPoint,TargetP3D,blackCenter2,PointGreen,PointRed,PointGreen,testPoint,30,1,1,0,1,13.20782757,189.4786377,-251.521286,67.92224147,93.8817918,97.0387642,86.28093249,0,6,10,D:\CodingHHW\Biplane\experiment\transform_snapshots\20260323_130540_347064,LinearTransform,D:\CodingHHW\Biplane\experiment\transform_snapshots\20260323_130540_347064\20260323_130540_347064_1_LinearTransform.h5,1,LinearTransform_1,D:\CodingHHW\Biplane\experiment\transform_snapshots\20260323_130540_347064\20260323_130540_347064_2_LinearTransform_1.h5,1,LinearTransform_2,D:\CodingHHW\Biplane\experiment\transform_snapshots\20260323_130540_347064\20260323_130540_347064_3_LinearTransform_2.h5,1,3,1,2.374729626,2.374729626,2.00E-14,0,0,2.38748122,2.38748122,7.59E-14,0,0,2.207300919,2.207300919,7.42E-14,0,0,NA,NA,NA,NA,NA,NA,NA,NA,NA,NA,NA,NA,NA,NA,NA,NA,NA,NA,0.051996774,1,1,0,0,30,0.030703346,0,1,0,0,30,0.041136512,0,0,0,0,30,672.124,441.986,430.519,10.774,549.92,30.484,32.686,3.115,3.78,2.584,0.554,0.729
2026-03-23T13:06:12+08:00,20260323_130612_523317,D:\CodingHHW\Biplane\experiment\experiment_results.csv,Panoramix-cropped,orthographic,Current mode: Orthographic,1,0,1,1,1,1,86.82,81.34,85.85,0.09,0.17,0,0.09 mm,0.17 px,0.00 mm,testPoint,TargetP3D,blackCenter2,PointGreen,PointRed,PointGreen,testPoint,30,1,1,0,1,13.20782757,189.4786377,-251.521286,67.92224147,93.8817918,97.0387642,86.28093249,0,6,10,D:\CodingHHW\Biplane\experiment\transform_snapshots\20260323_130612_523317,LinearTransform,D:\CodingHHW\Biplane\experiment\transform_snapshots\20260323_130612_523317\20260323_130612_523317_1_LinearTransform.h5,1,LinearTransform_1,D:\CodingHHW\Biplane\experiment\transform_snapshots\20260323_130612_523317\20260323_130612_523317_2_LinearTransform_1.h5,1,LinearTransform_2,D:\CodingHHW\Biplane\experiment\transform_snapshots\20260323_130612_523317\20260323_130612_523317_3_LinearTransform_2.h5,1,3,1,2.219391308,2.219391308,2.62E-14,1,1,2.394970117,2.394970117,6.97E-14,1,1,1.845645099,1.845645099,2.08E-13,0,0,NA,NA,NA,NA,NA,NA,NA,NA,NA,NA,NA,NA,NA,NA,NA,NA,NA,NA,0.044691377,0,1,0,0,30,0.057369109,0,1,0,0,30,0.03548332,0,1,0,0,30,549.432,484.424,459.162,9.997,553.967,29.778,32.686,3.335,3.202,2.803,0.559,0.857
2026-03-23T13:06:44+08:00,20260323_130644_551407,D:\CodingHHW\Biplane\experiment\experiment_results.csv,Panoramix-cropped,orthographic,Current mode: Orthographic,1,0,1,1,1,1,86.82,81.34,85.85,0.08,0.11,0,0.08 mm,0.11 px,0.00 mm,testPoint,TargetP3D,blackCenter2,PointGreen,PointRed,PointGreen,testPoint,30,1,1,0,1,13.20782757,189.4786377,-251.521286,67.92224147,93.8817918,97.0387642,86.28093249,0,6,10,D:\CodingHHW\Biplane\experiment\transform_snapshots\20260323_130644_551407,LinearTransform,D:\CodingHHW\Biplane\experiment\transform_snapshots\20260323_130644_551407\20260323_130644_551407_1_LinearTransform.h5,1,LinearTransform_1,D:\CodingHHW\Biplane\experiment\transform_snapshots\20260323_130644_551407\20260323_130644_551407_2_LinearTransform_1.h5,1,LinearTransform_2,D:\CodingHHW\Biplane\experiment\transform_snapshots\20260323_130644_551407\20260323_130644_551407_3_LinearTransform_2.h5,1,3,1,2.198952037,2.198952037,1.91E-14,1,1,2.146536841,2.146536841,1.15E-14,0,0,1.786084005,1.786084005,2.03E-13,1,1,NA,NA,NA,NA,NA,NA,NA,NA,NA,NA,NA,NA,NA,NA,NA,NA,NA,NA,0.043045757,0,0,0,0,30,0.04998071,0,0,0,0,30,0.047622318,0,0,0,0,30,584.392,479.856,421.42,10.429,549.345,29.956,32.686,3.241,3.471,3.092,0.683,0.543
2026-03-23T13:07:43+08:00,20260323_130743_666235,D:\CodingHHW\Biplane\experiment\experiment_results.csv,Panoramix-cropped,perspective,Current mode: Perspective,1,1,0,1,1,1,86.82,81.34,85.85,0.07,0.02,0,0.07 mm,0.02 px,0.00 mm,testPoint,TargetP3D,blackCenter2,PointGreen,PointRed,PointGreen,testPoint,30,0,1,0,1,13.20782757,189.4786377,-251.521286,67.92224147,93.8817918,97.0387642,86.28093249,0,6,10,D:\CodingHHW\Biplane\experiment\transform_snapshots\20260323_130743_666235,LinearTransform,D:\CodingHHW\Biplane\experiment\transform_snapshots\20260323_130743_666235\20260323_130743_666235_1_LinearTransform.h5,1,LinearTransform_1,D:\CodingHHW\Biplane\experiment\transform_snapshots\20260323_130743_666235\20260323_130743_666235_2_LinearTransform_1.h5,1,LinearTransform_2,D:\CodingHHW\Biplane\experiment\transform_snapshots\20260323_130743_666235\20260323_130743_666235_3_LinearTransform_2.h5,1,3,1,0.068637862,0.068637862,7.83E-13,1,1,0.054870536,0.054870536,8.75E-14,1,1,0.098632776,0.098632776,3.06E-14,1,1,0.056449753,0,0,0,0,30,0.052879017,0,0,0,0,30,0.097603345,1,1,0,0,30,NA,NA,NA,NA,NA,NA,NA,NA,NA,NA,NA,NA,NA,NA,NA,NA,NA,NA,473.766,440.01,465.243,10.208,580.099,61.889,34.672,3.241,4.162,2.553,0.567,0.489
2026-03-23T13:08:19+08:00,20260323_130819_204502,D:\CodingHHW\Biplane\experiment\experiment_results.csv,Panoramix-cropped,perspective,Current mode: Perspective,1,1,0,1,1,1,86.82,81.34,85.85,0.05,0.12,0,0.05 mm,0.12 px,0.00 mm,testPoint,TargetP3D,blackCenter2,PointGreen,PointRed,PointGreen,testPoint,30,0,1,0,1,13.20782757,189.4786377,-251.521286,67.92224147,93.8817918,97.0387642,86.28093249,0,6,10,D:\CodingHHW\Biplane\experiment\transform_snapshots\20260323_130819_204502,LinearTransform,D:\CodingHHW\Biplane\experiment\transform_snapshots\20260323_130819_204502\20260323_130819_204502_1_LinearTransform.h5,1,LinearTransform_1,D:\CodingHHW\Biplane\experiment\transform_snapshots\20260323_130819_204502\20260323_130819_204502_2_LinearTransform_1.h5,1,LinearTransform_2,D:\CodingHHW\Biplane\experiment\transform_snapshots\20260323_130819_204502\20260323_130819_204502_3_LinearTransform_2.h5,1,3,1,0.034940066,0.034940066,2.70E-14,0,0,0.057405619,0.057405619,7.78E-14,1,1,0.044513125,0.044513125,3.15E-13,0,0,0.033743936,0,1,0,0,30,0.056740283,0,0,0,0,30,0.044094412,1,1,0,0,30,NA,NA,NA,NA,NA,NA,NA,NA,NA,NA,NA,NA,NA,NA,NA,NA,NA,NA,464.595,435.449,471.185,9.732,589.292,62.935,34.918,3.241,3.908,2.524,0.785,0.553
2026-03-23T13:09:28+08:00,20260323_130928_949049,D:\CodingHHW\Biplane\experiment\experiment_results.csv,Panoramix-cropped,perspective,Current mode: Perspective,1,1,0,1,1,1,86.82,81.34,85.85,0.08,0.04,0,0.08 mm,0.04 px,0.00 mm,testPoint,TargetP3D,blackCenter2,PointGreen,PointRed,PointGreen,testPoint,30,0,1,0,1,13.20782757,189.4786377,-251.521286,67.92224147,93.8817918,97.0387642,86.28093249,0,6,10,D:\CodingHHW\Biplane\experiment\transform_snapshots\20260323_130928_949049,LinearTransform,D:\CodingHHW\Biplane\experiment\transform_snapshots\20260323_130928_949049\20260323_130928_949049_1_LinearTransform.h5,1,LinearTransform_1,D:\CodingHHW\Biplane\experiment\transform_snapshots\20260323_130928_949049\20260323_130928_949049_2_LinearTransform_1.h5,1,LinearTransform_2,D:\CodingHHW\Biplane\experiment\transform_snapshots\20260323_130928_949049\20260323_130928_949049_3_LinearTransform_2.h5,1,3,1,0.074317635,0.074317635,4.58E-15,1,1,0.056156685,0.056156685,2.09E-14,0,0,0.06519442,0.06519442,3.74E-14,1,1,0.068328836,0,0,0,0,30,0.047164373,0,0,0,0,30,0.064906956,1,0,0,0,30,NA,NA,NA,NA,NA,NA,NA,NA,NA,NA,NA,NA,NA,NA,NA,NA,NA,NA,456.93,444.869,494.763,10.357,587.324,63.266,35.857,3.241,3.313,2.319,0.67,0.522
2026-03-23T13:10:08+08:00,20260323_131008_038123,D:\CodingHHW\Biplane\experiment\experiment_results.csv,Panoramix-cropped,perspective,Current mode: Perspective,1,1,0,1,1,1,86.82,81.34,85.85,0.06,0.12,0,0.06 mm,0.12 px,0.00 mm,testPoint,TargetP3D,blackCenter2,PointGreen,PointRed,PointGreen,testPoint,30,0,1,0,1,13.20782757,189.4786377,-251.521286,67.92224147,93.8817918,97.0387642,86.28093249,0,6,10,D:\CodingHHW\Biplane\experiment\transform_snapshots\20260323_131008_038123,LinearTransform,D:\CodingHHW\Biplane\experiment\transform_snapshots\20260323_131008_038123\20260323_131008_038123_1_LinearTransform.h5,1,LinearTransform_1,D:\CodingHHW\Biplane\experiment\transform_snapshots\20260323_131008_038123\20260323_131008_038123_2_LinearTransform_1.h5,1,LinearTransform_2,D:\CodingHHW\Biplane\experiment\transform_snapshots\20260323_131008_038123\20260323_131008_038123_3_LinearTransform_2.h5,1,3,1,0.055603831,0.055603831,2.49E-14,1,1,0.054526754,0.054526754,1.23E-13,0,0,0.063696144,0.063696144,6.47E-13,1,1,0.055596203,1,0,0,0,30,0.046107051,0,1,0,0,30,0.057088366,1,1,0,0,30,NA,NA,NA,NA,NA,NA,NA,NA,NA,NA,NA,NA,NA,NA,NA,NA,NA,NA,451.901,452.49,454.991,9.967,580.531,60.648,33.349,3.241,2.48,2.014,0.628,0.503
2026-03-23T13:10:39+08:00,20260323_131039_504751,D:\CodingHHW\Biplane\experiment\experiment_results.csv,Panoramix-cropped,perspective,Current mode: Perspective,1,1,0,1,1,1,86.82,81.34,85.85,0.09,0.11,0,0.09 mm,0.11 px,0.00 mm,testPoint,TargetP3D,blackCenter2,PointGreen,PointRed,PointGreen,testPoint,30,0,1,0,1,13.20782757,189.4786377,-251.521286,67.92224147,93.8817918,97.0387642,86.28093249,0,6,10,D:\CodingHHW\Biplane\experiment\transform_snapshots\20260323_131039_504751,LinearTransform,D:\CodingHHW\Biplane\experiment\transform_snapshots\20260323_131039_504751\20260323_131039_504751_1_LinearTransform.h5,1,LinearTransform_1,D:\CodingHHW\Biplane\experiment\transform_snapshots\20260323_131039_504751\20260323_131039_504751_2_LinearTransform_1.h5,1,LinearTransform_2,D:\CodingHHW\Biplane\experiment\transform_snapshots\20260323_131039_504751\20260323_131039_504751_3_LinearTransform_2.h5,1,3,1,0.031984522,0.031984522,9.82E-14,1,1,0.074476638,0.074476638,2.50E-13,0,0,0.066690993,0.066690993,1.50E-12,1,1,0.030618261,1,0,0,0,30,0.072544494,1,0,0,0,30,0.061007865,1,1,0,0,30,NA,NA,NA,NA,NA,NA,NA,NA,NA,NA,NA,NA,NA,NA,NA,NA,NA,NA,476.525,420.651,478.378,9.809,582.422,60.901,33.681,3.241,3.042,2.15,0.525,0.524
2026-03-23T13:12:33+08:00,20260323_131233_013074,D:\CodingHHW\Biplane\experiment\experiment_results.csv,Panoramix-cropped,perspective,Current mode: Perspective,1,1,0,1,1,1,86.82,81.34,85.85,0.04,0.09,0,0.04 mm,0.09 px,0.00 mm,testPoint,TargetP3D,blackCenter2,PointGreen,PointRed,PointGreen,testPoint,30,0,1,0,1,13.20782757,189.4786377,-251.521286,67.92224147,93.8817918,97.0387642,86.28093249,0,6,10,D:\CodingHHW\Biplane\experiment\transform_snapshots\20260323_131233_013074,LinearTransform,D:\CodingHHW\Biplane\experiment\transform_snapshots\20260323_131233_013074\20260323_131233_013074_1_LinearTransform.h5,1,LinearTransform_1,D:\CodingHHW\Biplane\experiment\transform_snapshots\20260323_131233_013074\20260323_131233_013074_2_LinearTransform_1.h5,1,LinearTransform_2,D:\CodingHHW\Biplane\experiment\transform_snapshots\20260323_131233_013074\20260323_131233_013074_3_LinearTransform_2.h5,1,3,1,0.066796712,0.066796712,6.79E-14,0,0,0.042231701,0.042231701,8.65E-15,1,1,0.072586246,0.072586246,1.49E-12,1,1,0.055211303,0,1,0,0,30,0.039733348,0,1,0,0,30,0.06496715,1,0,0,0,30,NA,NA,NA,NA,NA,NA,NA,NA,NA,NA,NA,NA,NA,NA,NA,NA,NA,NA,427.807,376.472,437.318,9.732,588.601,59.539,32.156,3.241,3.437,2.119,0.533,0.746
2026-03-23T13:21:32+08:00,20260323_132132_264227,D:\CodingHHW\Biplane\experiment\experiment_results.csv,Panoramix-cropped,perspective,Current mode: Perspective,1,1,0,1,1,1,35.41,57.49,56.59,0.14,0.22,0,0.14 mm,0.22 px,0.00 mm,testPoint,TargetP3D,blackCenter2,PointGreen,PointRed,PointGreen,testPoint,30,0,1,0,1,13.208,189.479,-251.521286,67.92194631,87.19523019,89.37012424,81.49576691,0,6,10,D:\CodingHHW\Biplane\experiment\transform_snapshots\20260323_132132_264227,LinearTransform,D:\CodingHHW\Biplane\experiment\transform_snapshots\20260323_132132_264227\20260323_132132_264227_1_LinearTransform.h5,1,LinearTransform_1,D:\CodingHHW\Biplane\experiment\transform_snapshots\20260323_132132_264227\20260323_132132_264227_2_LinearTransform_1.h5,1,LinearTransform_2,D:\CodingHHW\Biplane\experiment\transform_snapshots\20260323_132132_264227\20260323_132132_264227_3_LinearTransform_2.h5,1,3,1,0.076670918,0.076670918,2.13E-14,1,1,0.065974203,0.065974203,1.80E-13,0,0,0.066452495,0.066452495,4.80E-15,1,1,0.076570216,1,1,0,0,30,0.056416243,0,1,0,0,30,0.06230091,1,0,0,0,30,NA,NA,NA,NA,NA,NA,NA,NA,NA,NA,NA,NA,NA,NA,NA,NA,NA,NA,495.621,533.405,424.298,9.834,553.853,60.832,33.018,3.241,3.598,2.336,0.526,0.469
2026-03-23T13:22:12+08:00,20260323_132212_319681,D:\CodingHHW\Biplane\experiment\experiment_results.csv,Panoramix-cropped,perspective,Current mode: Perspective,1,1,0,1,1,1,35.41,57.49,56.59,0.2,0.11,0,0.20 mm,0.11 px,0.00 mm,testPoint,TargetP3D,blackCenter2,PointGreen,PointRed,PointGreen,testPoint,30,0,1,0,1,13.208,189.479,-251.521286,67.92194631,87.19523019,89.37012424,81.49576691,0,6,10,D:\CodingHHW\Biplane\experiment\transform_snapshots\20260323_132212_319681,LinearTransform,D:\CodingHHW\Biplane\experiment\transform_snapshots\20260323_132212_319681\20260323_132212_319681_1_LinearTransform.h5,1,LinearTransform_1,D:\CodingHHW\Biplane\experiment\transform_snapshots\20260323_132212_319681\20260323_132212_319681_2_LinearTransform_1.h5,1,LinearTransform_2,D:\CodingHHW\Biplane\experiment\transform_snapshots\20260323_132212_319681\20260323_132212_319681_3_LinearTransform_2.h5,1,3,1,0.056161838,0.056161838,8.54E-14,0,0,0.076890932,0.076890932,2.08E-14,0,0,0.046076907,0.046076907,9.78E-14,1,1,0.053660438,0,0,0,0,30,0.076394727,0,1,0,0,30,0.044242392,0,0,0,0,30,NA,NA,NA,NA,NA,NA,NA,NA,NA,NA,NA,NA,NA,NA,NA,NA,NA,NA,422.754,465.576,381.021,10.168,555.597,60.457,33.339,3.241,3.12,2.119,0.613,0.591
2026-03-23T13:22:44+08:00,20260323_132244_595927,D:\CodingHHW\Biplane\experiment\experiment_results.csv,Panoramix-cropped,perspective,Current mode: Perspective,1,1,0,1,1,1,35.41,57.49,56.59,0.07,0.1,0,0.07 mm,0.10 px,0.00 mm,testPoint,TargetP3D,blackCenter2,PointGreen,PointRed,PointGreen,testPoint,30,0,1,0,1,13.208,189.479,-251.521286,67.92194631,87.19523019,89.37012424,81.49576691,0,6,10,D:\CodingHHW\Biplane\experiment\transform_snapshots\20260323_132244_595927,LinearTransform,D:\CodingHHW\Biplane\experiment\transform_snapshots\20260323_132244_595927\20260323_132244_595927_1_LinearTransform.h5,1,LinearTransform_1,D:\CodingHHW\Biplane\experiment\transform_snapshots\20260323_132244_595927\20260323_132244_595927_2_LinearTransform_1.h5,1,LinearTransform_2,D:\CodingHHW\Biplane\experiment\transform_snapshots\20260323_132244_595927\20260323_132244_595927_3_LinearTransform_2.h5,1,3,1,0.082787312,0.082787312,4.08E-14,0,0,0.077035857,0.077035857,2.19E-13,0,0,0.049272137,0.049272137,1.01E-13,0,0,0.069089381,1,0,0,0,30,0.065563946,1,0,0,0,30,0.048347184,0,0,0,0,30,NA,NA,NA,NA,NA,NA,NA,NA,NA,NA,NA,NA,NA,NA,NA,NA,NA,NA,429.503,436.551,398.043,10.248,556.717,60.89,33.538,3.241,2.917,2.381,0.528,0.607
2026-03-23T13:23:13+08:00,20260323_132313_181242,D:\CodingHHW\Biplane\experiment\experiment_results.csv,Panoramix-cropped,perspective,Current mode: Perspective,1,1,0,1,1,1,35.41,57.49,56.59,0.06,0.17,0,0.06 mm,0.17 px,0.00 mm,testPoint,TargetP3D,blackCenter2,PointGreen,PointRed,PointGreen,testPoint,30,0,1,0,1,13.208,189.479,-251.521286,67.92194631,87.19523019,89.37012424,81.49576691,0,6,10,D:\CodingHHW\Biplane\experiment\transform_snapshots\20260323_132313_181242,LinearTransform,D:\CodingHHW\Biplane\experiment\transform_snapshots\20260323_132313_181242\20260323_132313_181242_1_LinearTransform.h5,1,LinearTransform_1,D:\CodingHHW\Biplane\experiment\transform_snapshots\20260323_132313_181242\20260323_132313_181242_2_LinearTransform_1.h5,1,LinearTransform_2,D:\CodingHHW\Biplane\experiment\transform_snapshots\20260323_132313_181242\20260323_132313_181242_3_LinearTransform_2.h5,1,3,1,0.056544484,0.056544484,1.16E-13,0,0,0.041910607,0.041910607,8.18E-15,1,1,0.049709843,0.049709843,1.26E-14,0,0,0.054953925,0,0,0,0,30,0.040233001,1,0,0,0,30,0.046575172,0,0,0,0,30,NA,NA,NA,NA,NA,NA,NA,NA,NA,NA,NA,NA,NA,NA,NA,NA,NA,NA,440.997,423.422,431.96,10.542,548.652,60.014,32.911,3.241,3.047,2.146,0.59,0.53
2026-03-23T13:23:42+08:00,20260323_132342_305332,D:\CodingHHW\Biplane\experiment\experiment_results.csv,Panoramix-cropped,perspective,Current mode: Perspective,1,1,0,1,1,1,35.41,57.49,56.59,0.58,0.01,0,0.58 mm,0.01 px,0.00 mm,testPoint,TargetP3D,blackCenter2,PointGreen,PointRed,PointGreen,testPoint,30,0,1,0,1,13.208,189.479,-251.521286,67.92194631,87.19523019,89.37012424,81.49576691,0,6,10,D:\CodingHHW\Biplane\experiment\transform_snapshots\20260323_132342_305332,LinearTransform,D:\CodingHHW\Biplane\experiment\transform_snapshots\20260323_132342_305332\20260323_132342_305332_1_LinearTransform.h5,1,LinearTransform_1,D:\CodingHHW\Biplane\experiment\transform_snapshots\20260323_132342_305332\20260323_132342_305332_2_LinearTransform_1.h5,1,LinearTransform_2,D:\CodingHHW\Biplane\experiment\transform_snapshots\20260323_132342_305332\20260323_132342_305332_3_LinearTransform_2.h5,1,3,1,0.07265211,0.07265211,9.65E-15,0,0,0.054647081,0.054647081,1.77E-14,0,0,0.053948247,0.053948247,8.05E-13,1,1,0.071920986,1,1,0,0,30,0.054506966,0,0,0,0,30,0.04859839,1,1,0,0,30,NA,NA,NA,NA,NA,NA,NA,NA,NA,NA,NA,NA,NA,NA,NA,NA,NA,NA,466.024,485.636,393.229,9.933,554.291,62.33,34.192,3.241,3.114,2.22,0.619,0.613
2026-03-23T13:24:09+08:00,20260323_132409_712404,D:\CodingHHW\Biplane\experiment\experiment_results.csv,Panoramix-cropped,perspective,Current mode: Perspective,1,1,0,1,1,1,35.41,57.49,56.59,0.12,0.02,0,0.12 mm,0.02 px,0.00 mm,testPoint,TargetP3D,blackCenter2,PointGreen,PointRed,PointGreen,testPoint,30,0,1,0,1,13.208,189.479,-251.521286,67.92194631,87.19523019,89.37012424,81.49576691,0,6,10,D:\CodingHHW\Biplane\experiment\transform_snapshots\20260323_132409_712404,LinearTransform,D:\CodingHHW\Biplane\experiment\transform_snapshots\20260323_132409_712404\20260323_132409_712404_1_LinearTransform.h5,1,LinearTransform_1,D:\CodingHHW\Biplane\experiment\transform_snapshots\20260323_132409_712404\20260323_132409_712404_2_LinearTransform_1.h5,1,LinearTransform_2,D:\CodingHHW\Biplane\experiment\transform_snapshots\20260323_132409_712404\20260323_132409_712404_3_LinearTransform_2.h5,1,3,1,0.082398684,0.082398684,4.45E-14,0,0,0.049414985,0.049414985,9.58E-14,1,1,0.089179991,0.089179991,3.81E-13,0,0,0.0795407,1,1,0,0,30,0.044076874,1,1,0,0,30,0.086627295,1,1,0,0,30,NA,NA,NA,NA,NA,NA,NA,NA,NA,NA,NA,NA,NA,NA,NA,NA,NA,NA,461.12,480.848,361.373,10.389,556.598,61.186,33.549,3.241,3.724,2.133,0.547,0.674
2026-03-23T13:24:44+08:00,20260323_132444_579676,D:\CodingHHW\Biplane\experiment\experiment_results.csv,Panoramix-cropped,perspective,Current mode: Perspective,1,1,0,1,1,1,35.41,57.49,56.59,0.03,0.18,0,0.03 mm,0.18 px,0.00 mm,testPoint,TargetP3D,blackCenter2,PointGreen,PointRed,PointGreen,testPoint,30,0,1,0,1,13.208,189.479,-251.521286,67.92194631,87.19523019,89.37012424,81.49576691,0,6,10,D:\CodingHHW\Biplane\experiment\transform_snapshots\20260323_132444_579676,LinearTransform,D:\CodingHHW\Biplane\experiment\transform_snapshots\20260323_132444_579676\20260323_132444_579676_1_LinearTransform.h5,1,LinearTransform_1,D:\CodingHHW\Biplane\experiment\transform_snapshots\20260323_132444_579676\20260323_132444_579676_2_LinearTransform_1.h5,1,LinearTransform_2,D:\CodingHHW\Biplane\experiment\transform_snapshots\20260323_132444_579676\20260323_132444_579676_3_LinearTransform_2.h5,1,3,1,0.054123623,0.054123623,3.97E-14,0,0,0.04134895,0.04134895,1.48E-14,1,1,0.056292863,0.056292863,1.01E-14,1,1,0.051810855,0,1,0,0,30,0.040127587,0,0,0,0,30,0.056123221,0,1,0,0,30,NA,NA,NA,NA,NA,NA,NA,NA,NA,NA,NA,NA,NA,NA,NA,NA,NA,NA,479.742,516.97,402.467,10.34,553.74,59.805,33.084,3.241,3.329,2.211,0.715,0.494
2026-03-23T13:25:15+08:00,20260323_132515_793938,D:\CodingHHW\Biplane\experiment\experiment_results.csv,Panoramix-cropped,perspective,Current mode: Perspective,1,1,0,1,1,1,35.41,57.49,56.59,0.04,0.11,0,0.04 mm,0.11 px,0.00 mm,testPoint,TargetP3D,blackCenter2,PointGreen,PointRed,PointGreen,testPoint,30,0,1,0,1,13.208,189.479,-251.521286,67.92194631,87.19523019,89.37012424,81.49576691,0,6,10,D:\CodingHHW\Biplane\experiment\transform_snapshots\20260323_132515_793938,LinearTransform,D:\CodingHHW\Biplane\experiment\transform_snapshots\20260323_132515_793938\20260323_132515_793938_1_LinearTransform.h5,1,LinearTransform_1,D:\CodingHHW\Biplane\experiment\transform_snapshots\20260323_132515_793938\20260323_132515_793938_2_LinearTransform_1.h5,1,LinearTransform_2,D:\CodingHHW\Biplane\experiment\transform_snapshots\20260323_132515_793938\20260323_132515_793938_3_LinearTransform_2.h5,1,3,1,0.054139846,0.054139846,2.46E-14,1,1,0.064203531,0.064203531,1.03E-13,0,0,0.052259669,0.052259669,1.16E-12,1,1,0.053516602,0,0,0,0,30,0.06090256,1,0,0,0,30,0.051792092,1,1,0,0,30,NA,NA,NA,NA,NA,NA,NA,NA,NA,NA,NA,NA,NA,NA,NA,NA,NA,NA,445.874,451.767,435.297,10.462,557.22,60.734,33.31,3.241,3.51,2.093,0.507,0.511
2026-03-23T13:31:14+08:00,20260323_133114_183058,D:\CodingHHW\Biplane\experiment\experiment_results.csv,Panoramix-cropped,orthographic,Current mode: Orthographic,1,0,1,1,1,1,35.41,57.49,56.59,0.08,0.1,0,0.08 mm,0.10 px,0.00 mm,testPoint,TargetP3D,blackCenter2,PointGreen,PointRed,PointGreen,testPoint,30,1,1,0,1,13.208,189.479,-251.521286,67.92194631,87.19523019,89.37012424,81.49576691,0,6,10,D:\CodingHHW\Biplane\experiment\transform_snapshots\20260323_133114_183058,LinearTransform,D:\CodingHHW\Biplane\experiment\transform_snapshots\20260323_133114_183058\20260323_133114_183058_1_LinearTransform.h5,1,LinearTransform_1,D:\CodingHHW\Biplane\experiment\transform_snapshots\20260323_133114_183058\20260323_133114_183058_2_LinearTransform_1.h5,1,LinearTransform_2,D:\CodingHHW\Biplane\experiment\transform_snapshots\20260323_133114_183058\20260323_133114_183058_3_LinearTransform_2.h5,1,3,1,1.940608322,1.940608322,9.99E-15,0,0,2.063603394,2.063603394,6.17E-14,0,0,1.848155935,1.848155935,1.39E-13,0,0,NA,NA,NA,NA,NA,NA,NA,NA,NA,NA,NA,NA,NA,NA,NA,NA,NA,NA,0.054398927,1,1,0,0,30,0.090106706,0,0,0,0,30,0.062807331,0,0,0,0,30,550.876,499.188,408.961,10.37,520.101,28.431,33.31,2.788,3.044,2.013,0.515,0.487
2026-03-23T13:31:42+08:00,20260323_133142_661737,D:\CodingHHW\Biplane\experiment\experiment_results.csv,Panoramix-cropped,orthographic,Current mode: Orthographic,1,0,1,1,1,1,35.41,57.49,56.59,0.18,0.07,0,0.18 mm,0.07 px,0.00 mm,testPoint,TargetP3D,blackCenter2,PointGreen,PointRed,PointGreen,testPoint,30,1,1,0,1,13.208,189.479,-251.521286,67.92194631,87.19523019,89.37012424,81.49576691,0,6,10,D:\CodingHHW\Biplane\experiment\transform_snapshots\20260323_133142_661737,LinearTransform,D:\CodingHHW\Biplane\experiment\transform_snapshots\20260323_133142_661737\20260323_133142_661737_1_LinearTransform.h5,1,LinearTransform_1,D:\CodingHHW\Biplane\experiment\transform_snapshots\20260323_133142_661737\20260323_133142_661737_2_LinearTransform_1.h5,1,LinearTransform_2,D:\CodingHHW\Biplane\experiment\transform_snapshots\20260323_133142_661737\20260323_133142_661737_3_LinearTransform_2.h5,1,3,1,2.072783518,2.072783518,5.06E-14,0,0,1.992751991,1.992751991,2.38E-14,0,0,1.793933471,1.793933471,2.46E-14,0,0,NA,NA,NA,NA,NA,NA,NA,NA,NA,NA,NA,NA,NA,NA,NA,NA,NA,NA,0.040686791,0,0,0,0,30,0.05241598,1,1,0,0,30,0.051830831,1,0,0,0,30,574.015,521.623,393.283,9.915,522.878,29.599,33.31,2.851,3.534,2.059,0.581,0.56
2026-03-23T13:32:14+08:00,20260323_133214_828459,D:\CodingHHW\Biplane\experiment\experiment_results.csv,Panoramix-cropped,orthographic,Current mode: Orthographic,1,0,1,1,1,1,35.41,57.49,56.59,0.06,0.15,0,0.06 mm,0.15 px,0.00 mm,testPoint,TargetP3D,blackCenter2,PointGreen,PointRed,PointGreen,testPoint,30,1,1,0,1,13.208,189.479,-251.521286,67.92194631,87.19523019,89.37012424,81.49576691,0,6,10,D:\CodingHHW\Biplane\experiment\transform_snapshots\20260323_133214_828459,LinearTransform,D:\CodingHHW\Biplane\experiment\transform_snapshots\20260323_133214_828459\20260323_133214_828459_1_LinearTransform.h5,1,LinearTransform_1,D:\CodingHHW\Biplane\experiment\transform_snapshots\20260323_133214_828459\20260323_133214_828459_2_LinearTransform_1.h5,1,LinearTransform_2,D:\CodingHHW\Biplane\experiment\transform_snapshots\20260323_133214_828459\20260323_133214_828459_3_LinearTransform_2.h5,1,3,1,1.758747101,1.758747101,9.33E-15,1,1,1.645274349,1.645274349,7.33E-15,0,0,1.408596807,1.408596807,2.12E-13,1,1,NA,NA,NA,NA,NA,NA,NA,NA,NA,NA,NA,NA,NA,NA,NA,NA,NA,NA,0.039314298,0,1,0,0,30,0.062876683,1,1,0,0,30,0.043593814,0,1,0,0,30,582.354,508.939,401.767,9.963,523.586,30.007,33.31,3.356,2.805,2.65,0.487,0.6
2026-03-23T13:32:43+08:00,20260323_133243_896789,D:\CodingHHW\Biplane\experiment\experiment_results.csv,Panoramix-cropped,orthographic,Current mode: Orthographic,1,0,1,1,1,1,35.41,57.49,56.59,0.17,0.22,0,0.17 mm,0.22 px,0.00 mm,testPoint,TargetP3D,blackCenter2,PointGreen,PointRed,PointGreen,testPoint,30,1,1,0,1,13.208,189.479,-251.521286,67.92194631,87.19523019,89.37012424,81.49576691,0,6,10,D:\CodingHHW\Biplane\experiment\transform_snapshots\20260323_133243_896789,LinearTransform,D:\CodingHHW\Biplane\experiment\transform_snapshots\20260323_133243_896789\20260323_133243_896789_1_LinearTransform.h5,1,LinearTransform_1,D:\CodingHHW\Biplane\experiment\transform_snapshots\20260323_133243_896789\20260323_133243_896789_2_LinearTransform_1.h5,1,LinearTransform_2,D:\CodingHHW\Biplane\experiment\transform_snapshots\20260323_133243_896789\20260323_133243_896789_3_LinearTransform_2.h5,1,3,1,1.458768786,1.458768786,5.11E-15,1,1,1.593113576,1.593113576,6.42E-14,0,0,1.48779251,1.48779251,6.42E-14,1,1,NA,NA,NA,NA,NA,NA,NA,NA,NA,NA,NA,NA,NA,NA,NA,NA,NA,NA,0.032582766,0,0,0,0,30,0.043216484,1,1,0,0,30,0.049325206,1,0,0,0,30,713.617,504.649,409.733,10.131,526.014,30.182,33.31,3.068,3.748,2.121,0.875,0.567
2026-03-23T13:33:10+08:00,20260323_133310_424141,D:\CodingHHW\Biplane\experiment\experiment_results.csv,Panoramix-cropped,orthographic,Current mode: Orthographic,1,0,1,1,1,1,35.41,57.49,56.59,0.12,0.08,0,0.12 mm,0.08 px,0.00 mm,testPoint,TargetP3D,blackCenter2,PointGreen,PointRed,PointGreen,testPoint,30,1,1,0,1,13.208,189.479,-251.521286,67.92194631,87.19523019,89.37012424,81.49576691,0,6,10,D:\CodingHHW\Biplane\experiment\transform_snapshots\20260323_133310_424141,LinearTransform,D:\CodingHHW\Biplane\experiment\transform_snapshots\20260323_133310_424141\20260323_133310_424141_1_LinearTransform.h5,1,LinearTransform_1,D:\CodingHHW\Biplane\experiment\transform_snapshots\20260323_133310_424141\20260323_133310_424141_2_LinearTransform_1.h5,1,LinearTransform_2,D:\CodingHHW\Biplane\experiment\transform_snapshots\20260323_133310_424141\20260323_133310_424141_3_LinearTransform_2.h5,1,3,1,1.619923363,1.619923363,1.15E-14,1,1,1.947744483,1.947744483,1.67E-14,0,0,1.379822886,1.379822886,2.83E-13,0,0,NA,NA,NA,NA,NA,NA,NA,NA,NA,NA,NA,NA,NA,NA,NA,NA,NA,NA,0.023052075,0,1,0,0,30,0.041201299,1,0,0,0,30,0.050604097,1,1,0,0,30,519.233,532.148,452.349,9.685,523.177,29.577,33.31,3.218,3.149,2.354,0.662,0.493
2026-03-23T13:33:50+08:00,20260323_133350_710940,D:\CodingHHW\Biplane\experiment\experiment_results.csv,Panoramix-cropped,orthographic,Current mode: Orthographic,1,0,1,1,1,1,35.41,57.49,56.59,0.13,0.07,0,0.13 mm,0.07 px,0.00 mm,testPoint,TargetP3D,blackCenter2,PointGreen,PointRed,PointGreen,testPoint,30,1,1,0,1,13.208,189.479,-251.521286,67.92194631,87.19523019,89.37012424,81.49576691,0,6,10,D:\CodingHHW\Biplane\experiment\transform_snapshots\20260323_133350_710940,LinearTransform,D:\CodingHHW\Biplane\experiment\transform_snapshots\20260323_133350_710940\20260323_133350_710940_1_LinearTransform.h5,1,LinearTransform_1,D:\CodingHHW\Biplane\experiment\transform_snapshots\20260323_133350_710940\20260323_133350_710940_2_LinearTransform_1.h5,1,LinearTransform_2,D:\CodingHHW\Biplane\experiment\transform_snapshots\20260323_133350_710940\20260323_133350_710940_3_LinearTransform_2.h5,1,3,1,1.543975297,1.543975297,2.42E-14,1,1,1.640311915,1.640311915,1.13E-13,0,0,1.399900279,1.399900279,7.46E-14,1,1,NA,NA,NA,NA,NA,NA,NA,NA,NA,NA,NA,NA,NA,NA,NA,NA,NA,NA,0.040432505,1,1,0,0,30,0.055588127,0,0,0,0,30,0.049466769,1,1,0,0,30,538.729,496.832,396.878,9.938,524.519,30.182,33.31,3.411,3.154,2.672,0.571,0.53
2026-03-23T13:34:15+08:00,20260323_133415_115350,D:\CodingHHW\Biplane\experiment\experiment_results.csv,Panoramix-cropped,orthographic,Current mode: Orthographic,1,0,1,1,1,1,35.41,57.49,56.59,0.07,0.04,0,0.07 mm,0.04 px,0.00 mm,testPoint,TargetP3D,blackCenter2,PointGreen,PointRed,PointGreen,testPoint,30,1,1,0,1,13.208,189.479,-251.521286,67.92194631,87.19523019,89.37012424,81.49576691,0,6,10,D:\CodingHHW\Biplane\experiment\transform_snapshots\20260323_133415_115350,LinearTransform,D:\CodingHHW\Biplane\experiment\transform_snapshots\20260323_133415_115350\20260323_133415_115350_1_LinearTransform.h5,1,LinearTransform_1,D:\CodingHHW\Biplane\experiment\transform_snapshots\20260323_133415_115350\20260323_133415_115350_2_LinearTransform_1.h5,1,LinearTransform_2,D:\CodingHHW\Biplane\experiment\transform_snapshots\20260323_133415_115350\20260323_133415_115350_3_LinearTransform_2.h5,1,3,1,1.798221306,1.798221306,8.17E-14,0,0,1.816819355,1.816819355,8.99E-14,0,0,1.422556757,1.422556757,6.44E-15,1,1,NA,NA,NA,NA,NA,NA,NA,NA,NA,NA,NA,NA,NA,NA,NA,NA,NA,NA,0.052935909,1,0,0,0,30,0.033406682,0,0,0,0,30,0.048126655,1,0,0,0,30,621.933,480.596,389.216,10.051,525.161,29.965,33.31,3.172,3.313,2.109,0.557,0.491
2026-03-23T13:37:57+08:00,20260323_133757_375538,D:\CodingHHW\Biplane\experiment\experiment_results.csv,Panoramix-cropped,orthographic,Current mode: Orthographic,1,0,1,1,1,1,17,22.14,14.7,0.26,0.01,0,0.26 mm,0.01 px,0.00 mm,testPoint,TargetP3D,blackCenter2,PointGreen,PointRed,PointGreen,testPoint,30,1,1,0,1,13.208,189.479,-251.521286,67.92194631,88.93491815,84.05896737,80.30527728,0,6,10,D:\CodingHHW\Biplane\experiment\transform_snapshots\20260323_133757_375538,LinearTransform,D:\CodingHHW\Biplane\experiment\transform_snapshots\20260323_133757_375538\20260323_133757_375538_1_LinearTransform.h5,1,LinearTransform_1,D:\CodingHHW\Biplane\experiment\transform_snapshots\20260323_133757_375538\20260323_133757_375538_2_LinearTransform_1.h5,1,LinearTransform_2,D:\CodingHHW\Biplane\experiment\transform_snapshots\20260323_133757_375538\20260323_133757_375538_3_LinearTransform_2.h5,1,3,1,1.854831494,1.854831494,2.07E-14,0,0,1.484143503,1.484143503,4.04E-14,1,0,1.538574338,1.538574338,3.98E-13,0,1,NA,NA,NA,NA,NA,NA,NA,NA,NA,NA,NA,NA,NA,NA,NA,NA,NA,NA,0.028513829,0,1,0,0,30,0.027619612,1,1,0,0,30,0.056976897,0,1,0,0,30,502.388,559.792,493.334,9.661,520.354,30.396,33.31,3.252,3.383,1.957,0.584,0.499
2026-03-23T13:38:31+08:00,20260323_133831_172182,D:\CodingHHW\Biplane\experiment\experiment_results.csv,Panoramix-cropped,orthographic,Current mode: Orthographic,1,0,1,1,1,1,17,22.14,14.7,0.59,0.03,0,0.59 mm,0.03 px,0.00 mm,testPoint,TargetP3D,blackCenter2,PointGreen,PointRed,PointGreen,testPoint,30,1,1,0,1,13.208,189.479,-251.521286,67.92194631,88.93491815,84.05896737,80.30527728,0,6,10,D:\CodingHHW\Biplane\experiment\transform_snapshots\20260323_133831_172182,LinearTransform,D:\CodingHHW\Biplane\experiment\transform_snapshots\20260323_133831_172182\20260323_133831_172182_1_LinearTransform.h5,1,LinearTransform_1,D:\CodingHHW\Biplane\experiment\transform_snapshots\20260323_133831_172182\20260323_133831_172182_2_LinearTransform_1.h5,1,LinearTransform_2,D:\CodingHHW\Biplane\experiment\transform_snapshots\20260323_133831_172182\20260323_133831_172182_3_LinearTransform_2.h5,1,3,1,1.801631875,1.801631875,6.66E-15,0,0,1.484143503,1.484143503,4.04E-14,1,0,1.540931359,1.540931359,1.77E-12,0,1,NA,NA,NA,NA,NA,NA,NA,NA,NA,NA,NA,NA,NA,NA,NA,NA,NA,NA,0.048955239,1,1,0,0,30,0.027619612,1,1,0,0,30,0.056976897,0,1,0,0,30,552.182,705.911,482.79,9.965,520.998,28.161,33.31,2.754,3.363,2.006,0.511,0.815
2026-03-23T13:39:05+08:00,20260323_133905_491504,D:\CodingHHW\Biplane\experiment\experiment_results.csv,Panoramix-cropped,orthographic,Current mode: Orthographic,1,0,1,1,1,1,17,22.14,14.7,0.04,0.2,0,0.04 mm,0.20 px,0.00 mm,testPoint,TargetP3D,blackCenter2,PointGreen,PointRed,PointGreen,testPoint,30,1,1,0,1,13.208,189.479,-251.521286,67.92194631,88.93491815,84.05896737,80.30527728,0,6,10,D:\CodingHHW\Biplane\experiment\transform_snapshots\20260323_133905_491504,LinearTransform,D:\CodingHHW\Biplane\experiment\transform_snapshots\20260323_133905_491504\20260323_133905_491504_1_LinearTransform.h5,1,LinearTransform_1,D:\CodingHHW\Biplane\experiment\transform_snapshots\20260323_133905_491504\20260323_133905_491504_2_LinearTransform_1.h5,1,LinearTransform_2,D:\CodingHHW\Biplane\experiment\transform_snapshots\20260323_133905_491504\20260323_133905_491504_3_LinearTransform_2.h5,1,3,1,1.384988437,1.384988437,4.64E-13,0,0,1.544195319,1.544195319,3.84E-14,0,0,1.447752704,1.447752704,2.35E-14,0,0,NA,NA,NA,NA,NA,NA,NA,NA,NA,NA,NA,NA,NA,NA,NA,NA,NA,NA,0.049840014,1,0,0,0,30,0.03402977,1,1,0,0,30,0.017586174,1,0,0,0,30,495.443,541.251,459.564,10.49,522.399,28.481,33.31,3.03,2.917,2.231,0.546,0.536
2026-03-23T13:39:30+08:00,20260323_133930_876197,D:\CodingHHW\Biplane\experiment\experiment_results.csv,Panoramix-cropped,orthographic,Current mode: Orthographic,1,0,1,1,1,1,17,22.14,14.7,0.77,0.05,0,0.77 mm,0.05 px,0.00 mm,testPoint,TargetP3D,blackCenter2,PointGreen,PointRed,PointGreen,testPoint,30,1,1,0,1,13.208,189.479,-251.521286,67.92194631,88.93491815,84.05896737,80.30527728,0,6,10,D:\CodingHHW\Biplane\experiment\transform_snapshots\20260323_133930_876197,LinearTransform,D:\CodingHHW\Biplane\experiment\transform_snapshots\20260323_133930_876197\20260323_133930_876197_1_LinearTransform.h5,1,LinearTransform_1,D:\CodingHHW\Biplane\experiment\transform_snapshots\20260323_133930_876197\20260323_133930_876197_2_LinearTransform_1.h5,1,LinearTransform_2,D:\CodingHHW\Biplane\experiment\transform_snapshots\20260323_133930_876197\20260323_133930_876197_3_LinearTransform_2.h5,1,3,1,1.904809637,1.904809637,3.64E-14,0,0,1.427522844,1.427522844,1.78E-15,1,1,1.385378537,1.385378537,7.17E-14,0,0,NA,NA,NA,NA,NA,NA,NA,NA,NA,NA,NA,NA,NA,NA,NA,NA,NA,NA,0.050043342,1,1,0,0,30,0.045491857,1,1,0,0,30,0.038152842,0,1,0,0,30,528.288,516.003,463.089,10.355,522.956,30.098,33.31,2.708,3.066,2.19,0.51,0.778
2026-03-23T13:40:01+08:00,20260323_134001_905462,D:\CodingHHW\Biplane\experiment\experiment_results.csv,Panoramix-cropped,orthographic,Current mode: Orthographic,1,0,1,1,1,1,17,22.14,14.7,0.36,0.05,0,0.36 mm,0.05 px,0.00 mm,testPoint,TargetP3D,blackCenter2,PointGreen,PointRed,PointGreen,testPoint,30,1,1,0,1,13.208,189.479,-251.521286,67.92194631,88.93491815,84.05896737,80.30527728,0,6,10,D:\CodingHHW\Biplane\experiment\transform_snapshots\20260323_134001_905462,LinearTransform,D:\CodingHHW\Biplane\experiment\transform_snapshots\20260323_134001_905462\20260323_134001_905462_1_LinearTransform.h5,1,LinearTransform_1,D:\CodingHHW\Biplane\experiment\transform_snapshots\20260323_134001_905462\20260323_134001_905462_2_LinearTransform_1.h5,1,LinearTransform_2,D:\CodingHHW\Biplane\experiment\transform_snapshots\20260323_134001_905462\20260323_134001_905462_3_LinearTransform_2.h5,1,3,1,1.46423825,1.46423825,6.66E-16,0,0,1.598164252,1.598164252,6.77E-14,0,0,1.357631101,1.357631101,1.55E-14,1,1,NA,NA,NA,NA,NA,NA,NA,NA,NA,NA,NA,NA,NA,NA,NA,NA,NA,NA,0.046182226,0,1,0,0,30,0.041166396,0,1,0,0,30,0.055731122,0,0,0,0,30,519.352,532.821,462.384,10.046,530.912,29.906,33.31,3.311,3.357,1.969,0.597,0.563
2026-03-23T13:40:27+08:00,20260323_134027_708675,D:\CodingHHW\Biplane\experiment\experiment_results.csv,Panoramix-cropped,orthographic,Current mode: Orthographic,1,0,1,1,1,1,17,22.14,14.7,0.64,0.29,0,0.64 mm,0.29 px,0.00 mm,testPoint,TargetP3D,blackCenter2,PointGreen,PointRed,PointGreen,testPoint,30,1,1,0,1,13.208,189.479,-251.521286,67.92194631,88.93491815,84.05896737,80.30527728,0,6,10,D:\CodingHHW\Biplane\experiment\transform_snapshots\20260323_134027_708675,LinearTransform,D:\CodingHHW\Biplane\experiment\transform_snapshots\20260323_134027_708675\20260323_134027_708675_1_LinearTransform.h5,1,LinearTransform_1,D:\CodingHHW\Biplane\experiment\transform_snapshots\20260323_134027_708675\20260323_134027_708675_2_LinearTransform_1.h5,1,LinearTransform_2,D:\CodingHHW\Biplane\experiment\transform_snapshots\20260323_134027_708675\20260323_134027_708675_3_LinearTransform_2.h5,1,3,1,1.62933026,1.62933026,4.86E-14,1,1,1.419458485,1.419458485,2.48E-12,1,1,1.391261672,1.391261672,4.99E-13,0,0,NA,NA,NA,NA,NA,NA,NA,NA,NA,NA,NA,NA,NA,NA,NA,NA,NA,NA,0.034462889,0,0,0,0,30,0.054634295,0,1,0,0,30,0.040665159,1,0,0,0,30,533.081,509.832,456.632,9.451,513.127,28.526,33.31,3.1,3.491,2.335,0.666,0.521
2026-03-23T13:42:05+08:00,20260323_134205_610061,D:\CodingHHW\Biplane\experiment\experiment_results.csv,Panoramix-cropped,orthographic,Current mode: Orthographic,1,0,1,1,1,1,17,22.14,14.7,0.74,0.04,0,0.74 mm,0.04 px,0.00 mm,testPoint,TargetP3D,blackCenter2,PointGreen,PointRed,PointGreen,testPoint,30,1,1,0,1,13.208,189.479,-251.521286,67.92194631,88.93491815,84.05896737,80.30527728,0,6,10,D:\CodingHHW\Biplane\experiment\transform_snapshots\20260323_134205_610061,LinearTransform,D:\CodingHHW\Biplane\experiment\transform_snapshots\20260323_134205_610061\20260323_134205_610061_1_LinearTransform.h5,1,LinearTransform_1,D:\CodingHHW\Biplane\experiment\transform_snapshots\20260323_134205_610061\20260323_134205_610061_2_LinearTransform_1.h5,1,LinearTransform_2,D:\CodingHHW\Biplane\experiment\transform_snapshots\20260323_134205_610061\20260323_134205_610061_3_LinearTransform_2.h5,1,3,1,1.543334309,1.543334309,4.15E-14,1,1,1.696915596,1.696915596,4.51E-14,1,0,1.386149316,1.386149316,1.28E-12,1,1,NA,NA,NA,NA,NA,NA,NA,NA,NA,NA,NA,NA,NA,NA,NA,NA,NA,NA,0.050118271,0,0,0,0,30,0.063998414,0,0,0,0,30,0.041244633,1,0,0,0,30,569.788,528.527,416.686,9.9,530.908,30.873,33.31,3.163,3.994,2.729,0.517,0.455
2026-03-23T13:43:22+08:00,20260323_134322_233721,D:\CodingHHW\Biplane\experiment\experiment_results.csv,Panoramix-cropped,perspective,Current mode: Perspective,1,1,0,1,1,1,17,22.14,14.7,0.33,0.08,0,0.33 mm,0.08 px,0.00 mm,testPoint,TargetP3D,blackCenter2,PointGreen,PointRed,PointGreen,testPoint,30,0,1,0,1,13.208,189.479,-251.521286,67.92194631,88.93491815,84.05896737,80.30527728,0,6,10,D:\CodingHHW\Biplane\experiment\transform_snapshots\20260323_134322_233721,LinearTransform,D:\CodingHHW\Biplane\experiment\transform_snapshots\20260323_134322_233721\20260323_134322_233721_1_LinearTransform.h5,1,LinearTransform_1,D:\CodingHHW\Biplane\experiment\transform_snapshots\20260323_134322_233721\20260323_134322_233721_2_LinearTransform_1.h5,1,LinearTransform_2,D:\CodingHHW\Biplane\experiment\transform_snapshots\20260323_134322_233721\20260323_134322_233721_3_LinearTransform_2.h5,1,3,1,0.064522587,0.064522587,6.27E-15,0,0,0.056576304,0.056576304,3.44E-14,1,1,0.069409498,0.069409498,1.28E-14,0,0,0.063345915,0,0,0,0,30,0.054463635,0,0,0,0,30,0.068929469,0,1,0,0,30,NA,NA,NA,NA,NA,NA,NA,NA,NA,NA,NA,NA,NA,NA,NA,NA,NA,NA,526.061,477.627,455.883,9.815,556.775,62.931,34.982,3.163,3.411,2.214,0.508,0.495
2026-03-23T13:43:56+08:00,20260323_134356_387207,D:\CodingHHW\Biplane\experiment\experiment_results.csv,Panoramix-cropped,perspective,Current mode: Perspective,1,1,0,1,1,1,17,22.14,14.7,0.37,0.02,0,0.37 mm,0.02 px,0.00 mm,testPoint,TargetP3D,blackCenter2,PointGreen,PointRed,PointGreen,testPoint,30,0,1,0,1,13.208,189.479,-251.521286,67.92194631,88.93491815,84.05896737,80.30527728,0,6,10,D:\CodingHHW\Biplane\experiment\transform_snapshots\20260323_134356_387207,LinearTransform,D:\CodingHHW\Biplane\experiment\transform_snapshots\20260323_134356_387207\20260323_134356_387207_1_LinearTransform.h5,1,LinearTransform_1,D:\CodingHHW\Biplane\experiment\transform_snapshots\20260323_134356_387207\20260323_134356_387207_2_LinearTransform_1.h5,1,LinearTransform_2,D:\CodingHHW\Biplane\experiment\transform_snapshots\20260323_134356_387207\20260323_134356_387207_3_LinearTransform_2.h5,1,3,1,0.06404385,0.06404385,1.02E-14,0,0,0.073486145,0.073486145,6.99E-14,1,1,0.056872217,0.056872217,1.29E-12,0,0,0.062761002,1,0,0,0,30,0.069567649,1,0,0,0,30,0.050258859,0,0,0,0,30,NA,NA,NA,NA,NA,NA,NA,NA,NA,NA,NA,NA,NA,NA,NA,NA,NA,NA,455.271,417.757,425.365,10.107,555.211,59.646,33.075,3.163,2.982,2.155,0.669,0.729
2026-03-23T13:44:24+08:00,20260323_134424_793567,D:\CodingHHW\Biplane\experiment\experiment_results.csv,Panoramix-cropped,perspective,Current mode: Perspective,1,1,0,1,1,1,17,22.14,14.7,0.65,0.04,0,0.65 mm,0.04 px,0.00 mm,testPoint,TargetP3D,blackCenter2,PointGreen,PointRed,PointGreen,testPoint,30,0,1,0,1,13.208,189.479,-251.521286,67.92194631,88.93491815,84.05896737,80.30527728,0,6,10,D:\CodingHHW\Biplane\experiment\transform_snapshots\20260323_134424_793567,LinearTransform,D:\CodingHHW\Biplane\experiment\transform_snapshots\20260323_134424_793567\20260323_134424_793567_1_LinearTransform.h5,1,LinearTransform_1,D:\CodingHHW\Biplane\experiment\transform_snapshots\20260323_134424_793567\20260323_134424_793567_2_LinearTransform_1.h5,1,LinearTransform_2,D:\CodingHHW\Biplane\experiment\transform_snapshots\20260323_134424_793567\20260323_134424_793567_3_LinearTransform_2.h5,1,3,1,0.069024536,0.069024536,2.53E-14,1,1,0.042775046,0.042775046,1.64E-14,1,1,0.041706482,0.041706482,8.51E-14,1,1,0.067115806,1,1,0,0,30,0.041967758,1,1,0,0,30,0.033408705,0,1,0,0,30,NA,NA,NA,NA,NA,NA,NA,NA,NA,NA,NA,NA,NA,NA,NA,NA,NA,NA,463.851,459.547,408.225,9.854,554.99,59.527,32.376,3.163,3.88,2.414,0.67,0.496
2026-03-23T13:45:00+08:00,20260323_134500_660287,D:\CodingHHW\Biplane\experiment\experiment_results.csv,Panoramix-cropped,perspective,Current mode: Perspective,1,1,0,1,1,1,17,22.14,14.7,0.25,0.19,0,0.25 mm,0.19 px,0.00 mm,testPoint,TargetP3D,blackCenter2,PointGreen,PointRed,PointGreen,testPoint,30,0,1,0,1,13.208,189.479,-251.521286,67.92194631,88.93491815,84.05896737,80.30527728,0,6,10,D:\CodingHHW\Biplane\experiment\transform_snapshots\20260323_134500_660287,LinearTransform,D:\CodingHHW\Biplane\experiment\transform_snapshots\20260323_134500_660287\20260323_134500_660287_1_LinearTransform.h5,1,LinearTransform_1,D:\CodingHHW\Biplane\experiment\transform_snapshots\20260323_134500_660287\20260323_134500_660287_2_LinearTransform_1.h5,1,LinearTransform_2,D:\CodingHHW\Biplane\experiment\transform_snapshots\20260323_134500_660287\20260323_134500_660287_3_LinearTransform_2.h5,1,3,1,0.058629527,0.058629527,1.41E-13,1,1,0.077466208,0.077466208,8.84E-15,1,1,0.078299007,0.078299007,6.65E-13,0,0,0.053227701,0,1,0,0,30,0.076601959,0,1,0,0,30,0.070120145,1,0,0,0,30,NA,NA,NA,NA,NA,NA,NA,NA,NA,NA,NA,NA,NA,NA,NA,NA,NA,NA,469.857,450.411,409.24,10.248,556.3,60.231,33.035,3.163,3.251,2.811,0.524,0.517
2026-03-23T13:47:06+08:00,20260323_134706_454996,D:\CodingHHW\Biplane\experiment\experiment_results.csv,Panoramix-cropped,perspective,Current mode: Perspective,1,1,0,1,1,1,17,22.14,14.7,0.57,0.03,0,0.57 mm,0.03 px,0.00 mm,testPoint,TargetP3D,blackCenter2,PointGreen,PointRed,PointGreen,testPoint,30,0,1,0,1,13.208,189.479,-251.521286,67.92194631,88.93491815,84.05896737,80.30527728,0,6,10,D:\CodingHHW\Biplane\experiment\transform_snapshots\20260323_134706_454996,LinearTransform,D:\CodingHHW\Biplane\experiment\transform_snapshots\20260323_134706_454996\20260323_134706_454996_1_LinearTransform.h5,1,LinearTransform_1,D:\CodingHHW\Biplane\experiment\transform_snapshots\20260323_134706_454996\20260323_134706_454996_2_LinearTransform_1.h5,1,LinearTransform_2,D:\CodingHHW\Biplane\experiment\transform_snapshots\20260323_134706_454996\20260323_134706_454996_3_LinearTransform_2.h5,1,3,1,0.070709134,0.070709134,2.54E-14,0,0,0.049292345,0.049292345,4.30E-16,0,0,0.093057042,0.093057042,4.20E-13,1,1,0.061950079,1,1,0,0,30,0.049264734,0,1,0,0,30,0.084278493,1,1,0,0,30,NA,NA,NA,NA,NA,NA,NA,NA,NA,NA,NA,NA,NA,NA,NA,NA,NA,NA,450.103,388.23,386.512,10.296,553.26,58.1,31.355,3.163,3.399,2.527,0.685,0.769
2026-03-23T13:47:51+08:00,20260323_134751_957119,D:\CodingHHW\Biplane\experiment\experiment_results.csv,Panoramix-cropped,perspective,Current mode: Perspective,1,1,0,1,1,1,17,22.14,14.7,0.05,0.37,0,0.05 mm,0.37 px,0.00 mm,testPoint,TargetP3D,blackCenter2,PointGreen,PointRed,PointGreen,testPoint,30,0,1,0,1,13.208,189.479,-251.521286,67.92194631,88.93491815,84.05896737,80.30527728,0,6,10,D:\CodingHHW\Biplane\experiment\transform_snapshots\20260323_134751_957119,LinearTransform,D:\CodingHHW\Biplane\experiment\transform_snapshots\20260323_134751_957119\20260323_134751_957119_1_LinearTransform.h5,1,LinearTransform_1,D:\CodingHHW\Biplane\experiment\transform_snapshots\20260323_134751_957119\20260323_134751_957119_2_LinearTransform_1.h5,1,LinearTransform_2,D:\CodingHHW\Biplane\experiment\transform_snapshots\20260323_134751_957119\20260323_134751_957119_3_LinearTransform_2.h5,1,3,1,0.034188947,0.034188947,3.32E-15,0,0,0.051545522,0.051545522,2.19E-13,0,0,0.082512949,0.082512949,1.19E-12,1,1,0.031186132,0,0,0,0,30,0.047664169,1,0,0,0,30,0.079866873,0,0,0,0,30,NA,NA,NA,NA,NA,NA,NA,NA,NA,NA,NA,NA,NA,NA,NA,NA,NA,NA,448.43,409.099,443.423,10.109,559.574,61.05,33.425,3.163,2.884,2.561,0.711,0.579
2026-03-23T13:49:03+08:00,20260323_134903_525115,D:\CodingHHW\Biplane\experiment\experiment_results.csv,Panoramix-cropped,perspective,Current mode: Perspective,1,1,0,1,1,1,17,22.14,14.7,0.22,0.36,0,0.22 mm,0.36 px,0.00 mm,testPoint,TargetP3D,blackCenter2,PointGreen,PointRed,PointGreen,testPoint,30,0,1,0,1,13.208,189.479,-251.521286,67.92194631,88.93491815,84.05896737,80.30527728,0,6,10,D:\CodingHHW\Biplane\experiment\transform_snapshots\20260323_134903_525115,LinearTransform,D:\CodingHHW\Biplane\experiment\transform_snapshots\20260323_134903_525115\20260323_134903_525115_1_LinearTransform.h5,1,LinearTransform_1,D:\CodingHHW\Biplane\experiment\transform_snapshots\20260323_134903_525115\20260323_134903_525115_2_LinearTransform_1.h5,1,LinearTransform_2,D:\CodingHHW\Biplane\experiment\transform_snapshots\20260323_134903_525115\20260323_134903_525115_3_LinearTransform_2.h5,1,3,1,0.065392947,0.065392947,8.64E-13,1,1,0.065940234,0.065940234,6.23E-15,1,1,0.056298175,0.056298175,1.39E-13,1,1,0.059364232,0,0,0,0,30,0.065536663,0,1,0,0,30,0.055308798,0,1,0,0,30,NA,NA,NA,NA,NA,NA,NA,NA,NA,NA,NA,NA,NA,NA,NA,NA,NA,NA,402.82,470.621,404.43,9.887,562.508,60.555,33.596,3.163,3.425,2.079,0.51,0.582
2026-03-23T14:24:20+08:00,20260323_142420_181080,D:\CodingHHW\Biplane\experiment\experiment_results.csv,Panoramix-cropped,perspective,Current mode: Perspective,1,1,0,1,1,1,17,22.14,14.7,0.35,0.07,0,0.35 mm,0.07 px,0.00 mm,testPoint,TargetP3D,blackCenter2,PointGreen,PointRed,PointGreen,testPoint,30,0,1,0,1,-41.46658325,108.8901062,-45.61260605,265.6754352,267.7371595,292.2929249,275.2351732,0,6,10,D:\CodingHHW\Biplane\experiment\transform_snapshots\20260323_142420_181080,LinearTransform,D:\CodingHHW\Biplane\experiment\transform_snapshots\20260323_142420_181080\20260323_142420_181080_1_LinearTransform.h5,1,LinearTransform_1,D:\CodingHHW\Biplane\experiment\transform_snapshots\20260323_142420_181080\20260323_142420_181080_2_LinearTransform_1.h5,1,LinearTransform_2,D:\CodingHHW\Biplane\experiment\transform_snapshots\20260323_142420_181080\20260323_142420_181080_3_LinearTransform_2.h5,1,3,1,0.047993015,0.047993015,3.03E-13,1,1,0.069925345,0.069925345,4.58E-16,1,1,0.060033882,0.060033882,1.40E-13,1,1,0.047030879,0,0,0,0,30,0.0692249,0,0,0,0,30,0.059852047,0,1,0,0,30,NA,NA,NA,NA,NA,NA,NA,NA,NA,NA,NA,NA,NA,NA,NA,NA,NA,NA,497.26,354.733,407.035,10.047,556.582,62.111,34.28,3.163,3.37,3.368,0.551,0.884
2026-03-23T14:25:53+08:00,20260323_142553_707776,D:\CodingHHW\Biplane\experiment\experiment_results.csv,Panoramix-cropped,perspective,Current mode: Perspective,1,1,0,1,1,1,17,22.14,14.7,0.61,0.01,0,0.61 mm,0.01 px,0.00 mm,testPoint,TargetP3D,blackCenter2,PointGreen,PointRed,PointGreen,testPoint,30,0,1,0,1,-41.46658325,108.8901062,-45.61260605,265.6754352,267.7371595,292.2929249,275.2351732,0,6,10,D:\CodingHHW\Biplane\experiment\transform_snapshots\20260323_142553_707776,LinearTransform,D:\CodingHHW\Biplane\experiment\transform_snapshots\20260323_142553_707776\20260323_142553_707776_1_LinearTransform.h5,1,LinearTransform_1,D:\CodingHHW\Biplane\experiment\transform_snapshots\20260323_142553_707776\20260323_142553_707776_2_LinearTransform_1.h5,1,LinearTransform_2,D:\CodingHHW\Biplane\experiment\transform_snapshots\20260323_142553_707776\20260323_142553_707776_3_LinearTransform_2.h5,1,3,1,0.051531668,0.051531668,2.28E-14,0,0,0.089148078,0.089148078,9.99E-14,1,1,0.067303207,0.067303207,2.85E-14,0,0,0.048765718,0,0,0,0,30,0.088779525,1,0,0,0,30,0.064403985,1,0,0,0,30,NA,NA,NA,NA,NA,NA,NA,NA,NA,NA,NA,NA,NA,NA,NA,NA,NA,NA,455.175,434.499,382.539,9.658,556.317,62.286,34.522,3.163,1.732,2.605,0.705,0.49
2026-03-23T14:26:59+08:00,20260323_142659_279800,D:\CodingHHW\Biplane\experiment\experiment_results.csv,Panoramix-cropped,perspective,Current mode: Perspective,1,1,0,1,1,1,17,22.14,14.7,0.1,0.24,0,0.10 mm,0.24 px,0.00 mm,testPoint,TargetP3D,blackCenter2,PointGreen,PointRed,PointGreen,testPoint,30,0,1,0,1,-41.46658325,108.8901062,-45.61260605,265.6754352,267.7371595,292.2929249,275.2351732,0,6,10,D:\CodingHHW\Biplane\experiment\transform_snapshots\20260323_142659_279800,LinearTransform,D:\CodingHHW\Biplane\experiment\transform_snapshots\20260323_142659_279800\20260323_142659_279800_1_LinearTransform.h5,1,LinearTransform_1,D:\CodingHHW\Biplane\experiment\transform_snapshots\20260323_142659_279800\20260323_142659_279800_2_LinearTransform_1.h5,1,LinearTransform_2,D:\CodingHHW\Biplane\experiment\transform_snapshots\20260323_142659_279800\20260323_142659_279800_3_LinearTransform_2.h5,1,3,1,0.077570837,0.077570837,6.52E-16,0,0,0.05162422,0.05162422,1.96E-14,0,0,0.076049604,0.076049604,3.42E-13,1,1,0.076127813,1,1,0,0,30,0.051255157,1,0,0,0,30,0.073601714,0,1,0,0,30,NA,NA,NA,NA,NA,NA,NA,NA,NA,NA,NA,NA,NA,NA,NA,NA,NA,NA,455.16,465.48,404.501,10.102,557.368,61.523,34.258,3.163,3.194,2.251,0.522,0.487
2026-03-23T14:27:26+08:00,20260323_142726_511635,D:\CodingHHW\Biplane\experiment\experiment_results.csv,Panoramix-cropped,perspective,Current mode: Perspective,1,1,0,1,1,1,17,22.14,14.7,0.24,0.21,0,0.24 mm,0.21 px,0.00 mm,testPoint,TargetP3D,blackCenter2,PointGreen,PointRed,PointGreen,testPoint,30,0,1,0,1,-41.46658325,108.8901062,-45.61260605,265.6754352,267.7371595,292.2929249,275.2351732,0,6,10,D:\CodingHHW\Biplane\experiment\transform_snapshots\20260323_142726_511635,LinearTransform,D:\CodingHHW\Biplane\experiment\transform_snapshots\20260323_142726_511635\20260323_142726_511635_1_LinearTransform.h5,1,LinearTransform_1,D:\CodingHHW\Biplane\experiment\transform_snapshots\20260323_142726_511635\20260323_142726_511635_2_LinearTransform_1.h5,1,LinearTransform_2,D:\CodingHHW\Biplane\experiment\transform_snapshots\20260323_142726_511635\20260323_142726_511635_3_LinearTransform_2.h5,1,3,1,0.068690442,0.068690442,8.55E-14,1,1,0.062524661,0.062524661,1.77E-13,0,0,0.047209953,0.047209953,3.57E-14,0,0,0.061621489,1,0,0,0,30,0.058025468,1,1,0,0,30,0.047067074,0,1,0,0,30,NA,NA,NA,NA,NA,NA,NA,NA,NA,NA,NA,NA,NA,NA,NA,NA,NA,NA,449.68,431.735,399.229,9.759,559.838,60.959,33.991,3.163,3.497,2.348,0.517,0.808
2026-03-23T14:27:59+08:00,20260323_142759_605807,D:\CodingHHW\Biplane\experiment\experiment_results.csv,Panoramix-cropped,perspective,Current mode: Perspective,1,1,0,1,1,1,17,22.14,14.7,0.37,0.04,0,0.37 mm,0.04 px,0.00 mm,testPoint,TargetP3D,blackCenter2,PointGreen,PointRed,PointGreen,testPoint,30,0,1,0,1,-41.46658325,108.8901062,-45.61260605,265.6754352,267.7371595,292.2929249,275.2351732,0,6,10,D:\CodingHHW\Biplane\experiment\transform_snapshots\20260323_142759_605807,LinearTransform,D:\CodingHHW\Biplane\experiment\transform_snapshots\20260323_142759_605807\20260323_142759_605807_1_LinearTransform.h5,1,LinearTransform_1,D:\CodingHHW\Biplane\experiment\transform_snapshots\20260323_142759_605807\20260323_142759_605807_2_LinearTransform_1.h5,1,LinearTransform_2,D:\CodingHHW\Biplane\experiment\transform_snapshots\20260323_142759_605807\20260323_142759_605807_3_LinearTransform_2.h5,1,3,1,0.043971516,0.043971516,1.10E-13,0,0,0.062951917,0.062951917,5.18E-13,1,1,0.05470154,0.05470154,2.68E-14,1,1,0.042451733,0,0,0,0,30,0.060492094,0,0,0,0,30,0.05440034,1,1,0,0,30,NA,NA,NA,NA,NA,NA,NA,NA,NA,NA,NA,NA,NA,NA,NA,NA,NA,NA,420.747,427.536,407.704,10.415,565.201,61.22,33.643,3.163,3.127,2.039,0.527,0.615
2026-03-23T14:28:24+08:00,20260323_142824_549821,D:\CodingHHW\Biplane\experiment\experiment_results.csv,Panoramix-cropped,perspective,Current mode: Perspective,1,1,0,1,1,1,17,22.14,14.7,0.28,0.32,0,0.28 mm,0.32 px,0.00 mm,testPoint,TargetP3D,blackCenter2,PointGreen,PointRed,PointGreen,testPoint,30,0,1,0,1,-41.46658325,108.8901062,-45.61260605,265.6754352,267.7371595,292.2929249,275.2351732,0,6,10,D:\CodingHHW\Biplane\experiment\transform_snapshots\20260323_142824_549821,LinearTransform,D:\CodingHHW\Biplane\experiment\transform_snapshots\20260323_142824_549821\20260323_142824_549821_1_LinearTransform.h5,1,LinearTransform_1,D:\CodingHHW\Biplane\experiment\transform_snapshots\20260323_142824_549821\20260323_142824_549821_2_LinearTransform_1.h5,1,LinearTransform_2,D:\CodingHHW\Biplane\experiment\transform_snapshots\20260323_142824_549821\20260323_142824_549821_3_LinearTransform_2.h5,1,3,1,0.072208586,0.072208586,8.18E-14,1,1,0.04836471,0.04836471,2.26E-13,1,1,0.052008424,0.052008424,2.41E-14,0,0,0.070140652,1,1,0,0,30,0.047253671,1,0,0,0,30,0.048404631,0,0,0,0,30,NA,NA,NA,NA,NA,NA,NA,NA,NA,NA,NA,NA,NA,NA,NA,NA,NA,NA,427.518,427.393,389.902,9.43,556.538,61.753,34.243,3.163,2.99,2.115,0.552,0.493
2026-03-23T14:29:18+08:00,20260323_142918_660623,D:\CodingHHW\Biplane\experiment\experiment_results.csv,Panoramix-cropped,orthographic,Current mode: Orthographic,1,0,1,1,1,1,17,22.14,14.7,0.34,0.24,0,0.34 mm,0.24 px,0.00 mm,testPoint,TargetP3D,blackCenter2,PointGreen,PointRed,PointGreen,testPoint,30,1,1,0,1,-41.46658325,108.8901062,-45.61260605,265.6754352,267.7371595,292.2929249,275.2351732,0,6,10,D:\CodingHHW\Biplane\experiment\transform_snapshots\20260323_142918_660623,LinearTransform,D:\CodingHHW\Biplane\experiment\transform_snapshots\20260323_142918_660623\20260323_142918_660623_1_LinearTransform.h5,1,LinearTransform_1,D:\CodingHHW\Biplane\experiment\transform_snapshots\20260323_142918_660623\20260323_142918_660623_2_LinearTransform_1.h5,1,LinearTransform_2,D:\CodingHHW\Biplane\experiment\transform_snapshots\20260323_142918_660623\20260323_142918_660623_3_LinearTransform_2.h5,1,3,1,1.060361179,1.060361179,6.81E-13,1,1,1.352199004,1.352199004,3.71E-14,0,0,1.202281342,1.202281342,3.47E-13,1,1,NA,NA,NA,NA,NA,NA,NA,NA,NA,NA,NA,NA,NA,NA,NA,NA,NA,NA,0.043983201,1,1,0,0,30,0.049788248,0,0,0,0,30,0.043463512,0,0,0,0,30,544.482,496.255,495.559,9.926,523.663,29.083,34.243,2.804,3.34,2.079,0.517,0.546
2026-03-23T14:29:45+08:00,20260323_142945_611848,D:\CodingHHW\Biplane\experiment\experiment_results.csv,Panoramix-cropped,orthographic,Current mode: Orthographic,1,0,1,1,1,1,17,22.14,14.7,0.77,0.28,0,0.77 mm,0.28 px,0.00 mm,testPoint,TargetP3D,blackCenter2,PointGreen,PointRed,PointGreen,testPoint,30,1,1,0,1,-41.46658325,108.8901062,-45.61260605,265.6754352,267.7371595,292.2929249,275.2351732,0,6,10,D:\CodingHHW\Biplane\experiment\transform_snapshots\20260323_142945_611848,LinearTransform,D:\CodingHHW\Biplane\experiment\transform_snapshots\20260323_142945_611848\20260323_142945_611848_1_LinearTransform.h5,1,LinearTransform_1,D:\CodingHHW\Biplane\experiment\transform_snapshots\20260323_142945_611848\20260323_142945_611848_2_LinearTransform_1.h5,1,LinearTransform_2,D:\CodingHHW\Biplane\experiment\transform_snapshots\20260323_142945_611848\20260323_142945_611848_3_LinearTransform_2.h5,1,3,1,1.037654836,1.037654836,3.13E-14,0,0,1.022088301,1.022088301,6.86E-14,1,1,1.303834096,1.303834096,5.42E-13,1,1,NA,NA,NA,NA,NA,NA,NA,NA,NA,NA,NA,NA,NA,NA,NA,NA,NA,NA,0.063017243,0,1,0,0,30,0.027480426,1,1,0,0,30,0.034062594,1,0,0,0,30,474.847,444.815,470.246,9.808,525.233,30.516,34.243,3.319,2.89,2.385,0.535,0.512
2026-03-23T14:30:25+08:00,20260323_143025_270327,D:\CodingHHW\Biplane\experiment\experiment_results.csv,Panoramix-cropped,orthographic,Current mode: Orthographic,1,0,1,1,1,1,17,22.14,14.7,0.22,0,0,0.22 mm,0.00 px,0.00 mm,testPoint,TargetP3D,blackCenter2,PointGreen,PointRed,PointGreen,testPoint,30,1,1,0,1,-41.46658325,108.8901062,-45.61260605,265.6754352,267.7371595,292.2929249,275.2351732,0,6,10,D:\CodingHHW\Biplane\experiment\transform_snapshots\20260323_143025_270327,LinearTransform,D:\CodingHHW\Biplane\experiment\transform_snapshots\20260323_143025_270327\20260323_143025_270327_1_LinearTransform.h5,1,LinearTransform_1,D:\CodingHHW\Biplane\experiment\transform_snapshots\20260323_143025_270327\20260323_143025_270327_2_LinearTransform_1.h5,1,LinearTransform_2,D:\CodingHHW\Biplane\experiment\transform_snapshots\20260323_143025_270327\20260323_143025_270327_3_LinearTransform_2.h5,1,3,1,1.184376674,1.184376674,7.22E-14,1,1,1.148124674,1.148124674,2.84E-14,0,0,0.913858552,0.913858552,3.64E-13,1,1,NA,NA,NA,NA,NA,NA,NA,NA,NA,NA,NA,NA,NA,NA,NA,NA,NA,NA,0.034150437,0,1,0,0,30,0.060452635,1,1,0,0,30,0.045710494,0,1,0,0,30,501.819,553.107,436.555,10.129,530.826,30.217,34.243,3.212,4.104,2.154,0.607,0.593
2026-03-23T14:31:30+08:00,20260323_143130_800928,D:\CodingHHW\Biplane\experiment\experiment_results.csv,Panoramix-cropped,orthographic,Current mode: Orthographic,1,0,1,1,1,1,17,22.14,14.7,0.72,0.01,0,0.72 mm,0.01 px,0.00 mm,testPoint,TargetP3D,blackCenter2,PointGreen,PointRed,PointGreen,testPoint,30,1,1,0,1,-41.46658325,108.8901062,-45.61260605,265.6754352,267.7371595,292.2929249,275.2351732,0,6,10,D:\CodingHHW\Biplane\experiment\transform_snapshots\20260323_143130_800928,LinearTransform,D:\CodingHHW\Biplane\experiment\transform_snapshots\20260323_143130_800928\20260323_143130_800928_1_LinearTransform.h5,1,LinearTransform_1,D:\CodingHHW\Biplane\experiment\transform_snapshots\20260323_143130_800928\20260323_143130_800928_2_LinearTransform_1.h5,1,LinearTransform_2,D:\CodingHHW\Biplane\experiment\transform_snapshots\20260323_143130_800928\20260323_143130_800928_3_LinearTransform_2.h5,1,3,1,0.911012596,0.911012596,5.27E-14,1,1,1.030565581,1.030565581,2.46E-14,0,0,1.091332031,1.091332031,7.06E-13,1,1,NA,NA,NA,NA,NA,NA,NA,NA,NA,NA,NA,NA,NA,NA,NA,NA,NA,NA,0.049818458,0,0,0,0,30,0.061395932,1,1,0,0,30,0.066295567,0,0,0,0,30,501.498,486.982,490.305,10.003,527.622,30.351,34.243,3.377,3.22,2.503,0.52,0.562
2026-03-23T14:31:54+08:00,20260323_143154_520648,D:\CodingHHW\Biplane\experiment\experiment_results.csv,Panoramix-cropped,orthographic,Current mode: Orthographic,1,0,1,1,1,1,17,22.14,14.7,0.94,0.01,0,0.94 mm,0.01 px,0.00 mm,testPoint,TargetP3D,blackCenter2,PointGreen,PointRed,PointGreen,testPoint,30,1,1,0,1,-41.46658325,108.8901062,-45.61260605,265.6754352,267.7371595,292.2929249,275.2351732,0,6,10,D:\CodingHHW\Biplane\experiment\transform_snapshots\20260323_143154_520648,LinearTransform,D:\CodingHHW\Biplane\experiment\transform_snapshots\20260323_143154_520648\20260323_143154_520648_1_LinearTransform.h5,1,LinearTransform_1,D:\CodingHHW\Biplane\experiment\transform_snapshots\20260323_143154_520648\20260323_143154_520648_2_LinearTransform_1.h5,1,LinearTransform_2,D:\CodingHHW\Biplane\experiment\transform_snapshots\20260323_143154_520648\20260323_143154_520648_3_LinearTransform_2.h5,1,3,1,0.95479086,0.95479086,1.24E-13,1,1,0.947767514,0.947767514,1.72E-14,1,1,1.051904423,1.051904423,4.24E-14,0,0,NA,NA,NA,NA,NA,NA,NA,NA,NA,NA,NA,NA,NA,NA,NA,NA,NA,NA,0.076135017,1,0,0,0,30,0.071329436,1,0,0,0,30,0.036585008,1,0,0,0,30,462.086,472.167,494.533,9.784,525.722,29.766,34.243,2.936,3.385,2.218,0.539,0.633
2026-03-23T14:32:39+08:00,20260323_143239_906876,D:\CodingHHW\Biplane\experiment\experiment_results.csv,Panoramix-cropped,orthographic,Current mode: Orthographic,1,0,1,1,1,1,17,22.14,14.7,0.93,0.21,0,0.93 mm,0.21 px,0.00 mm,testPoint,TargetP3D,blackCenter2,PointGreen,PointRed,PointGreen,testPoint,30,1,1,0,1,-41.46658325,108.8901062,-45.61260605,265.6754352,267.7371595,292.2929249,275.2351732,0,6,10,D:\CodingHHW\Biplane\experiment\transform_snapshots\20260323_143239_906876,LinearTransform,D:\CodingHHW\Biplane\experiment\transform_snapshots\20260323_143239_906876\20260323_143239_906876_1_LinearTransform.h5,1,LinearTransform_1,D:\CodingHHW\Biplane\experiment\transform_snapshots\20260323_143239_906876\20260323_143239_906876_2_LinearTransform_1.h5,1,LinearTransform_2,D:\CodingHHW\Biplane\experiment\transform_snapshots\20260323_143239_906876\20260323_143239_906876_3_LinearTransform_2.h5,1,3,1,1.111144997,1.111144997,8.88E-15,0,0,0.979644441,0.979644441,1.79E-14,0,0,1.287252374,1.287252374,6.53E-14,1,0,NA,NA,NA,NA,NA,NA,NA,NA,NA,NA,NA,NA,NA,NA,NA,NA,NA,NA,0.050429059,0,1,0,0,30,0.048090805,0,1,0,0,30,0.039271559,1,0,0,0,30,478.445,529.4,489.407,9.861,519.668,28.965,34.243,3.137,3.108,2.39,0.602,0.558
2026-03-23T14:35:15+08:00,20260323_143515_590070,D:\CodingHHW\Biplane\experiment\experiment_results.csv,Panoramix-cropped,orthographic,Current mode: Orthographic,1,0,1,1,1,1,35.41,57.49,56.59,0.5,0.59,0,0.50 mm,0.59 px,0.00 mm,testPoint,TargetP3D,blackCenter2,PointGreen,PointRed,PointGreen,testPoint,30,1,1,0,1,-41.467,108.89,-45.61260605,265.6755503,269.0239759,298.9803242,277.8932834,0,6,10,D:\CodingHHW\Biplane\experiment\transform_snapshots\20260323_143515_590070,LinearTransform,D:\CodingHHW\Biplane\experiment\transform_snapshots\20260323_143515_590070\20260323_143515_590070_1_LinearTransform.h5,1,LinearTransform_1,D:\CodingHHW\Biplane\experiment\transform_snapshots\20260323_143515_590070\20260323_143515_590070_2_LinearTransform_1.h5,1,LinearTransform_2,D:\CodingHHW\Biplane\experiment\transform_snapshots\20260323_143515_590070\20260323_143515_590070_3_LinearTransform_2.h5,1,3,1,0.920208829,0.920208829,1.79E-14,1,1,1.230767378,1.230767378,3.06E-14,1,1,1.06952254,1.06952254,1.99E-13,1,1,NA,NA,NA,NA,NA,NA,NA,NA,NA,NA,NA,NA,NA,NA,NA,NA,NA,NA,0.050915404,1,1,0,0,30,0.05878854,1,1,0,0,30,0.065057319,1,0,0,0,30,467.663,462.683,430.955,10.871,524.566,31.771,34.243,3.194,3.17,2.736,0.577,0.697
2026-03-23T14:35:47+08:00,20260323_143547_899908,D:\CodingHHW\Biplane\experiment\experiment_results.csv,Panoramix-cropped,orthographic,Current mode: Orthographic,1,0,1,1,1,1,35.41,57.49,56.59,0.36,0.23,0,0.36 mm,0.23 px,0.00 mm,testPoint,TargetP3D,blackCenter2,PointGreen,PointRed,PointGreen,testPoint,30,1,1,0,1,-41.467,108.89,-45.61260605,265.6755503,269.0239759,298.9803242,277.8932834,0,6,10,D:\CodingHHW\Biplane\experiment\transform_snapshots\20260323_143547_899908,LinearTransform,D:\CodingHHW\Biplane\experiment\transform_snapshots\20260323_143547_899908\20260323_143547_899908_1_LinearTransform.h5,1,LinearTransform_1,D:\CodingHHW\Biplane\experiment\transform_snapshots\20260323_143547_899908\20260323_143547_899908_2_LinearTransform_1.h5,1,LinearTransform_2,D:\CodingHHW\Biplane\experiment\transform_snapshots\20260323_143547_899908\20260323_143547_899908_3_LinearTransform_2.h5,1,3,1,1.092616149,1.092616149,2.35E-14,1,1,1.232454254,1.232454254,1.42E-13,1,1,1.031755271,1.031755271,2.57E-13,0,0,NA,NA,NA,NA,NA,NA,NA,NA,NA,NA,NA,NA,NA,NA,NA,NA,NA,NA,0.068300656,0,1,0,0,30,0.05783666,1,0,0,0,30,0.050470419,1,1,0,0,30,453.679,433.617,445.354,9.915,523.694,30.423,34.243,3.105,3.187,1.977,0.495,0.497
2026-03-23T14:36:12+08:00,20260323_143612_755023,D:\CodingHHW\Biplane\experiment\experiment_results.csv,Panoramix-cropped,orthographic,Current mode: Orthographic,1,0,1,1,1,1,35.41,57.49,56.59,0.1,0.71,0,0.10 mm,0.71 px,0.00 mm,testPoint,TargetP3D,blackCenter2,PointGreen,PointRed,PointGreen,testPoint,30,1,1,0,1,-41.467,108.89,-45.61260605,265.6755503,269.0239759,298.9803242,277.8932834,0,6,10,D:\CodingHHW\Biplane\experiment\transform_snapshots\20260323_143612_755023,LinearTransform,D:\CodingHHW\Biplane\experiment\transform_snapshots\20260323_143612_755023\20260323_143612_755023_1_LinearTransform.h5,1,LinearTransform_1,D:\CodingHHW\Biplane\experiment\transform_snapshots\20260323_143612_755023\20260323_143612_755023_2_LinearTransform_1.h5,1,LinearTransform_2,D:\CodingHHW\Biplane\experiment\transform_snapshots\20260323_143612_755023\20260323_143612_755023_3_LinearTransform_2.h5,1,3,1,1.180141203,1.180141203,3.60E-14,0,0,1.51055793,1.51055793,1.50E-12,0,0,1.216166493,1.216166493,1.82E-12,0,0,NA,NA,NA,NA,NA,NA,NA,NA,NA,NA,NA,NA,NA,NA,NA,NA,NA,NA,0.054532252,1,0,0,0,30,0.076950844,1,1,0,0,30,0.063857333,0,0,0,0,30,502.611,480.668,427.425,9.756,525.408,29.547,34.243,2.999,3.051,2.144,0.499,0.729
2026-03-23T14:36:42+08:00,20260323_143642_395472,D:\CodingHHW\Biplane\experiment\experiment_results.csv,Panoramix-cropped,orthographic,Current mode: Orthographic,1,0,1,1,1,1,35.41,57.49,56.59,0.72,0.48,0,0.72 mm,0.48 px,0.00 mm,testPoint,TargetP3D,blackCenter2,PointGreen,PointRed,PointGreen,testPoint,30,1,1,0,1,-41.467,108.89,-45.61260605,265.6755503,269.0239759,298.9803242,277.8932834,0,6,10,D:\CodingHHW\Biplane\experiment\transform_snapshots\20260323_143642_395472,LinearTransform,D:\CodingHHW\Biplane\experiment\transform_snapshots\20260323_143642_395472\20260323_143642_395472_1_LinearTransform.h5,1,LinearTransform_1,D:\CodingHHW\Biplane\experiment\transform_snapshots\20260323_143642_395472\20260323_143642_395472_2_LinearTransform_1.h5,1,LinearTransform_2,D:\CodingHHW\Biplane\experiment\transform_snapshots\20260323_143642_395472\20260323_143642_395472_3_LinearTransform_2.h5,1,3,1,1.394191066,1.394191066,4.66E-14,0,0,1.447068834,1.447068834,2.57E-12,0,0,1.179891944,1.179891944,3.12E-13,0,0,NA,NA,NA,NA,NA,NA,NA,NA,NA,NA,NA,NA,NA,NA,NA,NA,NA,NA,0.053155087,0,0,0,0,30,0.060161877,1,1,0,0,30,0.058615127,0,1,0,0,30,549.749,595.747,414.029,10.436,519.32,29.165,34.243,3.26,2.587,2.001,0.672,0.788
2026-03-23T14:37:09+08:00,20260323_143709_625949,D:\CodingHHW\Biplane\experiment\experiment_results.csv,Panoramix-cropped,orthographic,Current mode: Orthographic,1,0,1,1,1,1,35.41,57.49,56.59,0.19,0.08,0,0.19 mm,0.08 px,0.00 mm,testPoint,TargetP3D,blackCenter2,PointGreen,PointRed,PointGreen,testPoint,30,1,1,0,1,-41.467,108.89,-45.61260605,265.6755503,269.0239759,298.9803242,277.8932834,0,6,10,D:\CodingHHW\Biplane\experiment\transform_snapshots\20260323_143709_625949,LinearTransform,D:\CodingHHW\Biplane\experiment\transform_snapshots\20260323_143709_625949\20260323_143709_625949_1_LinearTransform.h5,1,LinearTransform_1,D:\CodingHHW\Biplane\experiment\transform_snapshots\20260323_143709_625949\20260323_143709_625949_2_LinearTransform_1.h5,1,LinearTransform_2,D:\CodingHHW\Biplane\experiment\transform_snapshots\20260323_143709_625949\20260323_143709_625949_3_LinearTransform_2.h5,1,3,1,1.103915885,1.103915885,1.02E-13,1,1,1.542259494,1.542259494,1.59E-13,0,0,1.118073503,1.118073503,1.38E-13,0,0,NA,NA,NA,NA,NA,NA,NA,NA,NA,NA,NA,NA,NA,NA,NA,NA,NA,NA,0.05592624,0,0,0,0,30,0.036987756,1,0,0,0,30,0.061526865,1,1,0,0,30,507.91,491.832,413.353,10.862,518.946,28.865,34.243,2.728,2.921,1.95,0.657,0.701
2026-03-23T14:37:34+08:00,20260323_143734_714002,D:\CodingHHW\Biplane\experiment\experiment_results.csv,Panoramix-cropped,orthographic,Current mode: Orthographic,1,0,1,1,1,1,35.41,57.49,56.59,0.31,0.21,0,0.31 mm,0.21 px,0.00 mm,testPoint,TargetP3D,blackCenter2,PointGreen,PointRed,PointGreen,testPoint,30,1,1,0,1,-41.467,108.89,-45.61260605,265.6755503,269.0239759,298.9803242,277.8932834,0,6,10,D:\CodingHHW\Biplane\experiment\transform_snapshots\20260323_143734_714002,LinearTransform,D:\CodingHHW\Biplane\experiment\transform_snapshots\20260323_143734_714002\20260323_143734_714002_1_LinearTransform.h5,1,LinearTransform_1,D:\CodingHHW\Biplane\experiment\transform_snapshots\20260323_143734_714002\20260323_143734_714002_2_LinearTransform_1.h5,1,LinearTransform_2,D:\CodingHHW\Biplane\experiment\transform_snapshots\20260323_143734_714002\20260323_143734_714002_3_LinearTransform_2.h5,1,3,1,0.913002954,0.913002954,1.13E-11,1,1,1.191904703,1.191904703,1.81E-13,1,1,0.832280179,0.832280179,8.46E-13,0,0,NA,NA,NA,NA,NA,NA,NA,NA,NA,NA,NA,NA,NA,NA,NA,NA,NA,NA,0.038588845,1,1,0,0,30,0.041212896,1,0,0,0,30,0.076905507,1,0,0,0,30,490.48,453.091,401.24,9.687,517.979,29.224,34.243,3.019,3.585,1.914,0.476,0.511
2026-03-23T14:38:33+08:00,20260323_143833_212958,D:\CodingHHW\Biplane\experiment\experiment_results.csv,Panoramix-cropped,perspective,Current mode: Perspective,1,1,0,1,1,1,35.41,57.49,56.59,0.26,0.11,0,0.26 mm,0.11 px,0.00 mm,testPoint,TargetP3D,blackCenter2,PointGreen,PointRed,PointGreen,testPoint,30,0,1,0,1,-41.467,108.89,-45.61260605,265.6755503,269.0239759,298.9803242,277.8932834,0,6,10,D:\CodingHHW\Biplane\experiment\transform_snapshots\20260323_143833_212958,LinearTransform,D:\CodingHHW\Biplane\experiment\transform_snapshots\20260323_143833_212958\20260323_143833_212958_1_LinearTransform.h5,1,LinearTransform_1,D:\CodingHHW\Biplane\experiment\transform_snapshots\20260323_143833_212958\20260323_143833_212958_2_LinearTransform_1.h5,1,LinearTransform_2,D:\CodingHHW\Biplane\experiment\transform_snapshots\20260323_143833_212958\20260323_143833_212958_3_LinearTransform_2.h5,1,3,1,0.068225583,0.068225583,2.60E-13,0,0,0.060458519,0.060458519,1.07E-14,0,0,0.066746744,0.066746744,4.34E-14,0,0,0.067578494,1,0,0,0,30,0.05626362,1,0,0,0,30,0.066596663,0,0,0,0,30,NA,NA,NA,NA,NA,NA,NA,NA,NA,NA,NA,NA,NA,NA,NA,NA,NA,NA,488.309,452.672,415.043,9.541,557.214,60.798,34.024,3.019,3.195,2.311,0.562,0.616
2026-03-23T14:39:02+08:00,20260323_143902_322035,D:\CodingHHW\Biplane\experiment\experiment_results.csv,Panoramix-cropped,perspective,Current mode: Perspective,1,1,0,1,1,1,35.41,57.49,56.59,0.44,0.51,0,0.44 mm,0.51 px,0.00 mm,testPoint,TargetP3D,blackCenter2,PointGreen,PointRed,PointGreen,testPoint,30,0,1,0,1,-41.467,108.89,-45.61260605,265.6755503,269.0239759,298.9803242,277.8932834,0,6,10,D:\CodingHHW\Biplane\experiment\transform_snapshots\20260323_143902_322035,LinearTransform,D:\CodingHHW\Biplane\experiment\transform_snapshots\20260323_143902_322035\20260323_143902_322035_1_LinearTransform.h5,1,LinearTransform_1,D:\CodingHHW\Biplane\experiment\transform_snapshots\20260323_143902_322035\20260323_143902_322035_2_LinearTransform_1.h5,1,LinearTransform_2,D:\CodingHHW\Biplane\experiment\transform_snapshots\20260323_143902_322035\20260323_143902_322035_3_LinearTransform_2.h5,1,3,1,0.047121612,0.047121612,2.35E-13,1,1,0.053552749,0.053552749,8.26E-14,1,1,0.059712678,0.059712678,1.62E-13,0,0,0.040333282,0,0,0,0,30,0.053234752,0,0,0,0,30,0.059254676,1,0,0,0,30,NA,NA,NA,NA,NA,NA,NA,NA,NA,NA,NA,NA,NA,NA,NA,NA,NA,NA,489.15,466.42,363.657,9.727,554.957,59.791,32.304,3.019,3.346,2.034,0.541,0.674
2026-03-23T14:39:33+08:00,20260323_143933_105932,D:\CodingHHW\Biplane\experiment\experiment_results.csv,Panoramix-cropped,perspective,Current mode: Perspective,1,1,0,1,1,1,35.41,57.49,56.59,0.45,0.28,0,0.45 mm,0.28 px,0.00 mm,testPoint,TargetP3D,blackCenter2,PointGreen,PointRed,PointGreen,testPoint,30,0,1,0,1,-41.467,108.89,-45.61260605,265.6755503,269.0239759,298.9803242,277.8932834,0,6,10,D:\CodingHHW\Biplane\experiment\transform_snapshots\20260323_143933_105932,LinearTransform,D:\CodingHHW\Biplane\experiment\transform_snapshots\20260323_143933_105932\20260323_143933_105932_1_LinearTransform.h5,1,LinearTransform_1,D:\CodingHHW\Biplane\experiment\transform_snapshots\20260323_143933_105932\20260323_143933_105932_2_LinearTransform_1.h5,1,LinearTransform_2,D:\CodingHHW\Biplane\experiment\transform_snapshots\20260323_143933_105932\20260323_143933_105932_3_LinearTransform_2.h5,1,3,1,0.064436638,0.064436638,3.26E-14,0,0,0.044512484,0.044512484,7.06E-15,1,1,0.070790166,0.070790166,3.02E-13,1,1,0.064003715,0,0,0,0,30,0.043109716,0,0,0,0,30,0.065352236,1,0,0,0,30,NA,NA,NA,NA,NA,NA,NA,NA,NA,NA,NA,NA,NA,NA,NA,NA,NA,NA,427.185,415.872,403.686,10.065,557.407,59.715,31.891,3.019,3.286,2.083,0.517,0.557
2026-03-23T14:40:01+08:00,20260323_144001_863055,D:\CodingHHW\Biplane\experiment\experiment_results.csv,Panoramix-cropped,perspective,Current mode: Perspective,1,1,0,1,1,1,35.41,57.49,56.59,0.4,0.43,0,0.40 mm,0.43 px,0.00 mm,testPoint,TargetP3D,blackCenter2,PointGreen,PointRed,PointGreen,testPoint,30,0,1,0,1,-41.467,108.89,-45.61260605,265.6755503,269.0239759,298.9803242,277.8932834,0,6,10,D:\CodingHHW\Biplane\experiment\transform_snapshots\20260323_144001_863055,LinearTransform,D:\CodingHHW\Biplane\experiment\transform_snapshots\20260323_144001_863055\20260323_144001_863055_1_LinearTransform.h5,1,LinearTransform_1,D:\CodingHHW\Biplane\experiment\transform_snapshots\20260323_144001_863055\20260323_144001_863055_2_LinearTransform_1.h5,1,LinearTransform_2,D:\CodingHHW\Biplane\experiment\transform_snapshots\20260323_144001_863055\20260323_144001_863055_3_LinearTransform_2.h5,1,3,1,0.027781877,0.027781877,3.29E-14,1,1,0.052957112,0.052957112,1.30E-13,0,0,0.054364268,0.054364268,4.97E-13,0,0,0.027721564,1,1,0,0,30,0.050605543,0,0,0,0,30,0.053291071,1,0,0,0,30,NA,NA,NA,NA,NA,NA,NA,NA,NA,NA,NA,NA,NA,NA,NA,NA,NA,NA,447.229,479.099,412.283,9.576,552.752,58.809,31.638,3.019,3.051,2.251,0.618,0.526
2026-03-23T14:40:29+08:00,20260323_144029_373986,D:\CodingHHW\Biplane\experiment\experiment_results.csv,Panoramix-cropped,perspective,Current mode: Perspective,1,1,0,1,1,1,35.41,57.49,56.59,0.39,0.33,0,0.39 mm,0.33 px,0.00 mm,testPoint,TargetP3D,blackCenter2,PointGreen,PointRed,PointGreen,testPoint,30,0,1,0,1,-41.467,108.89,-45.61260605,265.6755503,269.0239759,298.9803242,277.8932834,0,6,10,D:\CodingHHW\Biplane\experiment\transform_snapshots\20260323_144029_373986,LinearTransform,D:\CodingHHW\Biplane\experiment\transform_snapshots\20260323_144029_373986\20260323_144029_373986_1_LinearTransform.h5,1,LinearTransform_1,D:\CodingHHW\Biplane\experiment\transform_snapshots\20260323_144029_373986\20260323_144029_373986_2_LinearTransform_1.h5,1,LinearTransform_2,D:\CodingHHW\Biplane\experiment\transform_snapshots\20260323_144029_373986\20260323_144029_373986_3_LinearTransform_2.h5,1,3,1,0.05993397,0.05993397,1.48E-14,0,0,0.068369101,0.068369101,5.29E-14,1,1,0.07731937,0.07731937,1.64E-13,1,1,0.059712225,1,0,0,0,30,0.06648739,0,0,0,0,30,0.074687511,0,0,0,0,30,NA,NA,NA,NA,NA,NA,NA,NA,NA,NA,NA,NA,NA,NA,NA,NA,NA,NA,416.195,488.084,382.829,9.835,554.91,59.382,32.073,3.019,2.911,2.166,0.501,0.477
2026-03-23T14:40:54+08:00,20260323_144054_360045,D:\CodingHHW\Biplane\experiment\experiment_results.csv,Panoramix-cropped,perspective,Current mode: Perspective,1,1,0,1,1,1,35.41,57.49,56.59,0.17,0.03,0,0.17 mm,0.03 px,0.00 mm,testPoint,TargetP3D,blackCenter2,PointGreen,PointRed,PointGreen,testPoint,30,0,1,0,1,-41.467,108.89,-45.61260605,265.6755503,269.0239759,298.9803242,277.8932834,0,6,10,D:\CodingHHW\Biplane\experiment\transform_snapshots\20260323_144054_360045,LinearTransform,D:\CodingHHW\Biplane\experiment\transform_snapshots\20260323_144054_360045\20260323_144054_360045_1_LinearTransform.h5,1,LinearTransform_1,D:\CodingHHW\Biplane\experiment\transform_snapshots\20260323_144054_360045\20260323_144054_360045_2_LinearTransform_1.h5,1,LinearTransform_2,D:\CodingHHW\Biplane\experiment\transform_snapshots\20260323_144054_360045\20260323_144054_360045_3_LinearTransform_2.h5,1,3,1,0.044484809,0.044484809,1.16E-13,0,0,0.076534357,0.076534357,2.36E-14,0,0,0.068064162,0.068064162,2.13E-13,0,0,0.041811905,1,0,0,0,30,0.066596374,1,1,0,0,30,0.067016474,0,0,0,0,30,NA,NA,NA,NA,NA,NA,NA,NA,NA,NA,NA,NA,NA,NA,NA,NA,NA,NA,452.365,432.848,366.08,9.773,549.741,59.569,32.392,3.019,3.185,2.13,0.578,0.487
2026-03-23T14:41:21+08:00,20260323_144121_518002,D:\CodingHHW\Biplane\experiment\experiment_results.csv,Panoramix-cropped,perspective,Current mode: Perspective,1,1,0,1,1,1,35.41,57.49,56.59,0.41,0.08,0,0.41 mm,0.08 px,0.00 mm,testPoint,TargetP3D,blackCenter2,PointGreen,PointRed,PointGreen,testPoint,30,0,1,0,1,-41.467,108.89,-45.61260605,265.6755503,269.0239759,298.9803242,277.8932834,0,6,10,D:\CodingHHW\Biplane\experiment\transform_snapshots\20260323_144121_518002,LinearTransform,D:\CodingHHW\Biplane\experiment\transform_snapshots\20260323_144121_518002\20260323_144121_518002_1_LinearTransform.h5,1,LinearTransform_1,D:\CodingHHW\Biplane\experiment\transform_snapshots\20260323_144121_518002\20260323_144121_518002_2_LinearTransform_1.h5,1,LinearTransform_2,D:\CodingHHW\Biplane\experiment\transform_snapshots\20260323_144121_518002\20260323_144121_518002_3_LinearTransform_2.h5,1,3,1,0.055070636,0.055070636,1.55E-13,1,1,0.070649992,0.070649992,1.02E-13,1,1,0.054238772,0.054238772,3.17E-13,0,0,0.053276221,1,1,0,0,30,0.06648098,0,1,0,0,30,0.052449648,0,1,0,0,30,NA,NA,NA,NA,NA,NA,NA,NA,NA,NA,NA,NA,NA,NA,NA,NA,NA,NA,440.18,461.279,408.486,10.045,551.118,59.484,32.746,3.019,3.548,2.421,0.563,0.601
2026-03-23T14:41:45+08:00,20260323_144145_974400,D:\CodingHHW\Biplane\experiment\experiment_results.csv,Panoramix-cropped,perspective,Current mode: Perspective,1,1,0,1,1,1,35.41,57.49,56.59,0.39,0.18,0,0.39 mm,0.18 px,0.00 mm,testPoint,TargetP3D,blackCenter2,PointGreen,PointRed,PointGreen,testPoint,30,0,1,0,1,-41.467,108.89,-45.61260605,265.6755503,269.0239759,298.9803242,277.8932834,0,6,10,D:\CodingHHW\Biplane\experiment\transform_snapshots\20260323_144145_974400,LinearTransform,D:\CodingHHW\Biplane\experiment\transform_snapshots\20260323_144145_974400\20260323_144145_974400_1_LinearTransform.h5,1,LinearTransform_1,D:\CodingHHW\Biplane\experiment\transform_snapshots\20260323_144145_974400\20260323_144145_974400_2_LinearTransform_1.h5,1,LinearTransform_2,D:\CodingHHW\Biplane\experiment\transform_snapshots\20260323_144145_974400\20260323_144145_974400_3_LinearTransform_2.h5,1,3,1,0.056289884,0.056289884,4.90E-14,0,0,0.073178999,0.073178999,5.66E-13,0,0,0.040767265,0.040767265,8.26E-13,0,0,0.050680326,0,0,0,0,30,0.072346231,1,0,0,0,30,0.040246644,1,1,0,0,30,NA,NA,NA,NA,NA,NA,NA,NA,NA,NA,NA,NA,NA,NA,NA,NA,NA,NA,443.286,442.929,401.445,9.659,552.318,61.686,33.832,3.019,3.192,2.103,0.795,0.488
2026-03-23T14:47:20+08:00,20260323_144720_430312,D:\CodingHHW\Biplane\experiment\experiment_results.csv,Panoramix-cropped,perspective,Current mode: Perspective,1,1,0,1,1,1,86.82,81.34,85.85,0.19,0,0,0.19 mm,0.00 px,0.00 mm,testPoint,TargetP3D,blackCenter2,PointGreen,PointRed,PointGreen,testPoint,30,0,1,0,1,-41.467,108.89,-45.61260605,265.6755503,275.792961,305.8407447,282.4364187,0,6,10,D:\CodingHHW\Biplane\experiment\transform_snapshots\20260323_144720_430312,LinearTransform,D:\CodingHHW\Biplane\experiment\transform_snapshots\20260323_144720_430312\20260323_144720_430312_1_LinearTransform.h5,1,LinearTransform_1,D:\CodingHHW\Biplane\experiment\transform_snapshots\20260323_144720_430312\20260323_144720_430312_2_LinearTransform_1.h5,1,LinearTransform_2,D:\CodingHHW\Biplane\experiment\transform_snapshots\20260323_144720_430312\20260323_144720_430312_3_LinearTransform_2.h5,1,3,1,0.066588057,0.066588057,2.36E-13,0,0,0.039693513,0.039693513,5.19E-13,1,1,0.071067859,0.071067859,1.54E-13,0,0,0.05887051,1,0,0,0,30,0.039218392,1,0,0,0,30,0.070637773,1,0,0,0,30,NA,NA,NA,NA,NA,NA,NA,NA,NA,NA,NA,NA,NA,NA,NA,NA,NA,NA,447.341,405.006,485.481,9.796,580.657,62.809,34.045,3.019,2.97,2.904,0.62,0.48
2026-03-23T14:47:55+08:00,20260323_144755_389622,D:\CodingHHW\Biplane\experiment\experiment_results.csv,Panoramix-cropped,perspective,Current mode: Perspective,1,1,0,1,1,1,86.82,81.34,85.85,0.08,0.17,0,0.08 mm,0.17 px,0.00 mm,testPoint,TargetP3D,blackCenter2,PointGreen,PointRed,PointGreen,testPoint,30,0,1,0,1,-41.467,108.89,-45.61260605,265.6755503,275.792961,305.8407447,282.4364187,0,6,10,D:\CodingHHW\Biplane\experiment\transform_snapshots\20260323_144755_389622,LinearTransform,D:\CodingHHW\Biplane\experiment\transform_snapshots\20260323_144755_389622\20260323_144755_389622_1_LinearTransform.h5,1,LinearTransform_1,D:\CodingHHW\Biplane\experiment\transform_snapshots\20260323_144755_389622\20260323_144755_389622_2_LinearTransform_1.h5,1,LinearTransform_2,D:\CodingHHW\Biplane\experiment\transform_snapshots\20260323_144755_389622\20260323_144755_389622_3_LinearTransform_2.h5,1,3,1,0.066203274,0.066203274,3.47E-13,0,0,0.051823776,0.051823776,1.10E-12,1,1,0.048933959,0.048933959,4.35E-12,1,1,0.064081771,0,0,0,0,30,0.0503914,0,0,0,0,30,0.048133808,1,0,0,0,30,NA,NA,NA,NA,NA,NA,NA,NA,NA,NA,NA,NA,NA,NA,NA,NA,NA,NA,416.959,435.576,485.761,9.685,573.921,59.734,32.366,3.019,3.043,2.09,0.514,0.598
2026-03-23T14:48:24+08:00,20260323_144824_573287,D:\CodingHHW\Biplane\experiment\experiment_results.csv,Panoramix-cropped,perspective,Current mode: Perspective,1,1,0,1,1,1,86.82,81.34,85.85,0.21,0.51,0,0.21 mm,0.51 px,0.00 mm,testPoint,TargetP3D,blackCenter2,PointGreen,PointRed,PointGreen,testPoint,30,0,1,0,1,-41.467,108.89,-45.61260605,265.6755503,275.792961,305.8407447,282.4364187,0,6,10,D:\CodingHHW\Biplane\experiment\transform_snapshots\20260323_144824_573287,LinearTransform,D:\CodingHHW\Biplane\experiment\transform_snapshots\20260323_144824_573287\20260323_144824_573287_1_LinearTransform.h5,1,LinearTransform_1,D:\CodingHHW\Biplane\experiment\transform_snapshots\20260323_144824_573287\20260323_144824_573287_2_LinearTransform_1.h5,1,LinearTransform_2,D:\CodingHHW\Biplane\experiment\transform_snapshots\20260323_144824_573287\20260323_144824_573287_3_LinearTransform_2.h5,1,3,1,0.076411775,0.076411775,4.04E-13,1,1,0.048848313,0.048848313,8.19E-14,0,0,0.068941465,0.068941465,8.41E-13,1,1,0.074857074,0,0,0,0,30,0.048805526,0,0,0,0,30,0.066353521,1,1,0,0,30,NA,NA,NA,NA,NA,NA,NA,NA,NA,NA,NA,NA,NA,NA,NA,NA,NA,NA,466.76,408.393,467.734,9.799,583.479,59.672,32.57,3.019,4.163,2.073,0.639,0.485
2026-03-23T14:48:59+08:00,20260323_144859_048238,D:\CodingHHW\Biplane\experiment\experiment_results.csv,Panoramix-cropped,perspective,Current mode: Perspective,1,1,0,1,1,1,86.82,81.34,85.85,0.21,0.02,0,0.21 mm,0.02 px,0.00 mm,testPoint,TargetP3D,blackCenter2,PointGreen,PointRed,PointGreen,testPoint,30,0,1,0,1,-41.467,108.89,-45.61260605,265.6755503,275.792961,305.8407447,282.4364187,0,6,10,D:\CodingHHW\Biplane\experiment\transform_snapshots\20260323_144859_048238,LinearTransform,D:\CodingHHW\Biplane\experiment\transform_snapshots\20260323_144859_048238\20260323_144859_048238_1_LinearTransform.h5,1,LinearTransform_1,D:\CodingHHW\Biplane\experiment\transform_snapshots\20260323_144859_048238\20260323_144859_048238_2_LinearTransform_1.h5,1,LinearTransform_2,D:\CodingHHW\Biplane\experiment\transform_snapshots\20260323_144859_048238\20260323_144859_048238_3_LinearTransform_2.h5,1,3,1,0.065838443,0.065838443,1.19E-13,0,0,0.063001644,0.063001644,5.79E-14,0,0,0.066017218,0.066017218,2.33E-14,0,0,0.062653805,0,0,0,0,30,0.062089666,1,0,0,0,30,0.065923772,1,0,0,0,30,NA,NA,NA,NA,NA,NA,NA,NA,NA,NA,NA,NA,NA,NA,NA,NA,NA,NA,457.457,405.421,465.575,9.567,582.12,61.91,34.377,3.019,3.254,2.735,0.487,0.552
2026-03-23T14:49:30+08:00,20260323_144930_782084,D:\CodingHHW\Biplane\experiment\experiment_results.csv,Panoramix-cropped,perspective,Current mode: Perspective,1,1,0,1,1,1,86.82,81.34,85.85,0.15,0.27,0,0.15 mm,0.27 px,0.00 mm,testPoint,TargetP3D,blackCenter2,PointGreen,PointRed,PointGreen,testPoint,30,0,1,0,1,-41.467,108.89,-45.61260605,265.6755503,275.792961,305.8407447,282.4364187,0,6,10,D:\CodingHHW\Biplane\experiment\transform_snapshots\20260323_144930_782084,LinearTransform,D:\CodingHHW\Biplane\experiment\transform_snapshots\20260323_144930_782084\20260323_144930_782084_1_LinearTransform.h5,1,LinearTransform_1,D:\CodingHHW\Biplane\experiment\transform_snapshots\20260323_144930_782084\20260323_144930_782084_2_LinearTransform_1.h5,1,LinearTransform_2,D:\CodingHHW\Biplane\experiment\transform_snapshots\20260323_144930_782084\20260323_144930_782084_3_LinearTransform_2.h5,1,3,1,0.052680022,0.052680022,5.16E-14,0,0,0.07339505,0.07339505,1.41E-13,0,0,0.075905958,0.075905958,2.30E-13,1,1,0.05240472,1,1,0,0,30,0.066126655,1,0,0,0,30,0.070007008,1,1,0,0,30,NA,NA,NA,NA,NA,NA,NA,NA,NA,NA,NA,NA,NA,NA,NA,NA,NA,NA,446.799,411.885,438.182,9.976,574.278,60.159,32.896,3.019,3.015,2.677,0.511,0.524
2026-03-23T14:49:57+08:00,20260323_144957_310438,D:\CodingHHW\Biplane\experiment\experiment_results.csv,Panoramix-cropped,perspective,Current mode: Perspective,1,1,0,1,1,1,86.82,81.34,85.85,0.14,0.12,0,0.14 mm,0.12 px,0.00 mm,testPoint,TargetP3D,blackCenter2,PointGreen,PointRed,PointGreen,testPoint,30,0,1,0,1,-41.467,108.89,-45.61260605,265.6755503,275.792961,305.8407447,282.4364187,0,6,10,D:\CodingHHW\Biplane\experiment\transform_snapshots\20260323_144957_310438,LinearTransform,D:\CodingHHW\Biplane\experiment\transform_snapshots\20260323_144957_310438\20260323_144957_310438_1_LinearTransform.h5,1,LinearTransform_1,D:\CodingHHW\Biplane\experiment\transform_snapshots\20260323_144957_310438\20260323_144957_310438_2_LinearTransform_1.h5,1,LinearTransform_2,D:\CodingHHW\Biplane\experiment\transform_snapshots\20260323_144957_310438\20260323_144957_310438_3_LinearTransform_2.h5,1,3,1,0.075362296,0.075362296,7.27E-14,1,1,0.109155803,0.109155803,2.49E-13,0,0,0.051792941,0.051792941,7.20E-13,0,0,0.075052583,0,1,0,0,30,0.098075645,1,1,0,0,30,0.049819145,1,0,0,0,30,NA,NA,NA,NA,NA,NA,NA,NA,NA,NA,NA,NA,NA,NA,NA,NA,NA,NA,429.226,400.343,463.339,9.539,580.259,59.471,32.548,3.019,3.404,2.128,0.662,0.589
2026-03-23T14:51:12+08:00,20260323_145112_023112,D:\CodingHHW\Biplane\experiment\experiment_results.csv,Panoramix-cropped,orthographic,Current mode: Orthographic,1,0,1,1,1,1,86.82,81.34,85.85,0.33,0.49,0,0.33 mm,0.49 px,0.00 mm,testPoint,TargetP3D,blackCenter2,PointGreen,PointRed,PointGreen,testPoint,30,1,1,0,1,-41.467,108.89,-45.61260605,265.6755503,275.792961,305.8407447,282.4364187,0,6,10,D:\CodingHHW\Biplane\experiment\transform_snapshots\20260323_145112_023112,LinearTransform,D:\CodingHHW\Biplane\experiment\transform_snapshots\20260323_145112_023112\20260323_145112_023112_1_LinearTransform.h5,1,LinearTransform_1,D:\CodingHHW\Biplane\experiment\transform_snapshots\20260323_145112_023112\20260323_145112_023112_2_LinearTransform_1.h5,1,LinearTransform_2,D:\CodingHHW\Biplane\experiment\transform_snapshots\20260323_145112_023112\20260323_145112_023112_3_LinearTransform_2.h5,1,3,1,1.348385723,1.348385723,2.11E-14,0,0,1.696047889,1.696047889,1.94E-13,0,0,1.107458547,1.107458547,1.54E-12,1,1,NA,NA,NA,NA,NA,NA,NA,NA,NA,NA,NA,NA,NA,NA,NA,NA,NA,NA,0.041668229,1,1,0,0,30,0.05800528,1,0,0,0,30,0.04171431,1,1,0,0,30,550.199,428.602,364.221,9.948,551.113,29.902,32.548,2.732,3.105,2.042,0.522,0.679
2026-03-23T14:51:36+08:00,20260323_145136_931069,D:\CodingHHW\Biplane\experiment\experiment_results.csv,Panoramix-cropped,orthographic,Current mode: Orthographic,1,0,1,1,1,1,86.82,81.34,85.85,0.32,0.55,0,0.32 mm,0.55 px,0.00 mm,testPoint,TargetP3D,blackCenter2,PointGreen,PointRed,PointGreen,testPoint,30,1,1,0,1,-41.467,108.89,-45.61260605,265.6755503,275.792961,305.8407447,282.4364187,0,6,10,D:\CodingHHW\Biplane\experiment\transform_snapshots\20260323_145136_931069,LinearTransform,D:\CodingHHW\Biplane\experiment\transform_snapshots\20260323_145136_931069\20260323_145136_931069_1_LinearTransform.h5,1,LinearTransform_1,D:\CodingHHW\Biplane\experiment\transform_snapshots\20260323_145136_931069\20260323_145136_931069_2_LinearTransform_1.h5,1,LinearTransform_2,D:\CodingHHW\Biplane\experiment\transform_snapshots\20260323_145136_931069\20260323_145136_931069_3_LinearTransform_2.h5,1,3,1,1.193570124,1.193570124,1.27E-14,1,1,1.957396228,1.957396228,2.24E-14,1,1,1.809448468,1.809448468,7.76E-13,1,0,NA,NA,NA,NA,NA,NA,NA,NA,NA,NA,NA,NA,NA,NA,NA,NA,NA,NA,0.041848518,0,1,0,0,30,0.039075465,0,0,0,0,30,0.039943683,0,0,0,0,30,511.183,435.585,393.221,9.914,548.289,29.333,32.548,2.848,3.134,2.234,0.533,0.784
2026-03-23T14:52:03+08:00,20260323_145203_791123,D:\CodingHHW\Biplane\experiment\experiment_results.csv,Panoramix-cropped,orthographic,Current mode: Orthographic,1,0,1,1,1,1,86.82,81.34,85.85,0.08,0.13,0,0.08 mm,0.13 px,0.00 mm,testPoint,TargetP3D,blackCenter2,PointGreen,PointRed,PointGreen,testPoint,30,1,1,0,1,-41.467,108.89,-45.61260605,265.6755503,275.792961,305.8407447,282.4364187,0,6,10,D:\CodingHHW\Biplane\experiment\transform_snapshots\20260323_145203_791123,LinearTransform,D:\CodingHHW\Biplane\experiment\transform_snapshots\20260323_145203_791123\20260323_145203_791123_1_LinearTransform.h5,1,LinearTransform_1,D:\CodingHHW\Biplane\experiment\transform_snapshots\20260323_145203_791123\20260323_145203_791123_2_LinearTransform_1.h5,1,LinearTransform_2,D:\CodingHHW\Biplane\experiment\transform_snapshots\20260323_145203_791123\20260323_145203_791123_3_LinearTransform_2.h5,1,3,1,1.419364328,1.419364328,2.73E-14,1,0,2.370966949,2.370966949,8.39E-13,0,1,1.607983162,1.607983162,1.26E-12,0,0,NA,NA,NA,NA,NA,NA,NA,NA,NA,NA,NA,NA,NA,NA,NA,NA,NA,NA,0.06124259,1,0,0,0,30,0.077660133,1,1,0,0,30,0.063190111,1,1,0,0,30,542.827,480.562,411.645,9.961,548.33,30.785,32.548,3.058,3.243,2.46,0.563,0.594
2026-03-23T14:52:28+08:00,20260323_145228_513143,D:\CodingHHW\Biplane\experiment\experiment_results.csv,Panoramix-cropped,orthographic,Current mode: Orthographic,1,0,1,1,1,1,86.82,81.34,85.85,0.31,0.16,0,0.31 mm,0.16 px,0.00 mm,testPoint,TargetP3D,blackCenter2,PointGreen,PointRed,PointGreen,testPoint,30,1,1,0,1,-41.467,108.89,-45.61260605,265.6755503,275.792961,305.8407447,282.4364187,0,6,10,D:\CodingHHW\Biplane\experiment\transform_snapshots\20260323_145228_513143,LinearTransform,D:\CodingHHW\Biplane\experiment\transform_snapshots\20260323_145228_513143\20260323_145228_513143_1_LinearTransform.h5,1,LinearTransform_1,D:\CodingHHW\Biplane\experiment\transform_snapshots\20260323_145228_513143\20260323_145228_513143_2_LinearTransform_1.h5,1,LinearTransform_2,D:\CodingHHW\Biplane\experiment\transform_snapshots\20260323_145228_513143\20260323_145228_513143_3_LinearTransform_2.h5,1,3,1,1.109361032,1.109361032,5.24E-14,1,1,1.446714033,1.446714033,2.73E-14,0,0,1.170978847,1.170978847,3.10E-13,0,0,NA,NA,NA,NA,NA,NA,NA,NA,NA,NA,NA,NA,NA,NA,NA,NA,NA,NA,0.052322172,1,1,0,0,30,0.034042333,1,1,0,0,30,0.063090767,0,0,0,0,30,535.805,435.71,368.05,9.91,547.068,30.613,32.548,3.257,2.987,2.147,0.542,0.517
2026-03-23T14:53:15+08:00,20260323_145315_059514,D:\CodingHHW\Biplane\experiment\experiment_results.csv,Panoramix-cropped,orthographic,Current mode: Orthographic,1,0,1,1,1,1,86.82,81.34,85.85,0.21,0.14,0,0.21 mm,0.14 px,0.00 mm,testPoint,TargetP3D,blackCenter2,PointGreen,PointRed,PointGreen,testPoint,30,1,1,0,1,-41.467,108.89,-45.61260605,265.6755503,275.792961,305.8407447,282.4364187,0,6,10,D:\CodingHHW\Biplane\experiment\transform_snapshots\20260323_145315_059514,LinearTransform,D:\CodingHHW\Biplane\experiment\transform_snapshots\20260323_145315_059514\20260323_145315_059514_1_LinearTransform.h5,1,LinearTransform_1,D:\CodingHHW\Biplane\experiment\transform_snapshots\20260323_145315_059514\20260323_145315_059514_2_LinearTransform_1.h5,1,LinearTransform_2,D:\CodingHHW\Biplane\experiment\transform_snapshots\20260323_145315_059514\20260323_145315_059514_3_LinearTransform_2.h5,1,3,1,1.064000465,1.064000465,2.66E-14,0,0,1.734846148,1.734846148,1.15E-12,0,0,1.316192191,1.316192191,1.73E-12,1,0,NA,NA,NA,NA,NA,NA,NA,NA,NA,NA,NA,NA,NA,NA,NA,NA,NA,NA,0.066725171,1,0,0,0,30,0.069463606,1,1,0,0,30,0.056837856,1,1,0,0,30,519.967,422.371,399.661,9.508,541.996,29.29,32.548,2.707,2.659,2.055,0.548,0.538
2026-03-23T14:53:42+08:00,20260323_145342_227483,D:\CodingHHW\Biplane\experiment\experiment_results.csv,Panoramix-cropped,orthographic,Current mode: Orthographic,1,0,1,1,1,1,86.82,81.34,85.85,0.24,0.04,0,0.24 mm,0.04 px,0.00 mm,testPoint,TargetP3D,blackCenter2,PointGreen,PointRed,PointGreen,testPoint,30,1,1,0,1,-41.467,108.89,-45.61260605,265.6755503,275.792961,305.8407447,282.4364187,0,6,10,D:\CodingHHW\Biplane\experiment\transform_snapshots\20260323_145342_227483,LinearTransform,D:\CodingHHW\Biplane\experiment\transform_snapshots\20260323_145342_227483\20260323_145342_227483_1_LinearTransform.h5,1,LinearTransform_1,D:\CodingHHW\Biplane\experiment\transform_snapshots\20260323_145342_227483\20260323_145342_227483_2_LinearTransform_1.h5,1,LinearTransform_2,D:\CodingHHW\Biplane\experiment\transform_snapshots\20260323_145342_227483\20260323_145342_227483_3_LinearTransform_2.h5,1,3,1,1.180599766,1.180599766,6.58E-13,0,0,1.876525003,1.876525003,5.60E-14,0,0,1.207696986,1.207696986,1.06E-12,0,0,NA,NA,NA,NA,NA,NA,NA,NA,NA,NA,NA,NA,NA,NA,NA,NA,NA,NA,0.049934829,0,1,0,0,30,0.053582853,0,1,0,0,30,0.059156241,0,1,0,0,30,535.938,447.185,368.468,9.539,547.451,29.95,32.548,3.388,2.979,2.396,0.546,0.69
2026-03-23T14:54:17+08:00,20260323_145417_827152,D:\CodingHHW\Biplane\experiment\experiment_results.csv,Panoramix-cropped,orthographic,Current mode: Orthographic,1,0,1,1,1,1,86.82,81.34,85.85,0.51,0.96,0,0.51 mm,0.96 px,0.00 mm,testPoint,TargetP3D,blackCenter2,PointGreen,PointRed,PointGreen,testPoint,30,1,1,0,1,-41.467,108.89,-45.61260605,265.6755503,275.792961,305.8407447,282.4364187,0,6,10,D:\CodingHHW\Biplane\experiment\transform_snapshots\20260323_145417_827152,LinearTransform,D:\CodingHHW\Biplane\experiment\transform_snapshots\20260323_145417_827152\20260323_145417_827152_1_LinearTransform.h5,1,LinearTransform_1,D:\CodingHHW\Biplane\experiment\transform_snapshots\20260323_145417_827152\20260323_145417_827152_2_LinearTransform_1.h5,1,LinearTransform_2,D:\CodingHHW\Biplane\experiment\transform_snapshots\20260323_145417_827152\20260323_145417_827152_3_LinearTransform_2.h5,1,3,1,1.356146626,1.356146626,6.53E-14,0,0,2.008301667,2.008301667,3.10E-13,0,1,1.561338619,1.561338619,8.52E-13,0,0,NA,NA,NA,NA,NA,NA,NA,NA,NA,NA,NA,NA,NA,NA,NA,NA,NA,NA,0.035579346,0,1,0,0,30,0.054255763,1,1,0,0,30,0.036578826,1,0,0,0,30,540.599,471.184,402.012,10.112,546.878,28.978,32.548,3.176,2.951,2.188,0.536,0.543
2026-03-23T16:35:37+08:00,20260323_163537_598363,D:\CodingHHW\Biplane\experiment\experiment_results.csv,Panoramix-cropped,perspective,Current mode: Perspective,1,1,0,1,1,1,35.41,57.49,56.59,0.21,0.31,0,0.21 mm,0.31 px,0.00 mm,testPoint,TargetP3D,blackCenter2,PointGreen,PointRed,PointGreen,testPoint,30,0,1,0,1,-69.36858368,142.6341705,-163.0120239,164.127011,175.5123312,193.286113,177.6418184,0,6,10,D:\CodingHHW\Biplane\experiment\transform_snapshots\20260323_163537_598363,LinearTransform,D:\CodingHHW\Biplane\experiment\transform_snapshots\20260323_163537_598363\20260323_163537_598363_1_LinearTransform.h5,1,LinearTransform_1,D:\CodingHHW\Biplane\experiment\transform_snapshots\20260323_163537_598363\20260323_163537_598363_2_LinearTransform_1.h5,1,LinearTransform_2,D:\CodingHHW\Biplane\experiment\transform_snapshots\20260323_163537_598363\20260323_163537_598363_3_LinearTransform_2.h5,1,3,1,0.06879591,0.06879591,1.97E-12,1,1,0.0537151,0.0537151,7.96E-14,1,1,0.062789307,0.062789307,6.06E-13,1,1,0.065908623,0,1,0,0,30,0.051812359,1,0,0,0,30,0.058861142,0,1,0,0,30,NA,NA,NA,NA,NA,NA,NA,NA,NA,NA,NA,NA,NA,NA,NA,NA,NA,NA,442.227,456.549,364.99,10.2,553.35,62.632,35.029,NA,1.578,1.87,0.575,0.651
2026-03-23T16:36:12+08:00,20260323_163612_920362,D:\CodingHHW\Biplane\experiment\experiment_results.csv,Panoramix-cropped,perspective,Current mode: Perspective,1,1,0,1,1,1,35.41,57.49,56.59,0.37,0.1,0,0.37 mm,0.10 px,0.00 mm,testPoint,TargetP3D,blackCenter2,PointGreen,PointRed,PointGreen,testPoint,30,0,1,0,1,-69.36858368,142.6341705,-163.0120239,164.127011,175.5123312,193.286113,177.6418184,0,6,10,D:\CodingHHW\Biplane\experiment\transform_snapshots\20260323_163612_920362,LinearTransform,D:\CodingHHW\Biplane\experiment\transform_snapshots\20260323_163612_920362\20260323_163612_920362_1_LinearTransform.h5,1,LinearTransform_1,D:\CodingHHW\Biplane\experiment\transform_snapshots\20260323_163612_920362\20260323_163612_920362_2_LinearTransform_1.h5,1,LinearTransform_2,D:\CodingHHW\Biplane\experiment\transform_snapshots\20260323_163612_920362\20260323_163612_920362_3_LinearTransform_2.h5,1,3,1,0.062541844,0.062541844,1.14E-14,1,1,0.076558898,0.076558898,5.98E-13,1,1,0.053446298,0.053446298,4.12E-14,0,0,0.061152315,1,0,0,0,30,0.073199479,1,1,0,0,30,0.051214534,0,1,0,0,30,NA,NA,NA,NA,NA,NA,NA,NA,NA,NA,NA,NA,NA,NA,NA,NA,NA,NA,445.93,437.179,372.696,9.615,558.081,62.264,34.586,NA,2.314,1.678,0.61,0.787
2026-03-23T16:36:43+08:00,20260323_163643_693995,D:\CodingHHW\Biplane\experiment\experiment_results.csv,Panoramix-cropped,perspective,Current mode: Perspective,1,1,0,1,1,1,35.41,57.49,56.59,0.22,0.18,0,0.22 mm,0.18 px,0.00 mm,testPoint,TargetP3D,blackCenter2,PointGreen,PointRed,PointGreen,testPoint,30,0,1,0,1,-69.36858368,142.6341705,-163.0120239,164.127011,175.5123312,193.286113,177.6418184,0,6,10,D:\CodingHHW\Biplane\experiment\transform_snapshots\20260323_163643_693995,LinearTransform,D:\CodingHHW\Biplane\experiment\transform_snapshots\20260323_163643_693995\20260323_163643_693995_1_LinearTransform.h5,1,LinearTransform_1,D:\CodingHHW\Biplane\experiment\transform_snapshots\20260323_163643_693995\20260323_163643_693995_2_LinearTransform_1.h5,1,LinearTransform_2,D:\CodingHHW\Biplane\experiment\transform_snapshots\20260323_163643_693995\20260323_163643_693995_3_LinearTransform_2.h5,1,3,1,0.045615844,0.045615844,8.99E-11,1,1,0.075661095,0.075661095,3.03E-14,1,1,0.063803577,0.063803577,1.26E-13,0,0,0.038777214,0,1,0,0,30,0.072891754,1,0,0,0,30,0.063218666,1,0,0,0,30,NA,NA,NA,NA,NA,NA,NA,NA,NA,NA,NA,NA,NA,NA,NA,NA,NA,NA,479.621,459.628,359.202,9.738,556.22,61.934,35.114,NA,2.45,1.599,0.588,0.499
2026-03-23T16:37:14+08:00,20260323_163714_570914,D:\CodingHHW\Biplane\experiment\experiment_results.csv,Panoramix-cropped,perspective,Current mode: Perspective,1,1,0,1,1,1,35.41,57.49,56.59,0.16,0.21,0,0.16 mm,0.21 px,0.00 mm,testPoint,TargetP3D,blackCenter2,PointGreen,PointRed,PointGreen,testPoint,30,0,1,0,1,-69.36858368,142.6341705,-163.0120239,164.127011,175.5123312,193.286113,177.6418184,0,6,10,D:\CodingHHW\Biplane\experiment\transform_snapshots\20260323_163714_570914,LinearTransform,D:\CodingHHW\Biplane\experiment\transform_snapshots\20260323_163714_570914\20260323_163714_570914_1_LinearTransform.h5,1,LinearTransform_1,D:\CodingHHW\Biplane\experiment\transform_snapshots\20260323_163714_570914\20260323_163714_570914_2_LinearTransform_1.h5,1,LinearTransform_2,D:\CodingHHW\Biplane\experiment\transform_snapshots\20260323_163714_570914\20260323_163714_570914_3_LinearTransform_2.h5,1,3,1,0.05940152,0.05940152,1.74E-11,1,1,0.066943852,0.066943852,2.56E-14,1,1,0.061287217,0.061287217,1.22E-12,0,0,0.057048287,1,1,0,0,30,0.0661635,0,0,0,0,30,0.057169353,1,0,0,0,30,NA,NA,NA,NA,NA,NA,NA,NA,NA,NA,NA,NA,NA,NA,NA,NA,NA,NA,438.988,471.742,401.152,9.513,551.299,62.818,36.039,NA,1.825,1.896,0.684,0.575
2026-03-23T16:37:40+08:00,20260323_163740_956850,D:\CodingHHW\Biplane\experiment\experiment_results.csv,Panoramix-cropped,perspective,Current mode: Perspective,1,1,0,1,1,1,35.41,57.49,56.59,0.22,0.1,0,0.22 mm,0.10 px,0.00 mm,testPoint,TargetP3D,blackCenter2,PointGreen,PointRed,PointGreen,testPoint,30,0,1,0,1,-69.36858368,142.6341705,-163.0120239,164.127011,175.5123312,193.286113,177.6418184,0,6,10,D:\CodingHHW\Biplane\experiment\transform_snapshots\20260323_163740_956850,LinearTransform,D:\CodingHHW\Biplane\experiment\transform_snapshots\20260323_163740_956850\20260323_163740_956850_1_LinearTransform.h5,1,LinearTransform_1,D:\CodingHHW\Biplane\experiment\transform_snapshots\20260323_163740_956850\20260323_163740_956850_2_LinearTransform_1.h5,1,LinearTransform_2,D:\CodingHHW\Biplane\experiment\transform_snapshots\20260323_163740_956850\20260323_163740_956850_3_LinearTransform_2.h5,1,3,1,0.061792649,0.061792649,8.28E-12,0,0,0.058184221,0.058184221,1.59E-14,1,1,0.050590139,0.050590139,3.71E-14,1,1,0.060505672,1,0,0,0,30,0.058020928,1,1,0,0,30,0.050570416,1,0,0,0,30,NA,NA,NA,NA,NA,NA,NA,NA,NA,NA,NA,NA,NA,NA,NA,NA,NA,NA,463.607,427.91,368.59,9.601,558.1,63.225,35.504,NA,1.74,1.709,0.668,0.616
2026-03-23T16:38:09+08:00,20260323_163809_924913,D:\CodingHHW\Biplane\experiment\experiment_results.csv,Panoramix-cropped,perspective,Current mode: Perspective,1,1,0,1,1,1,35.41,57.49,56.59,0.17,0.19,0,0.17 mm,0.19 px,0.00 mm,testPoint,TargetP3D,blackCenter2,PointGreen,PointRed,PointGreen,testPoint,30,0,1,0,1,-69.36858368,142.6341705,-163.0120239,164.127011,175.5123312,193.286113,177.6418184,0,6,10,D:\CodingHHW\Biplane\experiment\transform_snapshots\20260323_163809_924913,LinearTransform,D:\CodingHHW\Biplane\experiment\transform_snapshots\20260323_163809_924913\20260323_163809_924913_1_LinearTransform.h5,1,LinearTransform_1,D:\CodingHHW\Biplane\experiment\transform_snapshots\20260323_163809_924913\20260323_163809_924913_2_LinearTransform_1.h5,1,LinearTransform_2,D:\CodingHHW\Biplane\experiment\transform_snapshots\20260323_163809_924913\20260323_163809_924913_3_LinearTransform_2.h5,1,3,1,0.057853395,0.057853395,1.62E-13,0,0,0.043436399,0.043436399,9.44E-14,1,1,0.050380166,0.050380166,3.89E-13,1,1,0.05543824,1,1,0,0,30,0.042461682,1,0,0,0,30,0.049027217,0,0,0,0,30,NA,NA,NA,NA,NA,NA,NA,NA,NA,NA,NA,NA,NA,NA,NA,NA,NA,NA,436.296,456.493,381.005,10.092,558.098,63.505,34.379,NA,1.894,1.74,0.569,0.505
2026-03-23T16:38:39+08:00,20260323_163839_119931,D:\CodingHHW\Biplane\experiment\experiment_results.csv,Panoramix-cropped,perspective,Current mode: Perspective,1,1,0,1,1,1,35.41,57.49,56.59,0.12,0.2,0,0.12 mm,0.20 px,0.00 mm,testPoint,TargetP3D,blackCenter2,PointGreen,PointRed,PointGreen,testPoint,30,0,1,0,1,-69.36858368,142.6341705,-163.0120239,164.127011,175.5123312,193.286113,177.6418184,0,6,10,D:\CodingHHW\Biplane\experiment\transform_snapshots\20260323_163839_119931,LinearTransform,D:\CodingHHW\Biplane\experiment\transform_snapshots\20260323_163839_119931\20260323_163839_119931_1_LinearTransform.h5,1,LinearTransform_1,D:\CodingHHW\Biplane\experiment\transform_snapshots\20260323_163839_119931\20260323_163839_119931_2_LinearTransform_1.h5,1,LinearTransform_2,D:\CodingHHW\Biplane\experiment\transform_snapshots\20260323_163839_119931\20260323_163839_119931_3_LinearTransform_2.h5,1,3,1,0.042938415,0.042938415,3.38E-13,0,0,0.042973651,0.042973651,6.33E-14,0,0,0.055674343,0.055674343,9.21E-13,0,0,0.041652028,0,1,0,0,30,0.03888928,1,1,0,0,30,0.053194021,1,1,0,0,30,NA,NA,NA,NA,NA,NA,NA,NA,NA,NA,NA,NA,NA,NA,NA,NA,NA,NA,465.109,457.073,368.572,9.588,555.115,61.959,35.255,NA,1.997,1.692,0.608,0.524
2026-03-23T16:39:08+08:00,20260323_163908_799927,D:\CodingHHW\Biplane\experiment\experiment_results.csv,Panoramix-cropped,perspective,Current mode: Perspective,1,1,0,1,1,1,35.41,57.49,56.59,0.09,0.06,0,0.09 mm,0.06 px,0.00 mm,testPoint,TargetP3D,blackCenter2,PointGreen,PointRed,PointGreen,testPoint,30,0,1,0,1,-69.36858368,142.6341705,-163.0120239,164.127011,175.5123312,193.286113,177.6418184,0,6,10,D:\CodingHHW\Biplane\experiment\transform_snapshots\20260323_163908_799927,LinearTransform,D:\CodingHHW\Biplane\experiment\transform_snapshots\20260323_163908_799927\20260323_163908_799927_1_LinearTransform.h5,1,LinearTransform_1,D:\CodingHHW\Biplane\experiment\transform_snapshots\20260323_163908_799927\20260323_163908_799927_2_LinearTransform_1.h5,1,LinearTransform_2,D:\CodingHHW\Biplane\experiment\transform_snapshots\20260323_163908_799927\20260323_163908_799927_3_LinearTransform_2.h5,1,3,1,0.050858523,0.050858523,1.36E-12,0,0,0.04675594,0.04675594,2.60E-14,1,1,0.069788824,0.069788824,9.61E-14,0,0,0.049154567,1,1,0,0,30,0.043853958,0,1,0,0,30,0.069204396,1,0,0,0,30,NA,NA,NA,NA,NA,NA,NA,NA,NA,NA,NA,NA,NA,NA,NA,NA,NA,NA,446.163,467.76,380.52,9.763,558.504,61.846,34.28,NA,2.126,2.039,0.573,0.638
2026-03-23T16:40:50+08:00,20260323_164050_604396,D:\CodingHHW\Biplane\experiment\experiment_results.csv,Panoramix-cropped,orthographic,Current mode: Orthographic,1,0,1,1,1,1,35.41,57.49,56.59,0.25,0.15,0.0,0.25 mm,0.15 px,0.00 mm,testPoint,TargetP3D,blackCenter2,PointGreen,PointRed,PointGreen,testPoint,30.0,1,1,0,1,-69.36858367919922,142.63417053222656,-163.01202392578125,164.12701095853913,175.51233121255498,193.28611301330616,177.64181839480008,0,6.0,10.0,D:\CodingHHW\Biplane\experiment\transform_snapshots\20260323_164050_604396,LinearTransform,D:\CodingHHW\Biplane\experiment\transform_snapshots\20260323_164050_604396\20260323_164050_604396_1_LinearTransform.h5,1,LinearTransform_1,D:\CodingHHW\Biplane\experiment\transform_snapshots\20260323_164050_604396\20260323_164050_604396_2_LinearTransform_1.h5,1,LinearTransform_2,D:\CodingHHW\Biplane\experiment\transform_snapshots\20260323_164050_604396\20260323_164050_604396_3_LinearTransform_2.h5,1,3,1,1.3064075922715717,1.3064075922718308,2.5912605394751154e-13,0,0,1.4069866737776913,1.406986673777692,6.661338147750939e-16,1,1,0.8571525812075969,0.8571525812080443,4.474198789239381e-13,1,1,NA,NA,NA,NA,NA,NA,NA,NA,NA,NA,NA,NA,NA,NA,NA,NA,NA,NA,0.06006056007823135,0,0,0,0,30.0,0.04622158124412361,0,1,0,0,30.0,0.0472270369771192,1,0,0,0,30.0,531.45,449.974,446.229,9.645,523.359,30.74,34.28,3.212,1.703,2.301,0.547,0.533
2026-03-23T16:41:19+08:00,20260323_164119_114660,D:\CodingHHW\Biplane\experiment\experiment_results.csv,Panoramix-cropped,orthographic,Current mode: Orthographic,1,0,1,1,1,1,35.41,57.49,56.59,0.11,0.18,0.0,0.11 mm,0.18 px,0.00 mm,testPoint,TargetP3D,blackCenter2,PointGreen,PointRed,PointGreen,testPoint,30.0,1,1,0,1,-69.36858367919922,142.63417053222656,-163.01202392578125,164.12701095853913,175.51233121255498,193.28611301330616,177.64181839480008,0,6.0,10.0,D:\CodingHHW\Biplane\experiment\transform_snapshots\20260323_164119_114660,LinearTransform,D:\CodingHHW\Biplane\experiment\transform_snapshots\20260323_164119_114660\20260323_164119_114660_1_LinearTransform.h5,1,LinearTransform_1,D:\CodingHHW\Biplane\experiment\transform_snapshots\20260323_164119_114660\20260323_164119_114660_2_LinearTransform_1.h5,1,LinearTransform_2,D:\CodingHHW\Biplane\experiment\transform_snapshots\20260323_164119_114660\20260323_164119_114660_3_LinearTransform_2.h5,1,3,1,1.3931747928405085,1.3931747928405187,1.021405182655144e-14,0,0,1.7038203241076406,1.7038203241077585,1.1790568521519162e-13,1,1,1.4463760921535262,1.4463760921535735,4.729550084903167e-14,1,1,NA,NA,NA,NA,NA,NA,NA,NA,NA,NA,NA,NA,NA,NA,NA,NA,NA,NA,0.03491714534626697,0,0,0,0,30.0,0.04719770535198995,0,0,0,0,30.0,0.09774002223746416,0,0,0,0,30.0,538.031,471.9,390.013,9.516,523.276,30.333,34.28,3.522,1.73,1.599,0.651,0.581
2026-03-23T16:42:09+08:00,20260323_164209_530609,D:\CodingHHW\Biplane\experiment\experiment_results.csv,Panoramix-cropped,orthographic,Current mode: Orthographic,1,0,1,1,1,1,35.41,57.49,56.59,0.19,0.38,0.0,0.19 mm,0.38 px,0.00 mm,testPoint,TargetP3D,blackCenter2,PointGreen,PointRed,PointGreen,testPoint,30.0,1,1,0,1,-69.36858367919922,142.63417053222656,-163.01202392578125,164.12701095853913,175.51233121255498,193.28611301330616,177.64181839480008,0,6.0,10.0,D:\CodingHHW\Biplane\experiment\transform_snapshots\20260323_164209_530609,LinearTransform,D:\CodingHHW\Biplane\experiment\transform_snapshots\20260323_164209_530609\20260323_164209_530609_1_LinearTransform.h5,1,LinearTransform_1,D:\CodingHHW\Biplane\experiment\transform_snapshots\20260323_164209_530609\20260323_164209_530609_2_LinearTransform_1.h5,1,LinearTransform_2,D:\CodingHHW\Biplane\experiment\transform_snapshots\20260323_164209_530609\20260323_164209_530609_3_LinearTransform_2.h5,1,3,1,1.2775405062148395,1.277540506214845,5.551115123125783e-15,1,1,1.6608076708295487,1.660807670829551,2.220446049250313e-15,1,1,1.3210247930227685,1.3210247930228114,4.285460875053104e-14,0,0,NA,NA,NA,NA,NA,NA,NA,NA,NA,NA,NA,NA,NA,NA,NA,NA,NA,NA,0.03938149493164795,1,1,0,0,30.0,0.061589921831878156,1,0,0,0,30.0,0.049735306261494375,0,0,0,0,30.0,505.073,470.518,379.256,9.683,523.489,28.367,34.28,2.822,1.993,1.649,0.482,0.636
2026-03-23T16:42:45+08:00,20260323_164245_544271,D:\CodingHHW\Biplane\experiment\experiment_results.csv,Panoramix-cropped,orthographic,Current mode: Orthographic,1,0,1,1,1,1,35.41,57.49,56.59,0.14,0.13,0.0,0.14 mm,0.13 px,0.00 mm,testPoint,TargetP3D,blackCenter2,PointGreen,PointRed,PointGreen,testPoint,30.0,1,1,0,1,-69.36858367919922,142.63417053222656,-163.01202392578125,164.12701095853913,175.51233121255498,193.28611301330616,177.64181839480008,0,6.0,10.0,D:\CodingHHW\Biplane\experiment\transform_snapshots\20260323_164245_544271,LinearTransform,D:\CodingHHW\Biplane\experiment\transform_snapshots\20260323_164245_544271\20260323_164245_544271_1_LinearTransform.h5,1,LinearTransform_1,D:\CodingHHW\Biplane\experiment\transform_snapshots\20260323_164245_544271\20260323_164245_544271_2_LinearTransform_1.h5,1,LinearTransform_2,D:\CodingHHW\Biplane\experiment\transform_snapshots\20260323_164245_544271\20260323_164245_544271_3_LinearTransform_2.h5,1,3,1,1.3505465364873042,1.3505465364873368,3.26405569239796e-14,0,0,1.6651282524913336,1.6651282524919095,5.759837051755312e-13,1,1,1.3018514585228647,1.301851458522922,5.728750807065808e-14,1,1,NA,NA,NA,NA,NA,NA,NA,NA,NA,NA,NA,NA,NA,NA,NA,NA,NA,NA,0.06887337709037106,1,0,0,0,30.0,0.08280112956458326,0,0,0,0,30.0,0.06502948388851358,0,1,0,0,30.0,486.478,475.283,382.148,9.589,519.749,28.95,34.28,2.733,1.696,1.787,0.665,0.513
2026-03-23T16:43:20+08:00,20260323_164320_623156,D:\CodingHHW\Biplane\experiment\experiment_results.csv,Panoramix-cropped,orthographic,Current mode: Orthographic,1,0,1,1,1,1,35.41,57.49,56.59,0.17,0.28,0.0,0.17 mm,0.28 px,0.00 mm,testPoint,TargetP3D,blackCenter2,PointGreen,PointRed,PointGreen,testPoint,30.0,1,1,0,1,-69.36858367919922,142.63417053222656,-163.01202392578125,164.12701095853913,175.51233121255498,193.28611301330616,177.64181839480008,0,6.0,10.0,D:\CodingHHW\Biplane\experiment\transform_snapshots\20260323_164320_623156,LinearTransform,D:\CodingHHW\Biplane\experiment\transform_snapshots\20260323_164320_623156\20260323_164320_623156_1_LinearTransform.h5,1,LinearTransform_1,D:\CodingHHW\Biplane\experiment\transform_snapshots\20260323_164320_623156\20260323_164320_623156_2_LinearTransform_1.h5,1,LinearTransform_2,D:\CodingHHW\Biplane\experiment\transform_snapshots\20260323_164320_623156\20260323_164320_623156_3_LinearTransform_2.h5,1,3,1,1.3310293996953406,1.3310293996953684,2.7755575615628914e-14,0,0,1.4996767317567807,1.499676731756872,9.126033262418787e-14,0,0,1.3207662048734474,1.3207662048736928,2.453592884421596e-13,1,1,NA,NA,NA,NA,NA,NA,NA,NA,NA,NA,NA,NA,NA,NA,NA,NA,NA,NA,0.07189022957335557,0,0,0,0,30.0,0.0554985146553728,0,1,0,0,30.0,0.061969867166208524,0,0,0,0,30.0,516.675,497.948,410.313,9.945,520.779,29.824,34.28,3.512,1.755,1.569,0.54,0.611
2026-03-23T16:44:42+08:00,20260323_164442_616001,D:\CodingHHW\Biplane\experiment\experiment_results.csv,Panoramix-cropped,orthographic,Current mode: Orthographic,1,0,1,1,1,1,35.41,57.49,56.59,0.17,0.04,0.0,0.17 mm,0.04 px,0.00 mm,testPoint,TargetP3D,blackCenter2,PointGreen,PointRed,PointGreen,testPoint,30.0,1,1,0,1,-69.36858367919922,142.63417053222656,-163.01202392578125,164.12701095853913,175.51233121255498,193.28611301330616,177.64181839480008,0,6.0,10.0,D:\CodingHHW\Biplane\experiment\transform_snapshots\20260323_164442_616001,LinearTransform,D:\CodingHHW\Biplane\experiment\transform_snapshots\20260323_164442_616001\20260323_164442_616001_1_LinearTransform.h5,1,LinearTransform_1,D:\CodingHHW\Biplane\experiment\transform_snapshots\20260323_164442_616001\20260323_164442_616001_2_LinearTransform_1.h5,1,LinearTransform_2,D:\CodingHHW\Biplane\experiment\transform_snapshots\20260323_164442_616001\20260323_164442_616001_3_LinearTransform_2.h5,1,3,1,1.905083712691993,1.9050837126920652,7.216449660063518e-14,0,0,2.2352014368140076,2.2352014368140285,2.0872192862952943e-14,0,0,1.8144972499047913,1.8144972499049274,1.361133428190442e-13,0,0,NA,NA,NA,NA,NA,NA,NA,NA,NA,NA,NA,NA,NA,NA,NA,NA,NA,NA,0.046378635677842325,1,0,0,0,30.0,0.029786558149684617,0,0,0,0,30.0,0.035255649312164204,0,0,0,0,30.0,568.996,521.463,403.598,9.624,522.793,30.438,34.28,3.175,1.976,1.873,0.5,0.587
2026-03-23T16:45:15+08:00,20260323_164515_279803,D:\CodingHHW\Biplane\experiment\experiment_results.csv,Panoramix-cropped,orthographic,Current mode: Orthographic,1,0,1,1,1,1,35.41,57.49,56.59,0.1,0.11,0.0,0.10 mm,0.11 px,0.00 mm,testPoint,TargetP3D,blackCenter2,PointGreen,PointRed,PointGreen,testPoint,30.0,1,1,0,1,-69.36858367919922,142.63417053222656,-163.01202392578125,164.12701095853913,175.51233121255498,193.28611301330616,177.64181839480008,0,6.0,10.0,D:\CodingHHW\Biplane\experiment\transform_snapshots\20260323_164515_279803,LinearTransform,D:\CodingHHW\Biplane\experiment\transform_snapshots\20260323_164515_279803\20260323_164515_279803_1_LinearTransform.h5,1,LinearTransform_1,D:\CodingHHW\Biplane\experiment\transform_snapshots\20260323_164515_279803\20260323_164515_279803_2_LinearTransform_1.h5,1,LinearTransform_2,D:\CodingHHW\Biplane\experiment\transform_snapshots\20260323_164515_279803\20260323_164515_279803_3_LinearTransform_2.h5,1,3,1,1.6580580656754833,1.658058065675499,1.5765166949677223e-14,1,1,2.1741292352271313,2.174129235227161,2.9753977059954195e-14,1,1,1.7405594808669098,1.740559480866935,2.5091040356528538e-14,0,0,NA,NA,NA,NA,NA,NA,NA,NA,NA,NA,NA,NA,NA,NA,NA,NA,NA,NA,0.05816333133405324,1,0,0,0,30.0,0.06460717807737859,0,0,0,0,30.0,0.05676987773691376,0,0,0,0,30.0,544.508,484.898,383.964,10.626,525.211,29.349,34.28,2.876,1.813,1.803,0.672,0.521
2026-03-23T16:47:43+08:00,20260323_164743_625783,D:\CodingHHW\Biplane\experiment\experiment_results.csv,Panoramix-cropped,orthographic,Current mode: Orthographic,1,0,1,1,1,1,86.82,81.34,85.85,0.07,0.15,0.0,0.07 mm,0.15 px,0.00 mm,testPoint,TargetP3D,blackCenter2,PointGreen,PointRed,PointGreen,testPoint,30.0,1,1,0,1,-69.369,142.634,-163.0120239,164.1272896252117,185.28527891939157,200.40739445334046,183.27332099931456,0,6.0,10.0,D:\CodingHHW\Biplane\experiment\transform_snapshots\20260323_164743_625783,LinearTransform,D:\CodingHHW\Biplane\experiment\transform_snapshots\20260323_164743_625783\20260323_164743_625783_1_LinearTransform.h5,1,LinearTransform_1,D:\CodingHHW\Biplane\experiment\transform_snapshots\20260323_164743_625783\20260323_164743_625783_2_LinearTransform_1.h5,1,LinearTransform_2,D:\CodingHHW\Biplane\experiment\transform_snapshots\20260323_164743_625783\20260323_164743_625783_3_LinearTransform_2.h5,1,3,1,1.7265055436557573,1.726505543655892,1.34781075189494e-13,1,1,2.079363954353552,2.0793639543535622,1.021405182655144e-14,0,0,2.4796231095594554,2.479623109560051,5.95523630408934e-13,1,0,NA,NA,NA,NA,NA,NA,NA,NA,NA,NA,NA,NA,NA,NA,NA,NA,NA,NA,0.04488324464162786,1,1,0,0,30.0,0.040646668140347925,0,0,0,0,30.0,0.04920374488806984,1,1,0,0,30.0,557.845,486.755,461.257,9.855,549.53,29.922,34.28,2.943,3.429,2.096,0.51,0.542
2026-03-23T16:49:17+08:00,20260323_164917_067190,D:\CodingHHW\Biplane\experiment\experiment_results.csv,Panoramix-cropped,orthographic,Current mode: Orthographic,1,0,1,1,1,1,86.82,81.34,85.85,0.14,0.08,0.0,0.14 mm,0.08 px,0.00 mm,testPoint,TargetP3D,blackCenter2,PointGreen,PointRed,PointGreen,testPoint,30.0,1,1,0,1,-69.369,142.634,-163.0120239,164.1272896252117,185.28527891939157,200.40739445334046,183.27332099931456,0,6.0,10.0,D:\CodingHHW\Biplane\experiment\transform_snapshots\20260323_164917_067190,LinearTransform,D:\CodingHHW\Biplane\experiment\transform_snapshots\20260323_164917_067190\20260323_164917_067190_1_LinearTransform.h5,1,LinearTransform_1,D:\CodingHHW\Biplane\experiment\transform_snapshots\20260323_164917_067190\20260323_164917_067190_2_LinearTransform_1.h5,1,LinearTransform_2,D:\CodingHHW\Biplane\experiment\transform_snapshots\20260323_164917_067190\20260323_164917_067190_3_LinearTransform_2.h5,1,3,1,1.7933257120554633,1.7933257120555295,6.616929226765933e-14,0,0,2.1893727510197283,2.18937275101978,5.1514348342607263e-14,1,1,2.4539593068688004,2.453959306871463,2.6627589022609754e-12,0,1,NA,NA,NA,NA,NA,NA,NA,NA,NA,NA,NA,NA,NA,NA,NA,NA,NA,NA,0.050702071690513856,1,1,0,0,30.0,0.028574102070993704,0,1,0,0,30.0,0.038805548736721325,0,0,0,0,30.0,619.781,483.474,484.137,9.647,548.609,29.177,34.28,3.262,3.056,2.53,0.523,0.527
2026-03-23T16:49:55+08:00,20260323_164955_308057,D:\CodingHHW\Biplane\experiment\experiment_results.csv,Panoramix-cropped,orthographic,Current mode: Orthographic,1,0,1,1,1,1,86.82,81.34,85.85,0.18,0.19,0.0,0.18 mm,0.19 px,0.00 mm,testPoint,TargetP3D,blackCenter2,PointGreen,PointRed,PointGreen,testPoint,30.0,1,1,0,1,-69.369,142.634,-163.0120239,164.1272896252117,185.28527891939157,200.40739445334046,183.27332099931456,0,6.0,10.0,D:\CodingHHW\Biplane\experiment\transform_snapshots\20260323_164955_308057,LinearTransform,D:\CodingHHW\Biplane\experiment\transform_snapshots\20260323_164955_308057\20260323_164955_308057_1_LinearTransform.h5,1,LinearTransform_1,D:\CodingHHW\Biplane\experiment\transform_snapshots\20260323_164955_308057\20260323_164955_308057_2_LinearTransform_1.h5,1,LinearTransform_2,D:\CodingHHW\Biplane\experiment\transform_snapshots\20260323_164955_308057\20260323_164955_308057_3_LinearTransform_2.h5,1,3,1,1.7168931113960308,1.716893111396037,6.217248937900877e-15,0,0,2.0951049014300462,2.0951049014300556,9.325873406851315e-15,1,1,1.825201745911225,1.8252017459112815,5.639932965095795e-14,0,0,NA,NA,NA,NA,NA,NA,NA,NA,NA,NA,NA,NA,NA,NA,NA,NA,NA,NA,0.02336789331461508,1,0,0,0,30.0,0.04291764403154451,1,0,0,0,30.0,0.04505320985578824,1,1,0,0,30.0,581.925,477.536,418.395,10.175,546.878,29.788,34.28,3.111,3.587,2.189,0.556,0.584
2026-03-23T16:50:23+08:00,20260323_165023_676075,D:\CodingHHW\Biplane\experiment\experiment_results.csv,Panoramix-cropped,orthographic,Current mode: Orthographic,1,0,1,1,1,1,86.82,81.34,85.85,0.06,0.11,0.0,0.06 mm,0.11 px,0.00 mm,testPoint,TargetP3D,blackCenter2,PointGreen,PointRed,PointGreen,testPoint,30.0,1,1,0,1,-69.369,142.634,-163.0120239,164.1272896252117,185.28527891939157,200.40739445334046,183.27332099931456,0,6.0,10.0,D:\CodingHHW\Biplane\experiment\transform_snapshots\20260323_165023_676075,LinearTransform,D:\CodingHHW\Biplane\experiment\transform_snapshots\20260323_165023_676075\20260323_165023_676075_1_LinearTransform.h5,1,LinearTransform_1,D:\CodingHHW\Biplane\experiment\transform_snapshots\20260323_165023_676075\20260323_165023_676075_2_LinearTransform_1.h5,1,LinearTransform_2,D:\CodingHHW\Biplane\experiment\transform_snapshots\20260323_165023_676075\20260323_165023_676075_3_LinearTransform_2.h5,1,3,1,1.6251289346554931,1.6251289346555307,3.752553823233029e-14,0,0,2.0851409666247163,2.0851409666247576,4.1300296516055823e-14,0,1,2.44318836503814,2.44318836503848,3.4017233474514796e-13,1,1,NA,NA,NA,NA,NA,NA,NA,NA,NA,NA,NA,NA,NA,NA,NA,NA,NA,NA,0.02441304315034458,1,0,0,0,30.0,0.042382006148359186,1,0,0,0,30.0,0.052040639849639324,0,1,0,0,30.0,596.018,523.581,477.43,9.702,545.413,29.721,34.28,3.0,3.232,2.199,0.617,0.496
2026-03-23T16:52:17+08:00,20260323_165217_924101,D:\CodingHHW\Biplane\experiment\experiment_results.csv,Panoramix-cropped,orthographic,Current mode: Orthographic,1,0,1,1,1,1,86.82,81.34,85.85,0.08,0.12,0.0,0.08 mm,0.12 px,0.00 mm,testPoint,TargetP3D,blackCenter2,PointGreen,PointRed,PointGreen,testPoint,30.0,1,1,0,1,-69.369,142.634,-163.0120239,164.1272896252117,185.28527891939157,200.40739445334046,183.27332099931456,0,6.0,10.0,D:\CodingHHW\Biplane\experiment\transform_snapshots\20260323_165217_924101,LinearTransform,D:\CodingHHW\Biplane\experiment\transform_snapshots\20260323_165217_924101\20260323_165217_924101_1_LinearTransform.h5,1,LinearTransform_1,D:\CodingHHW\Biplane\experiment\transform_snapshots\20260323_165217_924101\20260323_165217_924101_2_LinearTransform_1.h5,1,LinearTransform_2,D:\CodingHHW\Biplane\experiment\transform_snapshots\20260323_165217_924101\20260323_165217_924101_3_LinearTransform_2.h5,1,3,1,1.8842712411847184,1.884271241184748,2.9531932455029164e-14,0,0,2.212842891573554,2.212842891573694,1.4033219031261979e-13,0,0,2.4919751574588527,2.4919751574595606,7.078782005009998e-13,0,1,NA,NA,NA,NA,NA,NA,NA,NA,NA,NA,NA,NA,NA,NA,NA,NA,NA,NA,0.06911093192601458,0,0,0,0,30.0,0.04441631529198407,1,0,0,0,30.0,0.05402695086093204,0,1,0,0,30.0,561.537,466.796,496.638,9.812,544.446,29.814,34.28,3.158,2.932,1.917,0.533,0.539
2026-03-23T16:52:47+08:00,20260323_165247_318041,D:\CodingHHW\Biplane\experiment\experiment_results.csv,Panoramix-cropped,orthographic,Current mode: Orthographic,1,0,1,1,1,1,86.82,81.34,85.85,0.21,0.56,0.0,0.21 mm,0.56 px,0.00 mm,testPoint,TargetP3D,blackCenter2,PointGreen,PointRed,PointGreen,testPoint,30.0,1,1,0,1,-69.369,142.634,-163.0120239,164.1272896252117,185.28527891939157,200.40739445334046,183.27332099931456,0,6.0,10.0,D:\CodingHHW\Biplane\experiment\transform_snapshots\20260323_165247_318041,LinearTransform,D:\CodingHHW\Biplane\experiment\transform_snapshots\20260323_165247_318041\20260323_165247_318041_1_LinearTransform.h5,1,LinearTransform_1,D:\CodingHHW\Biplane\experiment\transform_snapshots\20260323_165247_318041\20260323_165247_318041_2_LinearTransform_1.h5,1,LinearTransform_2,D:\CodingHHW\Biplane\experiment\transform_snapshots\20260323_165247_318041\20260323_165247_318041_3_LinearTransform_2.h5,1,3,1,1.6526294419157028,1.6526294419157495,4.6629367034256575e-14,1,1,1.8762201842247175,1.8762201842247708,5.3290705182007514e-14,1,1,1.7663767622134572,1.7663767622136188,1.616484723854228e-13,0,0,NA,NA,NA,NA,NA,NA,NA,NA,NA,NA,NA,NA,NA,NA,NA,NA,NA,NA,0.04126002935307852,0,0,0,0,30.0,0.038826723183009296,1,0,0,0,30.0,0.045053209855794,1,0,0,0,30.0,619.427,462.869,394.014,9.545,549.142,31.281,34.28,3.021,3.044,2.247,0.641,0.516
2026-03-23T16:54:11+08:00,20260323_165411_078798,D:\CodingHHW\Biplane\experiment\experiment_results.csv,Panoramix-cropped,perspective,Current mode: Perspective,1,1,0,1,1,1,86.82,81.34,85.85,0.17,0.26,0.0,0.17 mm,0.26 px,0.00 mm,testPoint,TargetP3D,blackCenter2,PointGreen,PointRed,PointGreen,testPoint,30.0,0,1,0,1,-69.369,142.634,-163.0120239,164.1272896252117,185.28527891939157,200.40739445334046,183.27332099931456,0,6.0,10.0,D:\CodingHHW\Biplane\experiment\transform_snapshots\20260323_165411_078798,LinearTransform,D:\CodingHHW\Biplane\experiment\transform_snapshots\20260323_165411_078798\20260323_165411_078798_1_LinearTransform.h5,1,LinearTransform_1,D:\CodingHHW\Biplane\experiment\transform_snapshots\20260323_165411_078798\20260323_165411_078798_2_LinearTransform_1.h5,1,LinearTransform_2,D:\CodingHHW\Biplane\experiment\transform_snapshots\20260323_165411_078798\20260323_165411_078798_3_LinearTransform_2.h5,1,3,1,0.04629047523088914,0.04629047523092063,3.1488700535931e-14,1,1,0.0642495208364706,0.06424952083647699,6.38378239159465e-15,1,1,0.06672898380667394,0.06672898380718212,5.081768339465498e-13,1,1,0.04493666458672535,1,0,0,0,30.0,0.06143585423735622,1,1,0,0,30.0,0.065374407700238,1,1,0,0,30.0,NA,NA,NA,NA,NA,NA,NA,NA,NA,NA,NA,NA,NA,NA,NA,NA,NA,NA,467.368,423.308,472.724,11.297,585.995,61.806,34.719,3.021,3.193,2.171,0.5,0.543
2026-03-23T16:54:52+08:00,20260323_165452_777131,D:\CodingHHW\Biplane\experiment\experiment_results.csv,Panoramix-cropped,perspective,Current mode: Perspective,1,1,0,1,1,1,86.82,81.34,85.85,0.18,0.3,0.0,0.18 mm,0.30 px,0.00 mm,testPoint,TargetP3D,blackCenter2,PointGreen,PointRed,PointGreen,testPoint,30.0,0,1,0,1,-69.369,142.634,-163.0120239,164.1272896252117,185.28527891939157,200.40739445334046,183.27332099931456,0,6.0,10.0,D:\CodingHHW\Biplane\experiment\transform_snapshots\20260323_165452_777131,LinearTransform,D:\CodingHHW\Biplane\experiment\transform_snapshots\20260323_165452_777131\20260323_165452_777131_1_LinearTransform.h5,1,LinearTransform_1,D:\CodingHHW\Biplane\experiment\transform_snapshots\20260323_165452_777131\20260323_165452_777131_2_LinearTransform_1.h5,1,LinearTransform_2,D:\CodingHHW\Biplane\experiment\transform_snapshots\20260323_165452_777131\20260323_165452_777131_3_LinearTransform_2.h5,1,3,1,0.060658706976323994,0.06065870697633406,1.0068335054569388e-14,0,0,0.0679512830022031,0.06795128300230825,1.0515199821981014e-13,1,1,0.07320142346636897,0.07320142346648247,1.1349254869230663e-13,0,0,0.05626357175183668,0,0,0,0,30.0,0.06259574544024463,0,1,0,0,30.0,0.06020274517634708,1,0,0,0,30.0,NA,NA,NA,NA,NA,NA,NA,NA,NA,NA,NA,NA,NA,NA,NA,NA,NA,NA,443.617,432.927,491.085,9.866,577.979,59.234,32.001,3.021,3.206,2.237,0.688,0.561
2026-03-23T16:55:20+08:00,20260323_165520_605326,D:\CodingHHW\Biplane\experiment\experiment_results.csv,Panoramix-cropped,perspective,Current mode: Perspective,1,1,0,1,1,1,86.82,81.34,85.85,0.09,0.25,0.0,0.09 mm,0.25 px,0.00 mm,testPoint,TargetP3D,blackCenter2,PointGreen,PointRed,PointGreen,testPoint,30.0,0,1,0,1,-69.369,142.634,-163.0120239,164.1272896252117,185.28527891939157,200.40739445334046,183.27332099931456,0,6.0,10.0,D:\CodingHHW\Biplane\experiment\transform_snapshots\20260323_165520_605326,LinearTransform,D:\CodingHHW\Biplane\experiment\transform_snapshots\20260323_165520_605326\20260323_165520_605326_1_LinearTransform.h5,1,LinearTransform_1,D:\CodingHHW\Biplane\experiment\transform_snapshots\20260323_165520_605326\20260323_165520_605326_2_LinearTransform_1.h5,1,LinearTransform_2,D:\CodingHHW\Biplane\experiment\transform_snapshots\20260323_165520_605326\20260323_165520_605326_3_LinearTransform_2.h5,1,3,1,0.050313873506957346,0.0503138735070469,8.955336472382669e-14,1,1,0.06844316521954917,0.06844316521994898,3.998051889553267e-13,0,0,0.050611332511885744,0.0506113325138062,1.920456849102692e-12,0,0,0.050238429320963895,1,1,0,0,30.0,0.06736506229180644,1,1,0,0,30.0,0.04721963957185845,0,0,0,0,30.0,NA,NA,NA,NA,NA,NA,NA,NA,NA,NA,NA,NA,NA,NA,NA,NA,NA,NA,513.38,433.063,435.484,9.649,579.725,60.178,33.03,3.021,3.072,2.308,0.542,0.618
2026-03-23T16:55:46+08:00,20260323_165546_230659,D:\CodingHHW\Biplane\experiment\experiment_results.csv,Panoramix-cropped,perspective,Current mode: Perspective,1,1,0,1,1,1,86.82,81.34,85.85,0.2,0.28,0.0,0.20 mm,0.28 px,0.00 mm,testPoint,TargetP3D,blackCenter2,PointGreen,PointRed,PointGreen,testPoint,30.0,0,1,0,1,-69.369,142.634,-163.0120239,164.1272896252117,185.28527891939157,200.40739445334046,183.27332099931456,0,6.0,10.0,D:\CodingHHW\Biplane\experiment\transform_snapshots\20260323_165546_230659,LinearTransform,D:\CodingHHW\Biplane\experiment\transform_snapshots\20260323_165546_230659\20260323_165546_230659_1_LinearTransform.h5,1,LinearTransform_1,D:\CodingHHW\Biplane\experiment\transform_snapshots\20260323_165546_230659\20260323_165546_230659_2_LinearTransform_1.h5,1,LinearTransform_2,D:\CodingHHW\Biplane\experiment\transform_snapshots\20260323_165546_230659\20260323_165546_230659_3_LinearTransform_2.h5,1,3,1,0.07595958136288776,0.07595958136374974,8.619771563189715e-13,1,1,0.057103322318360475,0.057103322318398424,3.794881076046863e-14,0,0,0.06367023638562751,0.06367023638587306,2.45553577471469e-13,0,0,0.06206653557240989,0,0,0,0,30.0,0.056704169204417974,1,1,0,0,30.0,0.06229362530023429,1,1,0,0,30.0,NA,NA,NA,NA,NA,NA,NA,NA,NA,NA,NA,NA,NA,NA,NA,NA,NA,NA,458.403,393.292,456.634,9.801,578.755,60.384,32.741,3.021,3.392,2.25,0.514,0.484
2026-03-23T16:56:15+08:00,20260323_165615_472465,D:\CodingHHW\Biplane\experiment\experiment_results.csv,Panoramix-cropped,perspective,Current mode: Perspective,1,1,0,1,1,1,86.82,81.34,85.85,0.07,0.06,0.0,0.07 mm,0.06 px,0.00 mm,testPoint,TargetP3D,blackCenter2,PointGreen,PointRed,PointGreen,testPoint,30.0,0,1,0,1,-69.369,142.634,-163.0120239,164.1272896252117,185.28527891939157,200.40739445334046,183.27332099931456,0,6.0,10.0,D:\CodingHHW\Biplane\experiment\transform_snapshots\20260323_165615_472465,LinearTransform,D:\CodingHHW\Biplane\experiment\transform_snapshots\20260323_165615_472465\20260323_165615_472465_1_LinearTransform.h5,1,LinearTransform_1,D:\CodingHHW\Biplane\experiment\transform_snapshots\20260323_165615_472465\20260323_165615_472465_2_LinearTransform_1.h5,1,LinearTransform_2,D:\CodingHHW\Biplane\experiment\transform_snapshots\20260323_165615_472465\20260323_165615_472465_3_LinearTransform_2.h5,1,3,1,0.050573459374216735,0.0505734593748715,6.547679065604939e-13,1,1,0.062300171835075496,0.06230017183510153,2.603472992745992e-14,0,0,0.06312103973762029,0.06312103973779487,1.7458257062230587e-13,0,0,0.04946758323549234,1,0,0,0,30.0,0.05931899647809075,1,0,0,0,30.0,0.061579913510613,1,1,0,0,30.0,NA,NA,NA,NA,NA,NA,NA,NA,NA,NA,NA,NA,NA,NA,NA,NA,NA,NA,451.628,426.419,462.089,9.768,579.819,61.28,33.456,3.021,2.952,2.085,0.705,0.494
2026-03-23T16:56:49+08:00,20260323_165649_170940,D:\CodingHHW\Biplane\experiment\experiment_results.csv,Panoramix-cropped,perspective,Current mode: Perspective,1,1,0,1,1,1,86.82,81.34,85.85,0.07,0.06,0.0,0.07 mm,0.06 px,0.00 mm,testPoint,TargetP3D,blackCenter2,PointGreen,PointRed,PointGreen,testPoint,30.0,0,1,0,1,-69.369,142.634,-163.0120239,164.1272896252117,185.28527891939157,200.40739445334046,183.27332099931456,0,6.0,10.0,D:\CodingHHW\Biplane\experiment\transform_snapshots\20260323_165649_170940,LinearTransform,D:\CodingHHW\Biplane\experiment\transform_snapshots\20260323_165649_170940\20260323_165649_170940_1_LinearTransform.h5,1,LinearTransform_1,D:\CodingHHW\Biplane\experiment\transform_snapshots\20260323_165649_170940\20260323_165649_170940_2_LinearTransform_1.h5,1,LinearTransform_2,D:\CodingHHW\Biplane\experiment\transform_snapshots\20260323_165649_170940\20260323_165649_170940_3_LinearTransform_2.h5,1,3,1,0.03944663165217639,0.039446631652186676,1.0283440765590512e-14,0,0,0.058023898416577895,0.05802389841660114,2.3245294578089215e-14,0,0,0.043288134544126694,0.04328813454413144,4.746203430272544e-15,1,1,0.0384669030325467,1,1,0,0,30.0,0.053963030414719025,0,0,0,0,30.0,0.04174202365934683,1,1,0,0,30.0,NA,NA,NA,NA,NA,NA,NA,NA,NA,NA,NA,NA,NA,NA,NA,NA,NA,NA,455.393,437.578,447.393,9.919,579.642,61.622,34.477,3.021,2.899,2.214,0.517,0.767
2026-03-23T16:57:14+08:00,20260323_165714_478468,D:\CodingHHW\Biplane\experiment\experiment_results.csv,Panoramix-cropped,perspective,Current mode: Perspective,1,1,0,1,1,1,86.82,81.34,85.85,0.19,0.33,0.0,0.19 mm,0.33 px,0.00 mm,testPoint,TargetP3D,blackCenter2,PointGreen,PointRed,PointGreen,testPoint,30.0,0,1,0,1,-69.369,142.634,-163.0120239,164.1272896252117,185.28527891939157,200.40739445334046,183.27332099931456,0,6.0,10.0,D:\CodingHHW\Biplane\experiment\transform_snapshots\20260323_165714_478468,LinearTransform,D:\CodingHHW\Biplane\experiment\transform_snapshots\20260323_165714_478468\20260323_165714_478468_1_LinearTransform.h5,1,LinearTransform_1,D:\CodingHHW\Biplane\experiment\transform_snapshots\20260323_165714_478468\20260323_165714_478468_2_LinearTransform_1.h5,1,LinearTransform_2,D:\CodingHHW\Biplane\experiment\transform_snapshots\20260323_165714_478468\20260323_165714_478468_3_LinearTransform_2.h5,1,3,1,0.05008302392672623,0.0500830239269175,1.9127061046120275e-13,1,1,0.04597875360221501,0.04597875360229353,7.85205234166142e-14,1,1,0.06675988548667433,0.06675988548709182,4.174854906224823e-13,0,0,0.047272849108316535,1,1,0,0,30.0,0.04263821055835149,1,1,0,0,30.0,0.05865530976416685,1,0,0,0,30.0,NA,NA,NA,NA,NA,NA,NA,NA,NA,NA,NA,NA,NA,NA,NA,NA,NA,NA,450.142,426.6,478.795,9.685,583.092,62.395,33.966,3.021,3.252,2.18,0.675,0.552
2026-03-23T17:03:39+08:00,20260323_170339_922495,D:\CodingHHW\Biplane\experiment\experiment_results.csv,Panoramix-cropped,perspective,Current mode: Perspective,1,1,0,1,1,1,17.0,22.14,14.7,0.59,0.38,0.0,0.59 mm,0.38 px,0.00 mm,testPoint,TargetP3D,blackCenter2,PointGreen,PointRed,PointGreen,testPoint,30.0,0,1,0,1,-69.369,142.634,-163.0120239,164.1272896252117,171.42600569603022,187.1891430154596,174.24747944556717,0,6.0,10.0,D:\CodingHHW\Biplane\experiment\transform_snapshots\20260323_170339_922495,LinearTransform,D:\CodingHHW\Biplane\experiment\transform_snapshots\20260323_170339_922495\20260323_170339_922495_1_LinearTransform.h5,1,LinearTransform_1,D:\CodingHHW\Biplane\experiment\transform_snapshots\20260323_170339_922495\20260323_170339_922495_2_LinearTransform_1.h5,1,LinearTransform_2,D:\CodingHHW\Biplane\experiment\transform_snapshots\20260323_170339_922495\20260323_170339_922495_3_LinearTransform_2.h5,1,3,1,0.07457573887659931,0.07457573887713063,5.313249840099843e-13,1,1,0.06854094858243874,0.06854094858259827,1.5952517085082718e-13,0,0,0.04697410044356565,0.04697410044406462,4.989758606299688e-13,1,1,0.06753799999894285,0,1,0,0,30.0,0.06553428510505793,0,1,0,0,30.0,0.04479747312194093,1,0,0,0,30.0,NA,NA,NA,NA,NA,NA,NA,NA,NA,NA,NA,NA,NA,NA,NA,NA,NA,NA,427.061,523.823,434.427,9.921,559.703,61.57,34.017,3.021,3.092,2.191,0.541,0.595
2026-03-23T17:04:17+08:00,20260323_170417_215726,D:\CodingHHW\Biplane\experiment\experiment_results.csv,Panoramix-cropped,perspective,Current mode: Perspective,1,1,0,1,1,1,17.0,22.14,14.7,0.56,0.26,0.0,0.56 mm,0.26 px,0.00 mm,testPoint,TargetP3D,blackCenter2,PointGreen,PointRed,PointGreen,testPoint,30.0,0,1,0,1,-69.369,142.634,-163.0120239,164.1272896252117,171.42600569603022,187.1891430154596,174.24747944556717,0,6.0,10.0,D:\CodingHHW\Biplane\experiment\transform_snapshots\20260323_170417_215726,LinearTransform,D:\CodingHHW\Biplane\experiment\transform_snapshots\20260323_170417_215726\20260323_170417_215726_1_LinearTransform.h5,1,LinearTransform_1,D:\CodingHHW\Biplane\experiment\transform_snapshots\20260323_170417_215726\20260323_170417_215726_2_LinearTransform_1.h5,1,LinearTransform_2,D:\CodingHHW\Biplane\experiment\transform_snapshots\20260323_170417_215726\20260323_170417_215726_3_LinearTransform_2.h5,1,3,1,0.07060435509579308,0.07060435509604673,2.5365820555123264e-13,0,0,0.04224705874965899,0.0422470587497585,9.951067747593356e-14,1,1,0.03584644600726791,0.0358464460073779,1.0998840727083348e-13,0,0,0.0657074489556639,1,0,0,0,30.0,0.03880157458839471,0,1,0,0,30.0,0.035046100578450944,1,0,0,0,30.0,NA,NA,NA,NA,NA,NA,NA,NA,NA,NA,NA,NA,NA,NA,NA,NA,NA,NA,448.23,478.447,476.26,9.605,553.381,60.466,34.075,3.021,3.054,2.779,0.55,0.547
2026-03-23T17:04:50+08:00,20260323_170450_261338,D:\CodingHHW\Biplane\experiment\experiment_results.csv,Panoramix-cropped,perspective,Current mode: Perspective,1,1,0,1,1,1,17.0,22.14,14.7,0.09,0.17,0.0,0.09 mm,0.17 px,0.00 mm,testPoint,TargetP3D,blackCenter2,PointGreen,PointRed,PointGreen,testPoint,30.0,0,1,0,1,-69.369,142.634,-163.0120239,164.1272896252117,171.42600569603022,187.1891430154596,174.24747944556717,0,6.0,10.0,D:\CodingHHW\Biplane\experiment\transform_snapshots\20260323_170450_261338,LinearTransform,D:\CodingHHW\Biplane\experiment\transform_snapshots\20260323_170450_261338\20260323_170450_261338_1_LinearTransform.h5,1,LinearTransform_1,D:\CodingHHW\Biplane\experiment\transform_snapshots\20260323_170450_261338\20260323_170450_261338_2_LinearTransform_1.h5,1,LinearTransform_2,D:\CodingHHW\Biplane\experiment\transform_snapshots\20260323_170450_261338\20260323_170450_261338_3_LinearTransform_2.h5,1,3,1,0.07138781482664777,0.07138781482671042,6.264433416447446e-14,1,1,0.04891189726815627,0.04891189726823002,7.374656441072602e-14,1,1,0.03760002684038547,0.037600026841278646,8.931744233109384e-13,0,0,0.06979481933410527,0,1,0,0,30.0,0.04377887675702284,0,1,0,0,30.0,0.036643583921714816,0,0,0,0,30.0,NA,NA,NA,NA,NA,NA,NA,NA,NA,NA,NA,NA,NA,NA,NA,NA,NA,NA,508.406,455.069,427.591,9.988,562.605,63.684,34.888,3.021,2.968,2.173,0.551,0.624
2026-03-23T17:05:19+08:00,20260323_170519_922650,D:\CodingHHW\Biplane\experiment\experiment_results.csv,Panoramix-cropped,perspective,Current mode: Perspective,1,1,0,1,1,1,17.0,22.14,14.7,0.24,0.1,0.0,0.24 mm,0.10 px,0.00 mm,testPoint,TargetP3D,blackCenter2,PointGreen,PointRed,PointGreen,testPoint,30.0,0,1,0,1,-69.369,142.634,-163.0120239,164.1272896252117,171.42600569603022,187.1891430154596,174.24747944556717,0,6.0,10.0,D:\CodingHHW\Biplane\experiment\transform_snapshots\20260323_170519_922650,LinearTransform,D:\CodingHHW\Biplane\experiment\transform_snapshots\20260323_170519_922650\20260323_170519_922650_1_LinearTransform.h5,1,LinearTransform_1,D:\CodingHHW\Biplane\experiment\transform_snapshots\20260323_170519_922650\20260323_170519_922650_2_LinearTransform_1.h5,1,LinearTransform_2,D:\CodingHHW\Biplane\experiment\transform_snapshots\20260323_170519_922650\20260323_170519_922650_3_LinearTransform_2.h5,1,3,1,0.04860957023832223,0.04860957023855148,2.292541156911909e-13,0,0,0.07370240176708094,0.07370240176725198,1.7104373473131318e-13,0,0,0.058059169607708835,0.05805916960787251,1.636746294053637e-13,0,0,0.046606668355231806,1,0,0,0,30.0,0.06658497379860205,0,0,0,0,30.0,0.042716314893527736,1,1,0,0,30.0,NA,NA,NA,NA,NA,NA,NA,NA,NA,NA,NA,NA,NA,NA,NA,NA,NA,NA,451.93,449.699,397.594,9.896,555.271,61.966,34.655,3.021,3.102,2.411,0.657,0.654
2026-03-23T17:06:13+08:00,20260323_170613_243586,D:\CodingHHW\Biplane\experiment\experiment_results.csv,Panoramix-cropped,perspective,Current mode: Perspective,1,1,0,1,1,1,17.0,22.14,14.7,0.31,0.11,0.0,0.31 mm,0.11 px,0.00 mm,testPoint,TargetP3D,blackCenter2,PointGreen,PointRed,PointGreen,testPoint,30.0,0,1,0,1,-69.369,142.634,-163.0120239,164.1272896252117,171.42600569603022,187.1891430154596,174.24747944556717,0,6.0,10.0,D:\CodingHHW\Biplane\experiment\transform_snapshots\20260323_170613_243586,LinearTransform,D:\CodingHHW\Biplane\experiment\transform_snapshots\20260323_170613_243586\20260323_170613_243586_1_LinearTransform.h5,1,LinearTransform_1,D:\CodingHHW\Biplane\experiment\transform_snapshots\20260323_170613_243586\20260323_170613_243586_2_LinearTransform_1.h5,1,LinearTransform_2,D:\CodingHHW\Biplane\experiment\transform_snapshots\20260323_170613_243586\20260323_170613_243586_3_LinearTransform_2.h5,1,3,1,0.04089859649118214,0.040898596492782394,1.600254651012989e-12,0,0,0.07024200767308864,0.07024200767311276,2.4119595209981526e-14,0,0,0.08025266844694987,0.08025266844709385,1.43982048506075e-13,0,0,0.03767363964520562,1,0,0,0,30.0,0.06324024396606565,1,1,0,0,30.0,0.0799222747160014,0,1,0,0,30.0,NA,NA,NA,NA,NA,NA,NA,NA,NA,NA,NA,NA,NA,NA,NA,NA,NA,NA,460.588,468.873,462.397,9.64,564.413,62.431,35.071,3.021,3.01,2.462,0.595,0.54
2026-03-23T17:07:41+08:00,20260323_170741_083279,D:\CodingHHW\Biplane\experiment\experiment_results.csv,Panoramix-cropped,perspective,Current mode: Perspective,1,1,0,1,1,1,17.0,22.14,14.7,0.78,0.14,0.0,0.78 mm,0.14 px,0.00 mm,testPoint,TargetP3D,blackCenter2,PointGreen,PointRed,PointGreen,testPoint,30.0,0,1,0,1,-69.369,142.634,-163.0120239,164.1272896252117,171.42600569603022,187.1891430154596,174.24747944556717,0,6.0,10.0,D:\CodingHHW\Biplane\experiment\transform_snapshots\20260323_170741_083279,LinearTransform,D:\CodingHHW\Biplane\experiment\transform_snapshots\20260323_170741_083279\20260323_170741_083279_1_LinearTransform.h5,1,LinearTransform_1,D:\CodingHHW\Biplane\experiment\transform_snapshots\20260323_170741_083279\20260323_170741_083279_2_LinearTransform_1.h5,1,LinearTransform_2,D:\CodingHHW\Biplane\experiment\transform_snapshots\20260323_170741_083279\20260323_170741_083279_3_LinearTransform_2.h5,1,3,1,0.04572302625422773,0.045723026254982514,7.547851232914127e-13,0,0,0.06964023103924563,0.06964023104010711,8.614775559578902e-13,1,1,0.04818527912269396,0.048185279122829085,1.3512801988468937e-13,0,0,0.04325012296247707,1,1,0,0,30.0,0.06764190415843095,1,1,0,0,30.0,0.0473967849246012,0,1,0,0,30.0,NA,NA,NA,NA,NA,NA,NA,NA,NA,NA,NA,NA,NA,NA,NA,NA,NA,NA,433.656,433.714,403.426,9.76,560.73,62.225,33.821,3.021,3.072,2.079,0.805,0.512
2026-03-23T17:08:12+08:00,20260323_170812_180315,D:\CodingHHW\Biplane\experiment\experiment_results.csv,Panoramix-cropped,perspective,Current mode: Perspective,1,1,0,1,1,1,17.0,22.14,14.7,0.18,0.2,0.0,0.18 mm,0.20 px,0.00 mm,testPoint,TargetP3D,blackCenter2,PointGreen,PointRed,PointGreen,testPoint,30.0,0,1,0,1,-69.369,142.634,-163.0120239,164.1272896252117,171.42600569603022,187.1891430154596,174.24747944556717,0,6.0,10.0,D:\CodingHHW\Biplane\experiment\transform_snapshots\20260323_170812_180315,LinearTransform,D:\CodingHHW\Biplane\experiment\transform_snapshots\20260323_170812_180315\20260323_170812_180315_1_LinearTransform.h5,1,LinearTransform_1,D:\CodingHHW\Biplane\experiment\transform_snapshots\20260323_170812_180315\20260323_170812_180315_2_LinearTransform_1.h5,1,LinearTransform_2,D:\CodingHHW\Biplane\experiment\transform_snapshots\20260323_170812_180315\20260323_170812_180315_3_LinearTransform_2.h5,1,3,1,0.03781883997731941,0.03781883997737322,5.380418333089665e-14,1,1,0.05168588538324782,0.05168588538328845,4.062722380737682e-14,0,0,0.06601719814422063,0.06601719814429677,7.613354391367011e-14,1,1,0.03606607262689728,0,0,0,0,30.0,0.0491688557070994,0,0,0,0,30.0,0.06468999703890167,0,1,0,0,30.0,NA,NA,NA,NA,NA,NA,NA,NA,NA,NA,NA,NA,NA,NA,NA,NA,NA,NA,481.893,468.444,414.853,9.9,553.578,61.335,34.449,3.021,3.284,2.634,0.577,0.531
2026-03-23T17:08:56+08:00,20260323_170856_608986,D:\CodingHHW\Biplane\experiment\experiment_results.csv,Panoramix-cropped,orthographic,Current mode: Orthographic,1,0,1,1,1,1,17.0,22.14,14.7,0.62,0.09,0.0,0.62 mm,0.09 px,0.00 mm,testPoint,TargetP3D,blackCenter2,PointGreen,PointRed,PointGreen,testPoint,30.0,1,1,0,1,-69.369,142.634,-163.0120239,164.1272896252117,171.42600569603022,187.1891430154596,174.24747944556717,0,6.0,10.0,D:\CodingHHW\Biplane\experiment\transform_snapshots\20260323_170856_608986,LinearTransform,D:\CodingHHW\Biplane\experiment\transform_snapshots\20260323_170856_608986\20260323_170856_608986_1_LinearTransform.h5,1,LinearTransform_1,D:\CodingHHW\Biplane\experiment\transform_snapshots\20260323_170856_608986\20260323_170856_608986_2_LinearTransform_1.h5,1,LinearTransform_2,D:\CodingHHW\Biplane\experiment\transform_snapshots\20260323_170856_608986\20260323_170856_608986_3_LinearTransform_2.h5,1,3,1,1.8438140960560938,1.843814096056103,9.103828801926284e-15,1,1,2.0535661749713485,2.0535661749713494,8.881784197001252e-16,1,1,1.8639492963451643,1.8639492963452513,8.704148513061227e-14,1,1,NA,NA,NA,NA,NA,NA,NA,NA,NA,NA,NA,NA,NA,NA,NA,NA,NA,NA,0.045699502265443386,0,1,0,0,30.0,0.03399301508414427,1,1,0,0,30.0,0.04998192964439385,0,1,0,0,30.0,724.085,600.149,500.432,9.687,527.711,30.647,34.449,3.196,3.245,1.991,0.523,0.544
2026-03-23T17:09:23+08:00,20260323_170923_220458,D:\CodingHHW\Biplane\experiment\experiment_results.csv,Panoramix-cropped,orthographic,Current mode: Orthographic,1,0,1,1,1,1,17.0,22.14,14.7,0.34,0.15,0.0,0.34 mm,0.15 px,0.00 mm,testPoint,TargetP3D,blackCenter2,PointGreen,PointRed,PointGreen,testPoint,30.0,1,1,0,1,-69.369,142.634,-163.0120239,164.1272896252117,171.42600569603022,187.1891430154596,174.24747944556717,0,6.0,10.0,D:\CodingHHW\Biplane\experiment\transform_snapshots\20260323_170923_220458,LinearTransform,D:\CodingHHW\Biplane\experiment\transform_snapshots\20260323_170923_220458\20260323_170923_220458_1_LinearTransform.h5,1,LinearTransform_1,D:\CodingHHW\Biplane\experiment\transform_snapshots\20260323_170923_220458\20260323_170923_220458_2_LinearTransform_1.h5,1,LinearTransform_2,D:\CodingHHW\Biplane\experiment\transform_snapshots\20260323_170923_220458\20260323_170923_220458_3_LinearTransform_2.h5,1,3,1,1.6856750130307478,1.6856750130308142,6.639133687258436e-14,0,0,1.6569723034392279,1.65697230343929,6.217248937900877e-14,1,1,1.692492318062257,1.6924923180625282,2.7111646261346323e-13,0,0,NA,NA,NA,NA,NA,NA,NA,NA,NA,NA,NA,NA,NA,NA,NA,NA,NA,NA,0.048767534569334824,1,0,0,0,30.0,0.04641773674649067,1,1,0,0,30.0,0.05028325565049041,1,1,0,0,30.0,538.288,549.835,486.618,10.186,531.281,30.39,34.449,3.035,3.089,2.11,0.669,0.563
2026-03-23T17:09:49+08:00,20260323_170949_116139,D:\CodingHHW\Biplane\experiment\experiment_results.csv,Panoramix-cropped,orthographic,Current mode: Orthographic,1,0,1,1,1,1,17.0,22.14,14.7,0.18,0.12,0.0,0.18 mm,0.12 px,0.00 mm,testPoint,TargetP3D,blackCenter2,PointGreen,PointRed,PointGreen,testPoint,30.0,1,1,0,1,-69.369,142.634,-163.0120239,164.1272896252117,171.42600569603022,187.1891430154596,174.24747944556717,0,6.0,10.0,D:\CodingHHW\Biplane\experiment\transform_snapshots\20260323_170949_116139,LinearTransform,D:\CodingHHW\Biplane\experiment\transform_snapshots\20260323_170949_116139\20260323_170949_116139_1_LinearTransform.h5,1,LinearTransform_1,D:\CodingHHW\Biplane\experiment\transform_snapshots\20260323_170949_116139\20260323_170949_116139_2_LinearTransform_1.h5,1,LinearTransform_2,D:\CodingHHW\Biplane\experiment\transform_snapshots\20260323_170949_116139\20260323_170949_116139_3_LinearTransform_2.h5,1,3,1,1.7012239195442793,1.701223919544285,5.773159728050814e-15,0,0,1.8005429764093417,1.800542976409376,3.441691376337985e-14,0,0,1.8573283411704324,1.8573283411705106,7.815970093361102e-14,0,0,NA,NA,NA,NA,NA,NA,NA,NA,NA,NA,NA,NA,NA,NA,NA,NA,NA,NA,0.06032034484962881,1,0,0,0,30.0,0.04430300520607405,0,0,0,0,30.0,0.05768195021695355,1,1,0,0,30.0,557.68,541.515,509.353,9.773,526.056,29.903,34.449,2.92,3.243,2.355,0.554,0.505
2026-03-23T17:10:36+08:00,20260323_171036_798320,D:\CodingHHW\Biplane\experiment\experiment_results.csv,Panoramix-cropped,orthographic,Current mode: Orthographic,1,0,1,1,1,1,17.0,22.14,14.7,0.07,0.08,0.0,0.07 mm,0.08 px,0.00 mm,testPoint,TargetP3D,blackCenter2,PointGreen,PointRed,PointGreen,testPoint,30.0,1,1,0,1,-69.369,142.634,-163.0120239,164.1272896252117,171.42600569603022,187.1891430154596,174.24747944556717,0,6.0,10.0,D:\CodingHHW\Biplane\experiment\transform_snapshots\20260323_171036_798320,LinearTransform,D:\CodingHHW\Biplane\experiment\transform_snapshots\20260323_171036_798320\20260323_171036_798320_1_LinearTransform.h5,1,LinearTransform_1,D:\CodingHHW\Biplane\experiment\transform_snapshots\20260323_171036_798320\20260323_171036_798320_2_LinearTransform_1.h5,1,LinearTransform_2,D:\CodingHHW\Biplane\experiment\transform_snapshots\20260323_171036_798320\20260323_171036_798320_3_LinearTransform_2.h5,1,3,1,1.6232883005710605,1.6232883005710719,1.1324274851176597e-14,0,0,1.643561722544903,1.6435617225449048,1.7763568394002505e-15,1,1,1.7899982581199365,1.7899982581200231,8.659739592076221e-14,1,0,NA,NA,NA,NA,NA,NA,NA,NA,NA,NA,NA,NA,NA,NA,NA,NA,NA,NA,0.024413043150348288,1,0,0,0,30.0,0.06130675946078885,1,0,0,0,30.0,0.0438022066676232,1,0,0,0,30.0,558.806,551.079,478.164,9.926,521.445,30.646,34.449,2.715,3.341,2.121,0.624,0.53
2026-03-23T17:11:16+08:00,20260323_171116_552696,D:\CodingHHW\Biplane\experiment\experiment_results.csv,Panoramix-cropped,orthographic,Current mode: Orthographic,1,0,1,1,1,1,17.0,22.14,14.7,0.5,0.35,0.0,0.50 mm,0.35 px,0.00 mm,testPoint,TargetP3D,blackCenter2,PointGreen,PointRed,PointGreen,testPoint,30.0,1,1,0,1,-69.369,142.634,-163.0120239,164.1272896252117,171.42600569603022,187.1891430154596,174.24747944556717,0,6.0,10.0,D:\CodingHHW\Biplane\experiment\transform_snapshots\20260323_171116_552696,LinearTransform,D:\CodingHHW\Biplane\experiment\transform_snapshots\20260323_171116_552696\20260323_171116_552696_1_LinearTransform.h5,1,LinearTransform_1,D:\CodingHHW\Biplane\experiment\transform_snapshots\20260323_171116_552696\20260323_171116_552696_2_LinearTransform_1.h5,1,LinearTransform_2,D:\CodingHHW\Biplane\experiment\transform_snapshots\20260323_171116_552696\20260323_171116_552696_3_LinearTransform_2.h5,1,3,1,1.8091105033800312,1.809110503380191,1.5987211554602254e-13,1,1,1.7212821947338093,1.7212821947343686,5.593303598061539e-13,0,0,1.7482811958410105,1.7482811958410414,3.086420008457935e-14,0,0,NA,NA,NA,NA,NA,NA,NA,NA,NA,NA,NA,NA,NA,NA,NA,NA,NA,NA,0.03554976017333713,0,0,0,0,30.0,0.07463133545955179,1,0,0,0,30.0,0.04734602176053942,0,1,0,0,30.0,536.663,560.576,488.478,10.19,524.194,30.011,34.449,3.09,3.273,2.733,0.595,0.491
2026-03-23T17:11:43+08:00,20260323_171143_534621,D:\CodingHHW\Biplane\experiment\experiment_results.csv,Panoramix-cropped,orthographic,Current mode: Orthographic,1,0,1,1,1,1,17.0,22.14,14.7,0.16,0.04,0.0,0.16 mm,0.04 px,0.00 mm,testPoint,TargetP3D,blackCenter2,PointGreen,PointRed,PointGreen,testPoint,30.0,1,1,0,1,-69.369,142.634,-163.0120239,164.1272896252117,171.42600569603022,187.1891430154596,174.24747944556717,0,6.0,10.0,D:\CodingHHW\Biplane\experiment\transform_snapshots\20260323_171143_534621,LinearTransform,D:\CodingHHW\Biplane\experiment\transform_snapshots\20260323_171143_534621\20260323_171143_534621_1_LinearTransform.h5,1,LinearTransform_1,D:\CodingHHW\Biplane\experiment\transform_snapshots\20260323_171143_534621\20260323_171143_534621_2_LinearTransform_1.h5,1,LinearTransform_2,D:\CodingHHW\Biplane\experiment\transform_snapshots\20260323_171143_534621\20260323_171143_534621_3_LinearTransform_2.h5,1,3,1,1.6849365740964775,1.6849365740965834,1.0591527654923993e-13,1,1,1.6495136291055696,1.6495136291056405,7.083222897108499e-14,1,1,1.8219048021098114,1.8219048021098134,1.9984014443252818e-15,1,1,NA,NA,NA,NA,NA,NA,NA,NA,NA,NA,NA,NA,NA,NA,NA,NA,NA,NA,0.032817770860281106,0,0,0,0,30.0,0.06321934111280562,0,1,0,0,30.0,0.04476073084043643,0,0,0,0,30.0,551.271,528.317,485.757,10.691,523.587,29.843,34.449,2.711,2.971,2.503,0.715,0.558
2026-03-23T17:12:08+08:00,20260323_171208_799689,D:\CodingHHW\Biplane\experiment\experiment_results.csv,Panoramix-cropped,orthographic,Current mode: Orthographic,1,0,1,1,1,1,17.0,22.14,14.7,0.45,0.26,0.0,0.45 mm,0.26 px,0.00 mm,testPoint,TargetP3D,blackCenter2,PointGreen,PointRed,PointGreen,testPoint,30.0,1,1,0,1,-69.369,142.634,-163.0120239,164.1272896252117,171.42600569603022,187.1891430154596,174.24747944556717,0,6.0,10.0,D:\CodingHHW\Biplane\experiment\transform_snapshots\20260323_171208_799689,LinearTransform,D:\CodingHHW\Biplane\experiment\transform_snapshots\20260323_171208_799689\20260323_171208_799689_1_LinearTransform.h5,1,LinearTransform_1,D:\CodingHHW\Biplane\experiment\transform_snapshots\20260323_171208_799689\20260323_171208_799689_2_LinearTransform_1.h5,1,LinearTransform_2,D:\CodingHHW\Biplane\experiment\transform_snapshots\20260323_171208_799689\20260323_171208_799689_3_LinearTransform_2.h5,1,3,1,1.6927653201096375,1.6927653201099337,2.9620750296999176e-13,1,1,1.6906864756632414,1.6906864756632507,9.325873406851315e-15,1,1,1.9140923199316762,1.9140923199317208,4.463096558993129e-14,1,1,NA,NA,NA,NA,NA,NA,NA,NA,NA,NA,NA,NA,NA,NA,NA,NA,NA,NA,0.024413043150349555,1,0,0,0,30.0,0.06616144481607128,0,1,0,0,30.0,0.05330690418012441,0,1,0,0,30.0,569.304,544.489,454.624,9.858,523.536,30.639,34.449,3.272,3.165,2.273,0.59,0.57
2026-03-23T17:12:30+08:00,20260323_171230_472729,D:\CodingHHW\Biplane\experiment\experiment_results.csv,Panoramix-cropped,orthographic,Current mode: Orthographic,1,0,1,1,1,1,17.0,22.14,14.7,0.87,0.14,0.0,0.87 mm,0.14 px,0.00 mm,testPoint,TargetP3D,blackCenter2,PointGreen,PointRed,PointGreen,testPoint,30.0,1,1,0,1,-69.369,142.634,-163.0120239,164.1272896252117,171.42600569603022,187.1891430154596,174.24747944556717,0,6.0,10.0,D:\CodingHHW\Biplane\experiment\transform_snapshots\20260323_171230_472729,LinearTransform,D:\CodingHHW\Biplane\experiment\transform_snapshots\20260323_171230_472729\20260323_171230_472729_1_LinearTransform.h5,1,LinearTransform_1,D:\CodingHHW\Biplane\experiment\transform_snapshots\20260323_171230_472729\20260323_171230_472729_2_LinearTransform_1.h5,1,LinearTransform_2,D:\CodingHHW\Biplane\experiment\transform_snapshots\20260323_171230_472729\20260323_171230_472729_3_LinearTransform_2.h5,1,3,1,1.7085509836452648,1.708550983646462,1.1972645097557688e-12,0,0,1.6866277744307043,1.68662777443072,1.5765166949677223e-14,0,0,1.6660380663955763,1.6660380663957655,1.8918200339612667e-13,1,1,NA,NA,NA,NA,NA,NA,NA,NA,NA,NA,NA,NA,NA,NA,NA,NA,NA,NA,0.03963826366471841,1,1,0,0,30.0,0.07090112743666614,1,1,0,0,30.0,0.03756194747689074,0,1,0,0,30.0,575.534,560.062,492.61,10.176,529.268,30.743,34.449,2.98,3.112,2.272,0.533,0.635
2026-03-23T18:30:10+08:00,20260323_183010_775530,D:\CodingHHW\Biplane\experiment\experiment_results.csv,Panoramix-cropped,perspective,Current mode: Perspective,1,1,0,1,1,1,35.41,57.49,56.59,0.55,0.16,0.0,0.55 mm,0.16 px,0.00 mm,testPoint,TargetP3D,blackCenter2,PointGreen,PointRed,PointGreen,testPoint,30.0,0,1,0,1,-45.19293212890625,127.30086517333984,-301.14971923828125,137.12252294770335,163.6520365772566,142.5239512441792,147.76617025637972,0,6.0,10.0,D:\CodingHHW\Biplane\experiment\transform_snapshots\20260323_183010_775530,LinearTransform,D:\CodingHHW\Biplane\experiment\transform_snapshots\20260323_183010_775530\20260323_183010_775530_1_LinearTransform.h5,1,LinearTransform_1,D:\CodingHHW\Biplane\experiment\transform_snapshots\20260323_183010_775530\20260323_183010_775530_2_LinearTransform_1.h5,1,LinearTransform_2,D:\CodingHHW\Biplane\experiment\transform_snapshots\20260323_183010_775530\20260323_183010_775530_3_LinearTransform_2.h5,1,3,1,0.0551957516969886,0.05519575169708617,9.756778718283954e-14,0,0,0.05674943980580715,0.05674943980581327,6.1201044232461754e-15,0,0,0.055160216798896926,0.05516021679906875,1.718208908485508e-13,1,1,0.051896427208439455,0,1,0,0,30.0,0.05110642565714036,1,0,0,0,30.0,0.05329770465653414,1,0,0,0,30.0,NA,NA,NA,NA,NA,NA,NA,NA,NA,NA,NA,NA,NA,NA,NA,NA,NA,NA,502.319,563.836,475.055,126.223,559.185,69.647,34.717,NA,17.66,66.865,0.464,0.444
2026-03-23T18:30:51+08:00,20260323_183051_740682,D:\CodingHHW\Biplane\experiment\experiment_results.csv,Panoramix-cropped,perspective,Current mode: Perspective,1,1,0,1,1,1,35.41,57.49,56.59,0.1,0.01,0.0,0.10 mm,0.01 px,0.00 mm,testPoint,TargetP3D,blackCenter2,PointGreen,PointRed,PointGreen,testPoint,30.0,0,1,0,1,-45.19293212890625,127.30086517333984,-301.14971923828125,137.12252294770335,163.6520365772566,142.5239512441792,147.76617025637972,0,6.0,10.0,D:\CodingHHW\Biplane\experiment\transform_snapshots\20260323_183051_740682,LinearTransform,D:\CodingHHW\Biplane\experiment\transform_snapshots\20260323_183051_740682\20260323_183051_740682_1_LinearTransform.h5,1,LinearTransform_1,D:\CodingHHW\Biplane\experiment\transform_snapshots\20260323_183051_740682\20260323_183051_740682_2_LinearTransform_1.h5,1,LinearTransform_2,D:\CodingHHW\Biplane\experiment\transform_snapshots\20260323_183051_740682\20260323_183051_740682_3_LinearTransform_2.h5,1,3,1,0.031945704508540784,0.03194570450860187,6.108308303609533e-14,1,1,0.06338249804700015,0.06338249804702724,2.708944180085382e-14,1,1,0.07299653654274724,0.07299653654323562,4.883871085326064e-13,0,0,0.02958901632477395,1,0,0,0,30.0,0.06204044909187201,1,1,0,0,30.0,0.06518562870790681,1,1,0,0,30.0,NA,NA,NA,NA,NA,NA,NA,NA,NA,NA,NA,NA,NA,NA,NA,NA,NA,NA,501.54,453.93,419.981,11.166,554.879,60.564,32.054,NA,2.758,3.904,0.486,0.496
2026-03-23T18:31:29+08:00,20260323_183129_602829,D:\CodingHHW\Biplane\experiment\experiment_results.csv,Panoramix-cropped,perspective,Current mode: Perspective,1,1,0,1,1,1,35.41,57.49,56.59,0.12,0.03,0.0,0.12 mm,0.03 px,0.00 mm,testPoint,TargetP3D,blackCenter2,PointGreen,PointRed,PointGreen,testPoint,30.0,0,1,0,1,-45.19293212890625,127.30086517333984,-301.14971923828125,137.12252294770335,163.6520365772566,142.5239512441792,147.76617025637972,0,6.0,10.0,D:\CodingHHW\Biplane\experiment\transform_snapshots\20260323_183129_602829,LinearTransform,D:\CodingHHW\Biplane\experiment\transform_snapshots\20260323_183129_602829\20260323_183129_602829_1_LinearTransform.h5,1,LinearTransform_1,D:\CodingHHW\Biplane\experiment\transform_snapshots\20260323_183129_602829\20260323_183129_602829_2_LinearTransform_1.h5,1,LinearTransform_2,D:\CodingHHW\Biplane\experiment\transform_snapshots\20260323_183129_602829\20260323_183129_602829_3_LinearTransform_2.h5,1,3,1,0.05224593663679887,0.05224593663680347,4.6004866582904924e-15,1,1,0.0532974080295762,0.053297408029645464,6.926403894880195e-14,1,1,0.07484800487255142,0.07484800487432208,1.7706669463990465e-12,0,0,0.05223426877758574,0,0,0,0,30.0,0.04823097326905531,1,1,0,0,30.0,0.07362394895347273,1,0,0,0,30.0,NA,NA,NA,NA,NA,NA,NA,NA,NA,NA,NA,NA,NA,NA,NA,NA,NA,NA,483.123,446.507,396.582,11.369,557.126,62.337,33.68,NA,2.693,1.752,0.432,0.416
2026-03-23T18:33:53+08:00,20260323_183353_713257,D:\CodingHHW\Biplane\experiment\experiment_results.csv,Panoramix-cropped,perspective,Current mode: Perspective,1,1,0,1,1,1,35.41,57.49,56.59,0.67,0.42,0.0,0.67 mm,0.42 px,0.00 mm,testPoint,TargetP3D,blackCenter2,PointGreen,PointRed,PointGreen,testPoint,30.0,0,1,0,1,-45.19293212890625,127.30086517333984,-301.14971923828125,137.12252294770335,163.6520365772566,142.5239512441792,147.76617025637972,0,6.0,10.0,D:\CodingHHW\Biplane\experiment\transform_snapshots\20260323_183353_713257,LinearTransform,D:\CodingHHW\Biplane\experiment\transform_snapshots\20260323_183353_713257\20260323_183353_713257_1_LinearTransform.h5,1,LinearTransform_1,D:\CodingHHW\Biplane\experiment\transform_snapshots\20260323_183353_713257\20260323_183353_713257_2_LinearTransform_1.h5,1,LinearTransform_2,D:\CodingHHW\Biplane\experiment\transform_snapshots\20260323_183353_713257\20260323_183353_713257_3_LinearTransform_2.h5,1,3,1,0.06175025151015875,0.06175025151021999,6.12426775958852e-14,0,0,0.06904555473214723,0.06904555473220687,5.964673199798654e-14,1,1,0.05681114202782324,0.05681114202785935,3.6110003875933216e-14,0,0,0.05787324020169685,1,1,0,0,30.0,0.06606015501944315,0,0,0,0,30.0,0.050652024927785075,1,0,0,0,30.0,NA,NA,NA,NA,NA,NA,NA,NA,NA,NA,NA,NA,NA,NA,NA,NA,NA,NA,435.33,478.245,379.61,9.73,556.26,60.313,33.285,NA,1.691,2.248,0.512,0.415
2026-03-23T18:34:23+08:00,20260323_183423_655759,D:\CodingHHW\Biplane\experiment\experiment_results.csv,Panoramix-cropped,perspective,Current mode: Perspective,1,1,0,1,1,1,35.41,57.49,56.59,0.09,0.08,0.0,0.09 mm,0.08 px,0.00 mm,testPoint,TargetP3D,blackCenter2,PointGreen,PointRed,PointGreen,testPoint,30.0,0,1,0,1,-45.19293212890625,127.30086517333984,-301.14971923828125,137.12252294770335,163.6520365772566,142.5239512441792,147.76617025637972,0,6.0,10.0,D:\CodingHHW\Biplane\experiment\transform_snapshots\20260323_183423_655759,LinearTransform,D:\CodingHHW\Biplane\experiment\transform_snapshots\20260323_183423_655759\20260323_183423_655759_1_LinearTransform.h5,1,LinearTransform_1,D:\CodingHHW\Biplane\experiment\transform_snapshots\20260323_183423_655759\20260323_183423_655759_2_LinearTransform_1.h5,1,LinearTransform_2,D:\CodingHHW\Biplane\experiment\transform_snapshots\20260323_183423_655759\20260323_183423_655759_3_LinearTransform_2.h5,1,3,1,0.06627126733827925,0.06627126733831919,3.9940273310890007e-14,0,0,0.08033976061649452,0.0803397606165063,1.1782241848834474e-14,1,1,0.0665014123887849,0.06650141238881975,3.48471251854221e-14,0,0,0.06191335942107896,1,0,0,0,30.0,0.07798326514436839,0,1,0,0,30.0,0.06592917620432413,0,0,0,0,30.0,NA,NA,NA,NA,NA,NA,NA,NA,NA,NA,NA,NA,NA,NA,NA,NA,NA,NA,431.843,441.784,400.319,9.696,551.793,59.088,31.741,NA,2.591,1.77,0.425,0.44
2026-03-23T18:35:44+08:00,20260323_183544_404381,D:\CodingHHW\Biplane\experiment\experiment_results.csv,Panoramix-cropped,perspective,Current mode: Perspective,1,1,0,1,1,1,35.41,57.49,56.59,0.19,0.31,0.0,0.19 mm,0.31 px,0.00 mm,testPoint,TargetP3D,blackCenter2,PointGreen,PointRed,PointGreen,testPoint,30.0,0,1,0,1,-45.19293212890625,127.30086517333984,-301.14971923828125,137.12252294770335,163.6520365772566,142.5239512441792,147.76617025637972,0,6.0,10.0,D:\CodingHHW\Biplane\experiment\transform_snapshots\20260323_183544_404381,LinearTransform,D:\CodingHHW\Biplane\experiment\transform_snapshots\20260323_183544_404381\20260323_183544_404381_1_LinearTransform.h5,1,LinearTransform_1,D:\CodingHHW\Biplane\experiment\transform_snapshots\20260323_183544_404381\20260323_183544_404381_2_LinearTransform_1.h5,1,LinearTransform_2,D:\CodingHHW\Biplane\experiment\transform_snapshots\20260323_183544_404381\20260323_183544_404381_3_LinearTransform_2.h5,1,3,1,0.03859921928738931,0.038599219296437476,9.04816499502914e-12,1,1,0.051506654533617025,0.05150665453365553,3.850392227278121e-14,1,1,0.07458825640577313,0.0745882564068397,1.06657738196958e-12,1,1,0.03487603993737024,1,1,0,0,30.0,0.04575537002420661,0,1,0,0,30.0,0.05787355207663615,1,0,0,0,30.0,NA,NA,NA,NA,NA,NA,NA,NA,NA,NA,NA,NA,NA,NA,NA,NA,NA,NA,439.116,471.467,407.154,9.446,551.445,59.91,32.357,NA,2.606,1.92,0.451,0.638
2026-03-23T18:37:00+08:00,20260323_183700_171001,D:\CodingHHW\Biplane\experiment\experiment_results.csv,Panoramix-cropped,orthographic,Current mode: Orthographic,1,0,1,1,1,1,35.41,57.49,56.59,0.14,0.26,0.0,0.14 mm,0.26 px,0.00 mm,testPoint,TargetP3D,blackCenter2,PointGreen,PointRed,PointGreen,testPoint,30.0,1,1,0,1,-45.19293212890625,127.30086517333984,-301.14971923828125,137.12252294770335,163.6520365772566,142.5239512441792,147.76617025637972,0,6.0,10.0,D:\CodingHHW\Biplane\experiment\transform_snapshots\20260323_183700_171001,LinearTransform,D:\CodingHHW\Biplane\experiment\transform_snapshots\20260323_183700_171001\20260323_183700_171001_1_LinearTransform.h5,1,LinearTransform_1,D:\CodingHHW\Biplane\experiment\transform_snapshots\20260323_183700_171001\20260323_183700_171001_2_LinearTransform_1.h5,1,LinearTransform_2,D:\CodingHHW\Biplane\experiment\transform_snapshots\20260323_183700_171001\20260323_183700_171001_3_LinearTransform_2.h5,1,3,1,1.5735875336253293,1.5735875336253642,3.4861002973229915e-14,0,0,1.768563632829974,1.7685636328300351,6.106226635438361e-14,1,1,1.4894304642795075,1.4894304642795357,2.8199664825478976e-14,1,1,NA,NA,NA,NA,NA,NA,NA,NA,NA,NA,NA,NA,NA,NA,NA,NA,NA,NA,0.04951494007750587,1,0,0,0,30.0,0.04901775489929321,1,1,0,0,30.0,0.05041558033562936,1,0,0,0,30.0,514.286,497.543,401.195,10.154,519.215,28.88,33.725,2.632,2.852,1.758,0.479,0.426
2026-03-23T18:37:29+08:00,20260323_183729_024568,D:\CodingHHW\Biplane\experiment\experiment_results.csv,Panoramix-cropped,orthographic,Current mode: Orthographic,1,0,1,1,1,1,35.41,57.49,56.59,0.16,0.12,0.0,0.16 mm,0.12 px,0.00 mm,testPoint,TargetP3D,blackCenter2,PointGreen,PointRed,PointGreen,testPoint,30.0,1,1,0,1,-45.19293212890625,127.30086517333984,-301.14971923828125,137.12252294770335,163.6520365772566,142.5239512441792,147.76617025637972,0,6.0,10.0,D:\CodingHHW\Biplane\experiment\transform_snapshots\20260323_183729_024568,LinearTransform,D:\CodingHHW\Biplane\experiment\transform_snapshots\20260323_183729_024568\20260323_183729_024568_1_LinearTransform.h5,1,LinearTransform_1,D:\CodingHHW\Biplane\experiment\transform_snapshots\20260323_183729_024568\20260323_183729_024568_2_LinearTransform_1.h5,1,LinearTransform_2,D:\CodingHHW\Biplane\experiment\transform_snapshots\20260323_183729_024568\20260323_183729_024568_3_LinearTransform_2.h5,1,3,1,1.6051934529213763,1.6051934529214342,5.795364188543317e-14,1,1,1.8126681480013263,1.812668148001327,6.661338147750939e-16,0,0,1.5074764183164384,1.5074764183164486,1.021405182655144e-14,1,1,NA,NA,NA,NA,NA,NA,NA,NA,NA,NA,NA,NA,NA,NA,NA,NA,NA,NA,0.05197842166977764,0,0,0,0,30.0,0.04950425190170894,1,1,0,0,30.0,0.03787167918912082,1,0,0,0,30.0,534.791,474.126,387.667,9.598,521.108,29.764,33.725,3.167,2.51,1.693,0.452,0.453
2026-03-23T18:37:56+08:00,20260323_183756_312341,D:\CodingHHW\Biplane\experiment\experiment_results.csv,Panoramix-cropped,orthographic,Current mode: Orthographic,1,0,1,1,1,1,35.41,57.49,56.59,0.25,0.12,0.0,0.25 mm,0.12 px,0.00 mm,testPoint,TargetP3D,blackCenter2,PointGreen,PointRed,PointGreen,testPoint,30.0,1,1,0,1,-45.19293212890625,127.30086517333984,-301.14971923828125,137.12252294770335,163.6520365772566,142.5239512441792,147.76617025637972,0,6.0,10.0,D:\CodingHHW\Biplane\experiment\transform_snapshots\20260323_183756_312341,LinearTransform,D:\CodingHHW\Biplane\experiment\transform_snapshots\20260323_183756_312341\20260323_183756_312341_1_LinearTransform.h5,1,LinearTransform_1,D:\CodingHHW\Biplane\experiment\transform_snapshots\20260323_183756_312341\20260323_183756_312341_2_LinearTransform_1.h5,1,LinearTransform_2,D:\CodingHHW\Biplane\experiment\transform_snapshots\20260323_183756_312341\20260323_183756_312341_3_LinearTransform_2.h5,1,3,1,1.6810517564293845,1.6810517564294083,2.375877272697835e-14,1,1,1.6891787891770336,1.6891787891770715,3.7969627442180354e-14,1,1,1.4996425989907523,1.4996425989908044,5.218048215738236e-14,0,0,NA,NA,NA,NA,NA,NA,NA,NA,NA,NA,NA,NA,NA,NA,NA,NA,NA,NA,0.05007858222762266,0,1,0,0,30.0,0.05421292680006559,1,1,0,0,30.0,0.02491664718250883,0,1,0,0,30.0,513.223,473.245,437.712,9.553,523.456,29.191,33.725,2.987,2.429,1.902,0.412,0.414
2026-03-23T18:38:31+08:00,20260323_183831_101544,D:\CodingHHW\Biplane\experiment\experiment_results.csv,Panoramix-cropped,orthographic,Current mode: Orthographic,1,0,1,1,1,1,35.41,57.49,56.59,0.1,0.13,0.0,0.10 mm,0.13 px,0.00 mm,testPoint,TargetP3D,blackCenter2,PointGreen,PointRed,PointGreen,testPoint,30.0,1,1,0,1,-45.19293212890625,127.30086517333984,-301.14971923828125,137.12252294770335,163.6520365772566,142.5239512441792,147.76617025637972,0,6.0,10.0,D:\CodingHHW\Biplane\experiment\transform_snapshots\20260323_183831_101544,LinearTransform,D:\CodingHHW\Biplane\experiment\transform_snapshots\20260323_183831_101544\20260323_183831_101544_1_LinearTransform.h5,1,LinearTransform_1,D:\CodingHHW\Biplane\experiment\transform_snapshots\20260323_183831_101544\20260323_183831_101544_2_LinearTransform_1.h5,1,LinearTransform_2,D:\CodingHHW\Biplane\experiment\transform_snapshots\20260323_183831_101544\20260323_183831_101544_3_LinearTransform_2.h5,1,3,1,1.7916539917996948,1.7916539917997307,3.597122599785507e-14,0,0,1.8354851888664614,1.8354851888665016,4.0190073491430667e-14,1,1,1.5659436392763273,1.5659436392763597,3.241851231905457e-14,1,1,NA,NA,NA,NA,NA,NA,NA,NA,NA,NA,NA,NA,NA,NA,NA,NA,NA,NA,0.058264934082203554,0,1,0,0,30.0,0.07692081655091502,0,1,0,0,30.0,0.038780567827335015,0,0,0,0,30.0,542.543,484.742,391.789,9.716,520.134,29.281,33.725,3.193,2.413,2.009,0.527,0.497
2026-03-23T18:39:06+08:00,20260323_183906_105157,D:\CodingHHW\Biplane\experiment\experiment_results.csv,Panoramix-cropped,orthographic,Current mode: Orthographic,1,0,1,1,1,1,35.41,57.49,56.59,0.2,0.2,0.0,0.20 mm,0.20 px,0.00 mm,testPoint,TargetP3D,blackCenter2,PointGreen,PointRed,PointGreen,testPoint,30.0,1,1,0,1,-45.19293212890625,127.30086517333984,-301.14971923828125,137.12252294770335,163.6520365772566,142.5239512441792,147.76617025637972,0,6.0,10.0,D:\CodingHHW\Biplane\experiment\transform_snapshots\20260323_183906_105157,LinearTransform,D:\CodingHHW\Biplane\experiment\transform_snapshots\20260323_183906_105157\20260323_183906_105157_1_LinearTransform.h5,1,LinearTransform_1,D:\CodingHHW\Biplane\experiment\transform_snapshots\20260323_183906_105157\20260323_183906_105157_2_LinearTransform_1.h5,1,LinearTransform_2,D:\CodingHHW\Biplane\experiment\transform_snapshots\20260323_183906_105157\20260323_183906_105157_3_LinearTransform_2.h5,1,3,1,1.5536500334547807,1.5536500334547858,5.10702591327572e-15,0,1,1.6759921195279674,1.6759921195279919,2.4424906541753444e-14,1,1,1.530079359174839,1.5300793591748654,2.6423307986078726e-14,0,0,NA,NA,NA,NA,NA,NA,NA,NA,NA,NA,NA,NA,NA,NA,NA,NA,NA,NA,0.062151289784453716,0,1,0,0,30.0,0.07805688440068712,1,0,0,0,30.0,0.043339347918786277,1,0,0,0,30.0,625.135,501.343,412.741,10.599,529.682,30.333,33.725,3.058,3.042,2.071,0.526,0.511
2026-03-23T18:39:33+08:00,20260323_183933_750417,D:\CodingHHW\Biplane\experiment\experiment_results.csv,Panoramix-cropped,orthographic,Current mode: Orthographic,1,0,1,1,1,1,35.41,57.49,56.59,0.17,0.45,0.0,0.17 mm,0.45 px,0.00 mm,testPoint,TargetP3D,blackCenter2,PointGreen,PointRed,PointGreen,testPoint,30.0,1,1,0,1,-45.19293212890625,127.30086517333984,-301.14971923828125,137.12252294770335,163.6520365772566,142.5239512441792,147.76617025637972,0,6.0,10.0,D:\CodingHHW\Biplane\experiment\transform_snapshots\20260323_183933_750417,LinearTransform,D:\CodingHHW\Biplane\experiment\transform_snapshots\20260323_183933_750417\20260323_183933_750417_1_LinearTransform.h5,1,LinearTransform_1,D:\CodingHHW\Biplane\experiment\transform_snapshots\20260323_183933_750417\20260323_183933_750417_2_LinearTransform_1.h5,1,LinearTransform_2,D:\CodingHHW\Biplane\experiment\transform_snapshots\20260323_183933_750417\20260323_183933_750417_3_LinearTransform_2.h5,1,3,1,1.603379561014621,1.6033795610146593,3.8191672047105385e-14,0,0,1.8180755798839727,1.8180755798840367,6.394884621840902e-14,1,1,1.5184885374761576,1.5184885374762829,1.2523315717771766e-13,0,0,NA,NA,NA,NA,NA,NA,NA,NA,NA,NA,NA,NA,NA,NA,NA,NA,NA,NA,0.03725479712921769,1,0,0,0,30.0,0.05109471695661969,0,0,0,0,30.0,0.07239357302849915,1,1,0,0,30.0,630.011,504.815,421.93,9.773,523.02,29.713,33.725,3.0,2.882,1.946,0.506,0.495
2026-03-23T18:40:28+08:00,20260323_184028_350247,D:\CodingHHW\Biplane\experiment\experiment_results.csv,Panoramix-cropped,orthographic,Current mode: Orthographic,1,0,1,1,1,1,35.41,57.49,56.59,0.15,0.04,0.0,0.15 mm,0.04 px,0.00 mm,testPoint,TargetP3D,blackCenter2,PointGreen,PointRed,PointGreen,testPoint,30.0,1,1,0,1,-45.19293212890625,127.30086517333984,-301.14971923828125,137.12252294770335,163.6520365772566,142.5239512441792,147.76617025637972,0,6.0,10.0,D:\CodingHHW\Biplane\experiment\transform_snapshots\20260323_184028_350247,LinearTransform,D:\CodingHHW\Biplane\experiment\transform_snapshots\20260323_184028_350247\20260323_184028_350247_1_LinearTransform.h5,1,LinearTransform_1,D:\CodingHHW\Biplane\experiment\transform_snapshots\20260323_184028_350247\20260323_184028_350247_2_LinearTransform_1.h5,1,LinearTransform_2,D:\CodingHHW\Biplane\experiment\transform_snapshots\20260323_184028_350247\20260323_184028_350247_3_LinearTransform_2.h5,1,3,1,1.5142248642356702,1.5142248642356746,4.440892098500626e-15,1,1,1.7434022118762311,1.743402211876248,1.687538997430238e-14,0,0,1.5209543811448007,1.5209543811448365,3.574918139293004e-14,0,0,NA,NA,NA,NA,NA,NA,NA,NA,NA,NA,NA,NA,NA,NA,NA,NA,NA,NA,0.05891793587271281,1,0,0,0,30.0,0.034252272067754025,1,0,0,0,30.0,0.032139165682917394,0,0,0,0,30.0,612.641,479.444,399.411,9.569,527.401,28.902,33.725,3.023,2.729,2.049,0.7,0.516
2026-03-23T18:43:55+08:00,20260323_184355_337482,D:\CodingHHW\Biplane\experiment\experiment_results.csv,Panoramix-cropped,orthographic,Current mode: Orthographic,1,0,1,1,1,1,86.82,81.34,85.85,0.06,0.1,0.0,0.06 mm,0.10 px,0.00 mm,testPoint,TargetP3D,blackCenter2,PointGreen,PointRed,PointGreen,testPoint,30.0,1,1,0,1,-45.193,127.301,-301.1497192,137.1224188632515,172.8975842347397,149.17187710347432,153.0639600671552,0,6.0,10.0,D:\CodingHHW\Biplane\experiment\transform_snapshots\20260323_184355_337482,LinearTransform,D:\CodingHHW\Biplane\experiment\transform_snapshots\20260323_184355_337482\20260323_184355_337482_1_LinearTransform.h5,1,LinearTransform_1,D:\CodingHHW\Biplane\experiment\transform_snapshots\20260323_184355_337482\20260323_184355_337482_2_LinearTransform_1.h5,1,LinearTransform_2,D:\CodingHHW\Biplane\experiment\transform_snapshots\20260323_184355_337482\20260323_184355_337482_3_LinearTransform_2.h5,1,3,1,1.6325510824059881,1.632551082406052,6.394884621840902e-14,0,0,2.0587921818610644,2.0587921818611257,6.128431095930864e-14,1,1,2.117450293309734,2.1174502933104935,7.593925488436071e-13,0,1,NA,NA,NA,NA,NA,NA,NA,NA,NA,NA,NA,NA,NA,NA,NA,NA,NA,NA,0.03616637093576155,1,1,0,0,30.0,0.051126765234551806,1,0,0,0,30.0,0.04436190549000387,1,1,0,0,30.0,531.874,476.501,477.379,11.326,544.927,29.998,33.725,3.627,3.215,2.531,0.583,0.549
2026-03-23T18:44:21+08:00,20260323_184421_570431,D:\CodingHHW\Biplane\experiment\experiment_results.csv,Panoramix-cropped,orthographic,Current mode: Orthographic,1,0,1,1,1,1,86.82,81.34,85.85,0.08,0.02,0.0,0.08 mm,0.02 px,0.00 mm,testPoint,TargetP3D,blackCenter2,PointGreen,PointRed,PointGreen,testPoint,30.0,1,1,0,1,-45.193,127.301,-301.1497192,137.1224188632515,172.8975842347397,149.17187710347432,153.0639600671552,0,6.0,10.0,D:\CodingHHW\Biplane\experiment\transform_snapshots\20260323_184421_570431,LinearTransform,D:\CodingHHW\Biplane\experiment\transform_snapshots\20260323_184421_570431\20260323_184421_570431_1_LinearTransform.h5,1,LinearTransform_1,D:\CodingHHW\Biplane\experiment\transform_snapshots\20260323_184421_570431\20260323_184421_570431_2_LinearTransform_1.h5,1,LinearTransform_2,D:\CodingHHW\Biplane\experiment\transform_snapshots\20260323_184421_570431\20260323_184421_570431_3_LinearTransform_2.h5,1,3,1,1.6611492100509995,1.6611492100510685,6.905587213168474e-14,1,0,1.9132767851667218,1.9132767851667516,2.9753977059954195e-14,1,1,1.6625652332648124,1.6625652332650178,2.0539125955565396e-13,1,1,NA,NA,NA,NA,NA,NA,NA,NA,NA,NA,NA,NA,NA,NA,NA,NA,NA,NA,0.05538004632148741,0,1,0,0,30.0,0.04237998828952612,1,0,0,0,30.0,0.05200662839215037,1,1,0,0,30.0,574.287,465.24,418.738,9.498,548.71,29.426,33.725,2.969,2.926,2.272,0.551,0.48
2026-03-23T18:44:46+08:00,20260323_184446_178897,D:\CodingHHW\Biplane\experiment\experiment_results.csv,Panoramix-cropped,orthographic,Current mode: Orthographic,1,0,1,1,1,1,86.82,81.34,85.85,0.07,0.28,0.0,0.07 mm,0.28 px,0.00 mm,testPoint,TargetP3D,blackCenter2,PointGreen,PointRed,PointGreen,testPoint,30.0,1,1,0,1,-45.193,127.301,-301.1497192,137.1224188632515,172.8975842347397,149.17187710347432,153.0639600671552,0,6.0,10.0,D:\CodingHHW\Biplane\experiment\transform_snapshots\20260323_184446_178897,LinearTransform,D:\CodingHHW\Biplane\experiment\transform_snapshots\20260323_184446_178897\20260323_184446_178897_1_LinearTransform.h5,1,LinearTransform_1,D:\CodingHHW\Biplane\experiment\transform_snapshots\20260323_184446_178897\20260323_184446_178897_2_LinearTransform_1.h5,1,LinearTransform_2,D:\CodingHHW\Biplane\experiment\transform_snapshots\20260323_184446_178897\20260323_184446_178897_3_LinearTransform_2.h5,1,3,1,1.6155433034710351,1.615543303471074,3.885780586188048e-14,0,0,2.13445504138146,2.1344550413814853,2.531308496145357e-14,0,0,1.6197443139926226,1.619744313993405,7.822631431508853e-13,1,1,NA,NA,NA,NA,NA,NA,NA,NA,NA,NA,NA,NA,NA,NA,NA,NA,NA,NA,0.04831267374285648,1,0,0,0,30.0,0.03361163365180499,1,0,0,0,30.0,0.052616621886759515,1,1,0,0,30.0,569.436,461.091,393.646,10.445,547.472,29.035,33.725,2.859,3.085,1.964,0.521,0.485
2026-03-23T18:45:15+08:00,20260323_184515_097657,D:\CodingHHW\Biplane\experiment\experiment_results.csv,Panoramix-cropped,orthographic,Current mode: Orthographic,1,0,1,1,1,1,86.82,81.34,85.85,0.11,0.05,0.0,0.11 mm,0.05 px,0.00 mm,testPoint,TargetP3D,blackCenter2,PointGreen,PointRed,PointGreen,testPoint,30.0,1,1,0,1,-45.193,127.301,-301.1497192,137.1224188632515,172.8975842347397,149.17187710347432,153.0639600671552,0,6.0,10.0,D:\CodingHHW\Biplane\experiment\transform_snapshots\20260323_184515_097657,LinearTransform,D:\CodingHHW\Biplane\experiment\transform_snapshots\20260323_184515_097657\20260323_184515_097657_1_LinearTransform.h5,1,LinearTransform_1,D:\CodingHHW\Biplane\experiment\transform_snapshots\20260323_184515_097657\20260323_184515_097657_2_LinearTransform_1.h5,1,LinearTransform_2,D:\CodingHHW\Biplane\experiment\transform_snapshots\20260323_184515_097657\20260323_184515_097657_3_LinearTransform_2.h5,1,3,1,1.57896119875974,1.5789611987598233,8.326672684688674e-14,1,1,2.2101508165785955,2.2101508165786012,5.773159728050814e-15,0,0,1.6901518695380977,1.6901518695383726,2.7489122089718876e-13,0,1,NA,NA,NA,NA,NA,NA,NA,NA,NA,NA,NA,NA,NA,NA,NA,NA,NA,NA,0.029134171874615294,0,0,0,0,30.0,0.05006694255285602,0,0,0,0,30.0,0.06907531521537626,1,0,0,0,30.0,576.777,469.251,424.125,9.955,552.123,28.752,33.725,3.025,2.942,1.986,0.517,0.499
2026-03-23T18:45:40+08:00,20260323_184540_253212,D:\CodingHHW\Biplane\experiment\experiment_results.csv,Panoramix-cropped,orthographic,Current mode: Orthographic,1,0,1,1,1,1,86.82,81.34,85.85,0.13,0.24,0.0,0.13 mm,0.24 px,0.00 mm,testPoint,TargetP3D,blackCenter2,PointGreen,PointRed,PointGreen,testPoint,30.0,1,1,0,1,-45.193,127.301,-301.1497192,137.1224188632515,172.8975842347397,149.17187710347432,153.0639600671552,0,6.0,10.0,D:\CodingHHW\Biplane\experiment\transform_snapshots\20260323_184540_253212,LinearTransform,D:\CodingHHW\Biplane\experiment\transform_snapshots\20260323_184540_253212\20260323_184540_253212_1_LinearTransform.h5,1,LinearTransform_1,D:\CodingHHW\Biplane\experiment\transform_snapshots\20260323_184540_253212\20260323_184540_253212_2_LinearTransform_1.h5,1,LinearTransform_2,D:\CodingHHW\Biplane\experiment\transform_snapshots\20260323_184540_253212\20260323_184540_253212_3_LinearTransform_2.h5,1,3,1,1.7032395140573144,1.703239514057328,1.354472090042691e-14,1,1,1.996623645872579,1.9966236458725954,1.6431300764452317e-14,0,0,1.5411158966695275,1.5411158966695333,5.773159728050814e-15,1,1,NA,NA,NA,NA,NA,NA,NA,NA,NA,NA,NA,NA,NA,NA,NA,NA,NA,NA,0.06289018986638237,1,0,0,0,30.0,0.024969602435032327,1,0,0,0,30.0,0.04494981106737429,1,1,0,0,30.0,573.3,433.674,415.006,9.5,552.693,29.256,33.725,3.25,3.094,1.958,0.5,0.475
2026-03-23T18:46:06+08:00,20260323_184606_385222,D:\CodingHHW\Biplane\experiment\experiment_results.csv,Panoramix-cropped,orthographic,Current mode: Orthographic,1,0,1,1,1,1,86.82,81.34,85.85,0.1,0.1,0.0,0.10 mm,0.10 px,0.00 mm,testPoint,TargetP3D,blackCenter2,PointGreen,PointRed,PointGreen,testPoint,30.0,1,1,0,1,-45.193,127.301,-301.1497192,137.1224188632515,172.8975842347397,149.17187710347432,153.0639600671552,0,6.0,10.0,D:\CodingHHW\Biplane\experiment\transform_snapshots\20260323_184606_385222,LinearTransform,D:\CodingHHW\Biplane\experiment\transform_snapshots\20260323_184606_385222\20260323_184606_385222_1_LinearTransform.h5,1,LinearTransform_1,D:\CodingHHW\Biplane\experiment\transform_snapshots\20260323_184606_385222\20260323_184606_385222_2_LinearTransform_1.h5,1,LinearTransform_2,D:\CodingHHW\Biplane\experiment\transform_snapshots\20260323_184606_385222\20260323_184606_385222_3_LinearTransform_2.h5,1,3,1,1.5927849507013674,1.592784950701466,9.85878045867139e-14,0,0,1.6102721110932572,1.6102721110932596,2.4424906541753444e-15,0,0,1.6487614152888699,1.6487614152888777,7.771561172376096e-15,1,0,NA,NA,NA,NA,NA,NA,NA,NA,NA,NA,NA,NA,NA,NA,NA,NA,NA,NA,0.04336856227101315,0,1,0,0,30.0,0.037084182216992494,1,0,0,0,30.0,0.06265884508615058,1,1,0,0,30.0,528.155,439.638,387.915,9.669,548.542,29.961,33.725,3.318,2.96,1.901,0.61,0.51
2026-03-23T18:46:50+08:00,20260323_184650_301804,D:\CodingHHW\Biplane\experiment\experiment_results.csv,Panoramix-cropped,orthographic,Current mode: Orthographic,1,0,1,1,1,1,86.82,81.34,85.85,0.09,0.0,0.0,0.09 mm,0.00 px,0.00 mm,testPoint,TargetP3D,blackCenter2,PointGreen,PointRed,PointGreen,testPoint,30.0,1,1,0,1,-45.193,127.301,-301.1497192,137.1224188632515,172.8975842347397,149.17187710347432,153.0639600671552,0,6.0,10.0,D:\CodingHHW\Biplane\experiment\transform_snapshots\20260323_184650_301804,LinearTransform,D:\CodingHHW\Biplane\experiment\transform_snapshots\20260323_184650_301804\20260323_184650_301804_1_LinearTransform.h5,1,LinearTransform_1,D:\CodingHHW\Biplane\experiment\transform_snapshots\20260323_184650_301804\20260323_184650_301804_2_LinearTransform_1.h5,1,LinearTransform_2,D:\CodingHHW\Biplane\experiment\transform_snapshots\20260323_184650_301804\20260323_184650_301804_3_LinearTransform_2.h5,1,3,1,1.6061405563442834,1.6061405563442859,2.4424906541753444e-15,1,1,2.1575742671470683,2.157574267147097,2.886579864025407e-14,0,1,1.586352409305365,1.586352409305425,6.017408793468348e-14,0,0,NA,NA,NA,NA,NA,NA,NA,NA,NA,NA,NA,NA,NA,NA,NA,NA,NA,NA,0.04130844236588068,1,0,0,0,30.0,0.04328227936179527,1,0,0,0,30.0,0.06827735011227759,0,1,0,0,30.0,510.327,481.02,378.553,9.824,548.797,28.923,33.725,2.622,3.041,1.915,0.484,0.462
2026-03-23T18:47:56+08:00,20260323_184756_808290,D:\CodingHHW\Biplane\experiment\experiment_results.csv,Panoramix-cropped,perspective,Current mode: Perspective,1,1,0,1,1,1,86.82,81.34,85.85,0.05,0.18,0.0,0.05 mm,0.18 px,0.00 mm,testPoint,TargetP3D,blackCenter2,PointGreen,PointRed,PointGreen,testPoint,30.0,0,1,0,1,-45.193,127.301,-301.1497192,137.1224188632515,172.8975842347397,149.17187710347432,153.0639600671552,0,6.0,10.0,D:\CodingHHW\Biplane\experiment\transform_snapshots\20260323_184756_808290,LinearTransform,D:\CodingHHW\Biplane\experiment\transform_snapshots\20260323_184756_808290\20260323_184756_808290_1_LinearTransform.h5,1,LinearTransform_1,D:\CodingHHW\Biplane\experiment\transform_snapshots\20260323_184756_808290\20260323_184756_808290_2_LinearTransform_1.h5,1,LinearTransform_2,D:\CodingHHW\Biplane\experiment\transform_snapshots\20260323_184756_808290\20260323_184756_808290_3_LinearTransform_2.h5,1,3,1,0.06176398638536157,0.06176398638657163,1.2100598301145737e-12,1,1,0.05614829824060689,0.056148298241733646,1.1267584087981675e-12,1,1,0.062400418536210624,0.06240041853710501,8.943887297441222e-13,0,0,0.056983600086523506,1,1,0,0,30.0,0.05474575971817137,1,0,0,0,30.0,0.058051014383221716,1,1,0,0,30.0,NA,NA,NA,NA,NA,NA,NA,NA,NA,NA,NA,NA,NA,NA,NA,NA,NA,NA,474.278,411.53,437.064,9.725,576.634,61.849,34.774,2.622,2.876,2.331,0.84,0.56
2026-03-23T18:48:26+08:00,20260323_184826_377848,D:\CodingHHW\Biplane\experiment\experiment_results.csv,Panoramix-cropped,perspective,Current mode: Perspective,1,1,0,1,1,1,86.82,81.34,85.85,0.12,0.14,0.0,0.12 mm,0.14 px,0.00 mm,testPoint,TargetP3D,blackCenter2,PointGreen,PointRed,PointGreen,testPoint,30.0,0,1,0,1,-45.193,127.301,-301.1497192,137.1224188632515,172.8975842347397,149.17187710347432,153.0639600671552,0,6.0,10.0,D:\CodingHHW\Biplane\experiment\transform_snapshots\20260323_184826_377848,LinearTransform,D:\CodingHHW\Biplane\experiment\transform_snapshots\20260323_184826_377848\20260323_184826_377848_1_LinearTransform.h5,1,LinearTransform_1,D:\CodingHHW\Biplane\experiment\transform_snapshots\20260323_184826_377848\20260323_184826_377848_2_LinearTransform_1.h5,1,LinearTransform_2,D:\CodingHHW\Biplane\experiment\transform_snapshots\20260323_184826_377848\20260323_184826_377848_3_LinearTransform_2.h5,1,3,1,0.046608775788039264,0.04660877578813895,9.968414982353124e-14,1,1,0.046464601707017696,0.04646460170740642,3.8872377539078684e-13,1,1,0.0612861262893555,0.06128612628935739,1.887379141862766e-15,1,1,0.0432425424711713,1,0,0,0,30.0,0.044884012857843415,0,1,0,0,30.0,0.05646622834343804,1,1,0,0,30.0,NA,NA,NA,NA,NA,NA,NA,NA,NA,NA,NA,NA,NA,NA,NA,NA,NA,NA,424.556,434.779,417.456,9.931,584.46,58.974,32.039,2.622,3.011,2.456,0.533,0.526
2026-03-23T18:49:05+08:00,20260323_184905_742401,D:\CodingHHW\Biplane\experiment\experiment_results.csv,Panoramix-cropped,perspective,Current mode: Perspective,1,1,0,1,1,1,86.82,81.34,85.85,0.17,0.1,0.0,0.17 mm,0.10 px,0.00 mm,testPoint,TargetP3D,blackCenter2,PointGreen,PointRed,PointGreen,testPoint,30.0,0,1,0,1,-45.193,127.301,-301.1497192,137.1224188632515,172.8975842347397,149.17187710347432,153.0639600671552,0,6.0,10.0,D:\CodingHHW\Biplane\experiment\transform_snapshots\20260323_184905_742401,LinearTransform,D:\CodingHHW\Biplane\experiment\transform_snapshots\20260323_184905_742401\20260323_184905_742401_1_LinearTransform.h5,1,LinearTransform_1,D:\CodingHHW\Biplane\experiment\transform_snapshots\20260323_184905_742401\20260323_184905_742401_2_LinearTransform_1.h5,1,LinearTransform_2,D:\CodingHHW\Biplane\experiment\transform_snapshots\20260323_184905_742401\20260323_184905_742401_3_LinearTransform_2.h5,1,3,1,0.03225707018581007,0.032257070185837664,2.7595981055839047e-14,1,1,0.07449515698330841,0.07449515698411571,8.072986723561826e-13,1,1,0.07945813166287735,0.07945813166289455,1.7194579093882112e-14,0,0,0.031657154961130696,0,1,0,0,30.0,0.07345380674444912,1,1,0,0,30.0,0.0783842532745742,1,1,0,0,30.0,NA,NA,NA,NA,NA,NA,NA,NA,NA,NA,NA,NA,NA,NA,NA,NA,NA,NA,451.658,495.916,495.18,10.458,576.036,60.283,32.83,2.622,3.348,2.152,0.534,0.663
2026-03-23T18:49:35+08:00,20260323_184935_657087,D:\CodingHHW\Biplane\experiment\experiment_results.csv,Panoramix-cropped,perspective,Current mode: Perspective,1,1,0,1,1,1,86.82,81.34,85.85,0.09,0.13,0.0,0.09 mm,0.13 px,0.00 mm,testPoint,TargetP3D,blackCenter2,PointGreen,PointRed,PointGreen,testPoint,30.0,0,1,0,1,-45.193,127.301,-301.1497192,137.1224188632515,172.8975842347397,149.17187710347432,153.0639600671552,0,6.0,10.0,D:\CodingHHW\Biplane\experiment\transform_snapshots\20260323_184935_657087,LinearTransform,D:\CodingHHW\Biplane\experiment\transform_snapshots\20260323_184935_657087\20260323_184935_657087_1_LinearTransform.h5,1,LinearTransform_1,D:\CodingHHW\Biplane\experiment\transform_snapshots\20260323_184935_657087\20260323_184935_657087_2_LinearTransform_1.h5,1,LinearTransform_2,D:\CodingHHW\Biplane\experiment\transform_snapshots\20260323_184935_657087\20260323_184935_657087_3_LinearTransform_2.h5,1,3,1,0.06982173958087545,0.06982173958094148,6.603051438958119e-14,0,0,0.05239178875352754,0.052391788754137816,6.102757188486407e-13,1,1,0.05257029853409379,0.052570298534217845,1.2405354521405343e-13,0,0,0.06949719160674382,1,0,0,0,30.0,0.05190150407783039,0,1,0,0,30.0,0.04683785182524452,0,1,0,0,30.0,NA,NA,NA,NA,NA,NA,NA,NA,NA,NA,NA,NA,NA,NA,NA,NA,NA,NA,451.599,430.01,464.308,9.558,579.793,61.332,34.48,2.622,3.3,2.276,0.536,0.489
2026-03-23T18:50:21+08:00,20260323_185021_562556,D:\CodingHHW\Biplane\experiment\experiment_results.csv,Panoramix-cropped,perspective,Current mode: Perspective,1,1,0,1,1,1,86.82,81.34,85.85,0.03,0.03,0.0,0.03 mm,0.03 px,0.00 mm,testPoint,TargetP3D,blackCenter2,PointGreen,PointRed,PointGreen,testPoint,30.0,0,1,0,1,-45.193,127.301,-301.1497192,137.1224188632515,172.8975842347397,149.17187710347432,153.0639600671552,0,6.0,10.0,D:\CodingHHW\Biplane\experiment\transform_snapshots\20260323_185021_562556,LinearTransform,D:\CodingHHW\Biplane\experiment\transform_snapshots\20260323_185021_562556\20260323_185021_562556_1_LinearTransform.h5,1,LinearTransform_1,D:\CodingHHW\Biplane\experiment\transform_snapshots\20260323_185021_562556\20260323_185021_562556_2_LinearTransform_1.h5,1,LinearTransform_2,D:\CodingHHW\Biplane\experiment\transform_snapshots\20260323_185021_562556\20260323_185021_562556_3_LinearTransform_2.h5,1,3,1,0.0467380965640422,0.04673809656408224,4.003741782554471e-14,0,0,0.049358713418363676,0.04935871341842843,6.475375791126226e-14,0,0,0.08829658910908096,0.08829658910910068,1.9720336474904343e-14,0,0,0.044499554292982385,1,1,0,0,30.0,0.047846043582631295,1,0,0,0,30.0,0.08784688262416816,1,0,0,0,30.0,NA,NA,NA,NA,NA,NA,NA,NA,NA,NA,NA,NA,NA,NA,NA,NA,NA,NA,442.226,418.188,392.395,9.866,578.585,60.532,33.602,2.622,3.148,2.186,0.542,0.528
2026-03-23T18:50:46+08:00,20260323_185046_860324,D:\CodingHHW\Biplane\experiment\experiment_results.csv,Panoramix-cropped,perspective,Current mode: Perspective,1,1,0,1,1,1,86.82,81.34,85.85,0.15,0.11,0.0,0.15 mm,0.11 px,0.00 mm,testPoint,TargetP3D,blackCenter2,PointGreen,PointRed,PointGreen,testPoint,30.0,0,1,0,1,-45.193,127.301,-301.1497192,137.1224188632515,172.8975842347397,149.17187710347432,153.0639600671552,0,6.0,10.0,D:\CodingHHW\Biplane\experiment\transform_snapshots\20260323_185046_860324,LinearTransform,D:\CodingHHW\Biplane\experiment\transform_snapshots\20260323_185046_860324\20260323_185046_860324_1_LinearTransform.h5,1,LinearTransform_1,D:\CodingHHW\Biplane\experiment\transform_snapshots\20260323_185046_860324\20260323_185046_860324_2_LinearTransform_1.h5,1,LinearTransform_2,D:\CodingHHW\Biplane\experiment\transform_snapshots\20260323_185046_860324\20260323_185046_860324_3_LinearTransform_2.h5,1,3,1,0.05477065353657765,0.054770653536606366,2.871314297436811e-14,1,1,0.06935855169937798,0.0693585516994898,1.1182721415536889e-13,1,1,0.05677830672330882,0.056778306723660216,3.5139252618776595e-13,1,1,0.053919069706838595,0,1,0,0,30.0,0.06827446450429193,1,1,0,0,30.0,0.05632361108164418,1,1,0,0,30.0,NA,NA,NA,NA,NA,NA,NA,NA,NA,NA,NA,NA,NA,NA,NA,NA,NA,NA,453.817,412.431,417.11,11.048,578.942,60.808,33.459,2.622,2.914,2.756,0.623,0.507
2026-03-23T18:57:00+08:00,20260323_185700_418617,D:\CodingHHW\Biplane\experiment\experiment_results.csv,Panoramix-cropped,perspective,Current mode: Perspective,1,1,0,1,1,1,17.0,22.14,14.7,0.58,0.12,0.0,0.58 mm,0.12 px,0.00 mm,testPoint,TargetP3D,blackCenter2,PointGreen,PointRed,PointGreen,testPoint,30.0,0,1,0,1,-45.193,127.301,-301.1497192,137.1224188632515,160.36860577686897,140.21696600673928,145.90266354895326,0,6.0,10.0,D:\CodingHHW\Biplane\experiment\transform_snapshots\20260323_185700_418617,LinearTransform,D:\CodingHHW\Biplane\experiment\transform_snapshots\20260323_185700_418617\20260323_185700_418617_1_LinearTransform.h5,1,LinearTransform_1,D:\CodingHHW\Biplane\experiment\transform_snapshots\20260323_185700_418617\20260323_185700_418617_2_LinearTransform_1.h5,1,LinearTransform_2,D:\CodingHHW\Biplane\experiment\transform_snapshots\20260323_185700_418617\20260323_185700_418617_3_LinearTransform_2.h5,1,3,1,0.08825331677033503,0.08825331677034036,5.329070518200751e-15,1,1,0.06775637398020475,0.06775637398020545,7.077671781985373e-16,0,0,0.06567800881920023,0.06567800881932552,1.2528866832894892e-13,1,1,0.08710516510179643,1,0,0,0,30.0,0.06759006143746987,1,1,0,0,30.0,0.06523223841875435,1,0,0,0,30.0,NA,NA,NA,NA,NA,NA,NA,NA,NA,NA,NA,NA,NA,NA,NA,NA,NA,NA,433.58,458.453,392.356,9.835,565.118,62.967,34.99,2.622,2.283,2.266,0.516,0.48
2026-03-23T18:57:46+08:00,20260323_185746_609696,D:\CodingHHW\Biplane\experiment\experiment_results.csv,Panoramix-cropped,perspective,Current mode: Perspective,1,1,0,1,1,1,17.0,22.14,14.7,0.95,0.0,0.0,0.95 mm,0.00 px,0.00 mm,testPoint,TargetP3D,blackCenter2,PointGreen,PointRed,PointGreen,testPoint,30.0,0,1,1,1,-45.193,127.301,-301.1497192,137.1224188632515,160.36860577686897,140.21696600673928,145.90266354895326,0,6.0,10.0,D:\CodingHHW\Biplane\experiment\transform_snapshots\20260323_185746_609696,LinearTransform,D:\CodingHHW\Biplane\experiment\transform_snapshots\20260323_185746_609696\20260323_185746_609696_1_LinearTransform.h5,1,LinearTransform_1,D:\CodingHHW\Biplane\experiment\transform_snapshots\20260323_185746_609696\20260323_185746_609696_2_LinearTransform_1.h5,1,LinearTransform_2,D:\CodingHHW\Biplane\experiment\transform_snapshots\20260323_185746_609696\20260323_185746_609696_3_LinearTransform_2.h5,1,3,1,0.029715951805661594,0.029715951805726743,6.514927486378497e-14,1,1,0.06949306472873154,0.06949306472873343,1.887379141862766e-15,0,0,0.0611454221381493,0.06114542213816718,1.787459069646502e-14,0,0,0.027808575607197655,0,0,0,0,30.0,0.06857642785640454,1,1,0,0,30.0,0.061037244823326446,0,1,0,0,30.0,NA,NA,NA,NA,NA,NA,NA,NA,NA,NA,NA,NA,NA,NA,NA,NA,NA,NA,452.381,425.611,429.97,9.88,561.056,60.28,33.31,2.622,3.047,1.954,0.671,0.509
2026-03-23T18:58:16+08:00,20260323_185816_229942,D:\CodingHHW\Biplane\experiment\experiment_results.csv,Panoramix-cropped,perspective,Current mode: Perspective,1,1,0,1,1,1,17.0,22.14,14.7,0.74,0.06,0.0,0.74 mm,0.06 px,0.00 mm,testPoint,TargetP3D,blackCenter2,PointGreen,PointRed,PointGreen,testPoint,30.0,0,1,0,1,-45.193,127.301,-301.1497192,137.1224188632515,160.36860577686897,140.21696600673928,145.90266354895326,0,6.0,10.0,D:\CodingHHW\Biplane\experiment\transform_snapshots\20260323_185816_229942,LinearTransform,D:\CodingHHW\Biplane\experiment\transform_snapshots\20260323_185816_229942\20260323_185816_229942_1_LinearTransform.h5,1,LinearTransform_1,D:\CodingHHW\Biplane\experiment\transform_snapshots\20260323_185816_229942\20260323_185816_229942_2_LinearTransform_1.h5,1,LinearTransform_2,D:\CodingHHW\Biplane\experiment\transform_snapshots\20260323_185816_229942\20260323_185816_229942_3_LinearTransform_2.h5,1,3,1,0.05843466278305776,0.058434662800246215,1.7188452050564962e-11,1,1,0.04343229265150797,0.04343229265152772,1.9748092050519972e-14,1,1,0.03857187403117458,0.03857187403122416,4.9578396943417147e-14,0,0,0.05695274168328447,0,1,0,0,30.0,0.043321889437701766,0,1,0,0,30.0,0.037574518748312115,1,1,0,0,30.0,NA,NA,NA,NA,NA,NA,NA,NA,NA,NA,NA,NA,NA,NA,NA,NA,NA,NA,511.538,439.025,446.386,10.145,556.245,61.741,34.723,2.622,2.966,2.091,0.492,0.47
2026-03-23T19:00:04+08:00,20260323_190004_841905,D:\CodingHHW\Biplane\experiment\experiment_results.csv,Panoramix-cropped,perspective,Current mode: Perspective,1,1,0,1,1,1,17.0,22.14,14.7,0.93,0.14,0.0,0.93 mm,0.14 px,0.00 mm,testPoint,TargetP3D,blackCenter2,PointGreen,PointRed,PointGreen,testPoint,30.0,0,1,0,1,-45.193,127.301,-301.1497192,137.1224188632515,160.36860577686897,140.21696600673928,145.90266354895326,0,6.0,10.0,D:\CodingHHW\Biplane\experiment\transform_snapshots\20260323_190004_841905,LinearTransform,D:\CodingHHW\Biplane\experiment\transform_snapshots\20260323_190004_841905\20260323_190004_841905_1_LinearTransform.h5,1,LinearTransform_1,D:\CodingHHW\Biplane\experiment\transform_snapshots\20260323_190004_841905\20260323_190004_841905_2_LinearTransform_1.h5,1,LinearTransform_2,D:\CodingHHW\Biplane\experiment\transform_snapshots\20260323_190004_841905\20260323_190004_841905_3_LinearTransform_2.h5,1,3,1,0.055418817427747735,0.05541881742788234,1.3460760284189632e-13,0,0,0.04244637168333014,0.042446371683424494,9.435507930533049e-14,1,1,0.07580895695630196,0.07580895695630951,7.549516567451064e-15,1,1,0.05208923992031165,1,1,0,0,30.0,0.041125274305424446,1,0,0,0,30.0,0.07570031558873909,1,1,0,0,30.0,NA,NA,NA,NA,NA,NA,NA,NA,NA,NA,NA,NA,NA,NA,NA,NA,NA,NA,463.243,440.579,448.954,9.677,557.774,57.406,31.755,2.622,3.763,2.64,0.625,0.608
2026-03-23T19:00:34+08:00,20260323_190034_284888,D:\CodingHHW\Biplane\experiment\experiment_results.csv,Panoramix-cropped,perspective,Current mode: Perspective,1,1,0,1,1,1,17.0,22.14,14.7,0.94,0.08,0.0,0.94 mm,0.08 px,0.00 mm,testPoint,TargetP3D,blackCenter2,PointGreen,PointRed,PointGreen,testPoint,30.0,0,1,0,1,-45.193,127.301,-301.1497192,137.1224188632515,160.36860577686897,140.21696600673928,145.90266354895326,0,6.0,10.0,D:\CodingHHW\Biplane\experiment\transform_snapshots\20260323_190034_284888,LinearTransform,D:\CodingHHW\Biplane\experiment\transform_snapshots\20260323_190034_284888\20260323_190034_284888_1_LinearTransform.h5,1,LinearTransform_1,D:\CodingHHW\Biplane\experiment\transform_snapshots\20260323_190034_284888\20260323_190034_284888_2_LinearTransform_1.h5,1,LinearTransform_2,D:\CodingHHW\Biplane\experiment\transform_snapshots\20260323_190034_284888\20260323_190034_284888_3_LinearTransform_2.h5,1,3,1,0.0619529829487973,0.06195298294881573,1.84297022087776e-14,1,1,0.07507651200518957,0.07507651200525559,6.601663660177337e-14,1,1,0.0554644046494172,0.055464404649435514,1.8311741012411176e-14,0,0,0.06161397920119129,1,0,0,0,30.0,0.06958527993416688,0,1,0,0,30.0,0.05360034130688294,0,1,0,0,30.0,NA,NA,NA,NA,NA,NA,NA,NA,NA,NA,NA,NA,NA,NA,NA,NA,NA,NA,435.292,441.913,430.549,9.951,557.083,61.114,34.181,2.622,3.101,2.242,0.726,0.486
2026-03-23T19:01:45+08:00,20260323_190145_129781,D:\CodingHHW\Biplane\experiment\experiment_results.csv,Panoramix-cropped,perspective,Current mode: Perspective,1,1,0,1,1,1,17.0,22.14,14.7,0.56,0.13,0.0,0.56 mm,0.13 px,0.00 mm,testPoint,TargetP3D,blackCenter2,PointGreen,PointRed,PointGreen,testPoint,30.0,0,1,0,1,-45.193,127.301,-301.1497192,137.1224188632515,160.36860577686897,140.21696600673928,145.90266354895326,0,6.0,10.0,D:\CodingHHW\Biplane\experiment\transform_snapshots\20260323_190145_129781,LinearTransform,D:\CodingHHW\Biplane\experiment\transform_snapshots\20260323_190145_129781\20260323_190145_129781_1_LinearTransform.h5,1,LinearTransform_1,D:\CodingHHW\Biplane\experiment\transform_snapshots\20260323_190145_129781\20260323_190145_129781_2_LinearTransform_1.h5,1,LinearTransform_2,D:\CodingHHW\Biplane\experiment\transform_snapshots\20260323_190145_129781\20260323_190145_129781_3_LinearTransform_2.h5,1,3,1,0.09371694898231021,0.09371694898267154,3.613220833642572e-13,0,0,0.05109631651306798,0.05109631651330233,2.343472638166588e-13,0,0,0.05543228002473532,0.055432280024752006,1.6688039838896884e-14,0,0,0.09096584477063571,1,0,0,0,30.0,0.05014003129402226,1,0,0,0,30.0,0.05499504633982683,0,1,0,0,30.0,NA,NA,NA,NA,NA,NA,NA,NA,NA,NA,NA,NA,NA,NA,NA,NA,NA,NA,458.309,425.304,457.652,9.523,556.172,61.526,34.611,2.622,2.978,1.978,0.593,0.466
2026-03-23T19:04:47+08:00,20260323_190447_675680,D:\CodingHHW\Biplane\experiment\experiment_results.csv,Panoramix-cropped,perspective,Current mode: Perspective,1,1,0,1,1,1,17.0,22.14,14.7,0.34,0.05,0.0,0.34 mm,0.05 px,0.00 mm,testPoint,TargetP3D,blackCenter2,PointGreen,PointRed,PointGreen,testPoint,30.0,0,1,0,1,-45.193,127.301,-301.1497192,137.1224188632515,160.36860577686897,140.21696600673928,145.90266354895326,0,6.0,10.0,D:\CodingHHW\Biplane\experiment\transform_snapshots\20260323_190447_675680,LinearTransform,D:\CodingHHW\Biplane\experiment\transform_snapshots\20260323_190447_675680\20260323_190447_675680_1_LinearTransform.h5,1,LinearTransform_1,D:\CodingHHW\Biplane\experiment\transform_snapshots\20260323_190447_675680\20260323_190447_675680_2_LinearTransform_1.h5,1,LinearTransform_2,D:\CodingHHW\Biplane\experiment\transform_snapshots\20260323_190447_675680\20260323_190447_675680_3_LinearTransform_2.h5,1,3,1,0.0653923705713098,0.06539237057362374,2.313940705711559e-12,0,0,0.06262338528573852,0.06262338528587184,1.3332390746967349e-13,1,1,0.0763341557258721,0.07633415572593714,6.504519145522636e-14,0,0,0.06487814141857878,0,0,0,0,30.0,0.05762658399073592,0,1,0,0,30.0,0.07388027473555112,0,1,0,0,30.0,NA,NA,NA,NA,NA,NA,NA,NA,NA,NA,NA,NA,NA,NA,NA,NA,NA,NA,495.441,468.248,435.621,9.654,559.139,61.56,34.565,2.838,3.133,2.391,0.504,0.83
2026-03-23T19:05:34+08:00,20260323_190534_121036,D:\CodingHHW\Biplane\experiment\experiment_results.csv,Panoramix-cropped,perspective,Current mode: Perspective,1,1,0,1,1,1,17.0,22.14,14.7,1.38,0.21,0.0,1.38 mm,0.21 px,0.00 mm,testPoint,TargetP3D,blackCenter2,PointGreen,PointRed,PointGreen,testPoint,30.0,0,1,0,1,-45.193,127.301,-301.1497192,137.1224188632515,160.36860577686897,140.21696600673928,145.90266354895326,0,6.0,10.0,D:\CodingHHW\Biplane\experiment\transform_snapshots\20260323_190534_121036,LinearTransform,D:\CodingHHW\Biplane\experiment\transform_snapshots\20260323_190534_121036\20260323_190534_121036_1_LinearTransform.h5,1,LinearTransform_1,D:\CodingHHW\Biplane\experiment\transform_snapshots\20260323_190534_121036\20260323_190534_121036_2_LinearTransform_1.h5,1,LinearTransform_2,D:\CodingHHW\Biplane\experiment\transform_snapshots\20260323_190534_121036\20260323_190534_121036_3_LinearTransform_2.h5,1,3,1,0.09215976369224388,0.09215976369230007,5.6191162833840735e-14,0,0,0.06848562522552851,0.06848562522561441,8.590350653037149e-14,1,1,0.08935996718446486,0.08935996718448494,2.008115895790752e-14,0,0,0.08320091529038319,0,0,0,0,30.0,0.06663284650706933,0,1,0,0,30.0,0.08503070663442798,1,1,0,0,30.0,NA,NA,NA,NA,NA,NA,NA,NA,NA,NA,NA,NA,NA,NA,NA,NA,NA,NA,432.381,470.582,433.821,10.478,560.874,62.054,34.79,2.838,2.481,2.095,0.469,0.451
2026-03-23T19:06:14+08:00,20260323_190614_680842,D:\CodingHHW\Biplane\experiment\experiment_results.csv,Panoramix-cropped,perspective,Current mode: Perspective,1,1,0,1,1,1,17.0,22.14,14.7,0.46,0.37,0.0,0.46 mm,0.37 px,0.00 mm,testPoint,TargetP3D,blackCenter2,PointGreen,PointRed,PointGreen,testPoint,30.0,0,1,0,1,-45.193,127.301,-301.1497192,137.1224188632515,160.36860577686897,140.21696600673928,145.90266354895326,0,6.0,10.0,D:\CodingHHW\Biplane\experiment\transform_snapshots\20260323_190614_680842,LinearTransform,D:\CodingHHW\Biplane\experiment\transform_snapshots\20260323_190614_680842\20260323_190614_680842_1_LinearTransform.h5,1,LinearTransform_1,D:\CodingHHW\Biplane\experiment\transform_snapshots\20260323_190614_680842\20260323_190614_680842_2_LinearTransform_1.h5,1,LinearTransform_2,D:\CodingHHW\Biplane\experiment\transform_snapshots\20260323_190614_680842\20260323_190614_680842_3_LinearTransform_2.h5,1,3,1,0.07804101850857918,0.07804101850862477,4.558853294867049e-14,0,0,0.07215623505775344,0.07215623505848946,7.360223541752475e-13,1,1,0.06979662808617194,0.06979662808636543,1.9348411761654916e-13,1,1,0.07586839283900737,0,1,0,0,30.0,0.07056175454440941,0,0,0,0,30.0,0.065213122986561,1,1,0,0,30.0,NA,NA,NA,NA,NA,NA,NA,NA,NA,NA,NA,NA,NA,NA,NA,NA,NA,NA,437.462,419.235,393.766,9.921,556.954,59.737,32.646,2.838,2.185,2.12,0.561,0.493
2026-03-23T19:06:49+08:00,20260323_190649_913091,D:\CodingHHW\Biplane\experiment\experiment_results.csv,Panoramix-cropped,perspective,Current mode: Perspective,1,1,0,1,1,1,17.0,22.14,14.7,0.68,0.38,0.0,0.68 mm,0.38 px,0.00 mm,testPoint,TargetP3D,blackCenter2,PointGreen,PointRed,PointGreen,testPoint,30.0,0,1,0,1,-45.193,127.301,-301.1497192,137.1224188632515,160.36860577686897,140.21696600673928,145.90266354895326,0,6.0,10.0,D:\CodingHHW\Biplane\experiment\transform_snapshots\20260323_190649_913091,LinearTransform,D:\CodingHHW\Biplane\experiment\transform_snapshots\20260323_190649_913091\20260323_190649_913091_1_LinearTransform.h5,1,LinearTransform_1,D:\CodingHHW\Biplane\experiment\transform_snapshots\20260323_190649_913091\20260323_190649_913091_2_LinearTransform_1.h5,1,LinearTransform_2,D:\CodingHHW\Biplane\experiment\transform_snapshots\20260323_190649_913091\20260323_190649_913091_3_LinearTransform_2.h5,1,3,1,0.06512854227154236,0.06512854227156314,2.0788926136106056e-14,0,0,0.04592770042144071,0.04592770042147556,3.48471251854221e-14,1,1,0.06249732139483326,0.062497321394853034,1.97758476261356e-14,0,0,0.05927686670129096,1,0,0,0,30.0,0.04285413945424662,0,0,0,0,30.0,0.054473952317382675,0,0,0,0,30.0,NA,NA,NA,NA,NA,NA,NA,NA,NA,NA,NA,NA,NA,NA,NA,NA,NA,NA,422.67,424.236,448.906,9.924,557.603,62.41,35.067,2.838,3.62,2.391,0.58,0.521
2026-03-23T19:07:14+08:00,20260323_190714_843846,D:\CodingHHW\Biplane\experiment\experiment_results.csv,Panoramix-cropped,perspective,Current mode: Perspective,1,1,0,1,1,1,17.0,22.14,14.7,0.44,0.3,0.0,0.44 mm,0.30 px,0.00 mm,testPoint,TargetP3D,blackCenter2,PointGreen,PointRed,PointGreen,testPoint,30.0,0,1,0,1,-45.193,127.301,-301.1497192,137.1224188632515,160.36860577686897,140.21696600673928,145.90266354895326,0,6.0,10.0,D:\CodingHHW\Biplane\experiment\transform_snapshots\20260323_190714_843846,LinearTransform,D:\CodingHHW\Biplane\experiment\transform_snapshots\20260323_190714_843846\20260323_190714_843846_1_LinearTransform.h5,1,LinearTransform_1,D:\CodingHHW\Biplane\experiment\transform_snapshots\20260323_190714_843846\20260323_190714_843846_2_LinearTransform_1.h5,1,LinearTransform_2,D:\CodingHHW\Biplane\experiment\transform_snapshots\20260323_190714_843846\20260323_190714_843846_3_LinearTransform_2.h5,1,3,1,0.05330192842220228,0.053301928422211035,8.756884106730922e-15,0,0,0.046589575307354816,0.046589575307371206,1.6389667401028873e-14,1,1,0.06936378056335488,0.06936378056396116,6.062789159599902e-13,0,0,0.05268450298729811,0,0,0,0,30.0,0.04598173892515214,1,0,0,0,30.0,0.0638038125745255,0,0,0,0,30.0,NA,NA,NA,NA,NA,NA,NA,NA,NA,NA,NA,NA,NA,NA,NA,NA,NA,NA,449.679,439.369,465.609,9.624,556.403,61.454,34.496,2.838,2.865,2.239,0.546,0.517
2026-03-23T19:08:13+08:00,20260323_190813_284651,D:\CodingHHW\Biplane\experiment\experiment_results.csv,Panoramix-cropped,orthographic,Current mode: Orthographic,1,0,1,1,1,1,17.0,22.14,14.7,0.12,0.08,0.0,0.12 mm,0.08 px,0.00 mm,testPoint,TargetP3D,blackCenter2,PointGreen,PointRed,PointGreen,testPoint,30.0,1,1,0,1,-45.193,127.301,-301.1497192,137.1224188632515,160.36860577686897,140.21696600673928,145.90266354895326,0,6.0,10.0,D:\CodingHHW\Biplane\experiment\transform_snapshots\20260323_190813_284651,LinearTransform,D:\CodingHHW\Biplane\experiment\transform_snapshots\20260323_190813_284651\20260323_190813_284651_1_LinearTransform.h5,1,LinearTransform_1,D:\CodingHHW\Biplane\experiment\transform_snapshots\20260323_190813_284651\20260323_190813_284651_2_LinearTransform_1.h5,1,LinearTransform_2,D:\CodingHHW\Biplane\experiment\transform_snapshots\20260323_190813_284651\20260323_190813_284651_3_LinearTransform_2.h5,1,3,1,1.819344012447309,1.8193440124473224,1.3322676295501878e-14,0,0,1.405253120129458,1.405253120129469,1.0880185641326534e-14,0,0,1.466659582838492,1.4666595828385978,1.056932319443149e-13,0,0,NA,NA,NA,NA,NA,NA,NA,NA,NA,NA,NA,NA,NA,NA,NA,NA,NA,NA,0.07347733534608428,0,0,0,0,30.0,0.03534917207503942,0,1,0,0,30.0,0.06871653845164268,0,1,0,0,30.0,517.187,534.11,532.399,10.209,520.071,28.949,34.496,2.632,3.147,2.06,0.523,0.498
2026-03-23T19:09:12+08:00,20260323_190912_671070,D:\CodingHHW\Biplane\experiment\experiment_results.csv,Panoramix-cropped,orthographic,Current mode: Orthographic,1,0,1,1,1,1,17.0,22.14,14.7,0.87,0.15,0.0,0.87 mm,0.15 px,0.00 mm,testPoint,TargetP3D,blackCenter2,PointGreen,PointRed,PointGreen,testPoint,30.0,1,1,0,1,-45.193,127.301,-301.1497192,137.1224188632515,160.36860577686897,140.21696600673928,145.90266354895326,0,6.0,10.0,D:\CodingHHW\Biplane\experiment\transform_snapshots\20260323_190912_671070,LinearTransform,D:\CodingHHW\Biplane\experiment\transform_snapshots\20260323_190912_671070\20260323_190912_671070_1_LinearTransform.h5,1,LinearTransform_1,D:\CodingHHW\Biplane\experiment\transform_snapshots\20260323_190912_671070\20260323_190912_671070_2_LinearTransform_1.h5,1,LinearTransform_2,D:\CodingHHW\Biplane\experiment\transform_snapshots\20260323_190912_671070\20260323_190912_671070_3_LinearTransform_2.h5,1,3,1,1.3089221009140617,1.3089221009140797,1.7985612998927536e-14,0,0,1.212422073177862,1.2124220731778632,1.1102230246251565e-15,1,1,1.3272198404309927,1.3272198404321096,1.1168843627729075e-12,0,0,NA,NA,NA,NA,NA,NA,NA,NA,NA,NA,NA,NA,NA,NA,NA,NA,NA,NA,0.06411912000224496,0,0,0,0,30.0,0.042362911750959145,1,1,0,0,30.0,0.05568857205935726,0,0,0,0,30.0,602.419,486.096,461.735,10.34,528.243,29.957,34.496,2.952,3.244,1.938,0.514,0.507
2026-03-23T19:09:39+08:00,20260323_190939_908690,D:\CodingHHW\Biplane\experiment\experiment_results.csv,Panoramix-cropped,orthographic,Current mode: Orthographic,1,0,1,1,1,1,17.0,22.14,14.7,0.56,0.01,0.0,0.56 mm,0.01 px,0.00 mm,testPoint,TargetP3D,blackCenter2,PointGreen,PointRed,PointGreen,testPoint,30.0,1,1,0,1,-45.193,127.301,-301.1497192,137.1224188632515,160.36860577686897,140.21696600673928,145.90266354895326,0,6.0,10.0,D:\CodingHHW\Biplane\experiment\transform_snapshots\20260323_190939_908690,LinearTransform,D:\CodingHHW\Biplane\experiment\transform_snapshots\20260323_190939_908690\20260323_190939_908690_1_LinearTransform.h5,1,LinearTransform_1,D:\CodingHHW\Biplane\experiment\transform_snapshots\20260323_190939_908690\20260323_190939_908690_2_LinearTransform_1.h5,1,LinearTransform_2,D:\CodingHHW\Biplane\experiment\transform_snapshots\20260323_190939_908690\20260323_190939_908690_3_LinearTransform_2.h5,1,3,1,1.1520428266692917,1.1520428266696867,3.950173521616307e-13,0,0,1.1673772239466944,1.1673772239467017,7.327471962526033e-15,0,0,1.2388104841383163,1.2388104841389609,6.445954880973659e-13,0,0,NA,NA,NA,NA,NA,NA,NA,NA,NA,NA,NA,NA,NA,NA,NA,NA,NA,NA,0.044993606521985266,1,1,0,0,30.0,0.07863986397331998,1,1,0,0,30.0,0.0719760320253863,0,1,0,0,30.0,654.656,485.855,467.246,9.731,525.244,28.69,34.496,2.753,4.261,2.535,0.661,0.603
2026-03-23T19:10:10+08:00,20260323_191010_413501,D:\CodingHHW\Biplane\experiment\experiment_results.csv,Panoramix-cropped,orthographic,Current mode: Orthographic,1,0,1,1,1,1,17.0,22.14,14.7,0.28,0.35,0.0,0.28 mm,0.35 px,0.00 mm,testPoint,TargetP3D,blackCenter2,PointGreen,PointRed,PointGreen,testPoint,30.0,1,1,0,1,-45.193,127.301,-301.1497192,137.1224188632515,160.36860577686897,140.21696600673928,145.90266354895326,0,6.0,10.0,D:\CodingHHW\Biplane\experiment\transform_snapshots\20260323_191010_413501,LinearTransform,D:\CodingHHW\Biplane\experiment\transform_snapshots\20260323_191010_413501\20260323_191010_413501_1_LinearTransform.h5,1,LinearTransform_1,D:\CodingHHW\Biplane\experiment\transform_snapshots\20260323_191010_413501\20260323_191010_413501_2_LinearTransform_1.h5,1,LinearTransform_2,D:\CodingHHW\Biplane\experiment\transform_snapshots\20260323_191010_413501\20260323_191010_413501_3_LinearTransform_2.h5,1,3,1,1.185710750170935,1.1857107501709412,6.217248937900877e-15,1,1,1.2631670633836036,1.2631670633836254,2.1760371282653068e-14,1,0,1.2857607754165559,1.2857607754165603,4.440892098500626e-15,0,1,NA,NA,NA,NA,NA,NA,NA,NA,NA,NA,NA,NA,NA,NA,NA,NA,NA,NA,0.07397257399165015,0,1,0,0,30.0,0.0670110313520208,0,1,0,0,30.0,0.06875154547973363,0,0,0,0,30.0,689.187,549.128,516.439,10.856,527.395,29.475,34.496,3.253,3.428,2.281,0.699,0.501
2026-03-23T19:10:32+08:00,20260323_191032_761856,D:\CodingHHW\Biplane\experiment\experiment_results.csv,Panoramix-cropped,orthographic,Current mode: Orthographic,1,0,1,1,1,1,17.0,22.14,14.7,0.36,0.69,0.0,0.36 mm,0.69 px,0.00 mm,testPoint,TargetP3D,blackCenter2,PointGreen,PointRed,PointGreen,testPoint,30.0,1,1,0,1,-45.193,127.301,-301.1497192,137.1224188632515,160.36860577686897,140.21696600673928,145.90266354895326,0,6.0,10.0,D:\CodingHHW\Biplane\experiment\transform_snapshots\20260323_191032_761856,LinearTransform,D:\CodingHHW\Biplane\experiment\transform_snapshots\20260323_191032_761856\20260323_191032_761856_1_LinearTransform.h5,1,LinearTransform_1,D:\CodingHHW\Biplane\experiment\transform_snapshots\20260323_191032_761856\20260323_191032_761856_2_LinearTransform_1.h5,1,LinearTransform_2,D:\CodingHHW\Biplane\experiment\transform_snapshots\20260323_191032_761856\20260323_191032_761856_3_LinearTransform_2.h5,1,3,1,1.2486262284075458,1.248626228407597,5.129230373768223e-14,1,1,1.3090218674222243,1.3090218674222676,4.3298697960381105e-14,0,0,1.2482848181089425,1.248284818109231,2.8843594179761567e-13,0,1,NA,NA,NA,NA,NA,NA,NA,NA,NA,NA,NA,NA,NA,NA,NA,NA,NA,NA,0.08846037665131927,1,0,0,0,30.0,0.05958920780989073,0,1,0,0,30.0,0.0597689553912176,0,0,0,0,30.0,567.526,534.933,474.021,9.642,520.814,29.222,34.496,2.928,3.282,2.094,0.558,0.493
2026-03-23T19:11:27+08:00,20260323_191127_324915,D:\CodingHHW\Biplane\experiment\experiment_results.csv,Panoramix-cropped,orthographic,Current mode: Orthographic,1,0,1,1,1,1,17.0,22.14,14.7,0.37,0.12,0.0,0.37 mm,0.12 px,0.00 mm,testPoint,TargetP3D,blackCenter2,PointGreen,PointRed,PointGreen,testPoint,30.0,1,1,0,1,-45.193,127.301,-301.1497192,137.1224188632515,160.36860577686897,140.21696600673928,145.90266354895326,0,6.0,10.0,D:\CodingHHW\Biplane\experiment\transform_snapshots\20260323_191127_324915,LinearTransform,D:\CodingHHW\Biplane\experiment\transform_snapshots\20260323_191127_324915\20260323_191127_324915_1_LinearTransform.h5,1,LinearTransform_1,D:\CodingHHW\Biplane\experiment\transform_snapshots\20260323_191127_324915\20260323_191127_324915_2_LinearTransform_1.h5,1,LinearTransform_2,D:\CodingHHW\Biplane\experiment\transform_snapshots\20260323_191127_324915\20260323_191127_324915_3_LinearTransform_2.h5,1,3,1,1.3054491826355585,1.3054491826355688,1.021405182655144e-14,0,0,1.170499791372926,1.1704997913729398,1.3766765505351941e-14,1,1,1.2366545029567957,1.2366545029568023,6.661338147750939e-15,1,1,NA,NA,NA,NA,NA,NA,NA,NA,NA,NA,NA,NA,NA,NA,NA,NA,NA,NA,0.044352481229693666,0,0,0,0,30.0,0.04894046252053209,0,1,0,0,30.0,0.037890661043642165,1,0,0,0,30.0,480.455,473.76,438.642,9.509,523.086,28.815,34.496,2.724,2.93,2.33,0.547,0.487
2026-03-23T19:12:09+08:00,20260323_191209_675635,D:\CodingHHW\Biplane\experiment\experiment_results.csv,Panoramix-cropped,orthographic,Current mode: Orthographic,1,0,1,1,1,1,17.0,22.14,14.7,0.49,0.09,0.0,0.49 mm,0.09 px,0.00 mm,testPoint,TargetP3D,blackCenter2,PointGreen,PointRed,PointGreen,testPoint,30.0,1,1,0,1,-45.193,127.301,-301.1497192,137.1224188632515,160.36860577686897,140.21696600673928,145.90266354895326,0,6.0,10.0,D:\CodingHHW\Biplane\experiment\transform_snapshots\20260323_191209_675635,LinearTransform,D:\CodingHHW\Biplane\experiment\transform_snapshots\20260323_191209_675635\20260323_191209_675635_1_LinearTransform.h5,1,LinearTransform_1,D:\CodingHHW\Biplane\experiment\transform_snapshots\20260323_191209_675635\20260323_191209_675635_2_LinearTransform_1.h5,1,LinearTransform_2,D:\CodingHHW\Biplane\experiment\transform_snapshots\20260323_191209_675635\20260323_191209_675635_3_LinearTransform_2.h5,1,3,1,1.1591966915906347,1.1591966915906549,2.020605904817785e-14,1,1,1.2393825813066326,1.2393825813066335,8.881784197001252e-16,1,1,1.3089994798711904,1.3089994798715316,3.412825577697731e-13,0,1,NA,NA,NA,NA,NA,NA,NA,NA,NA,NA,NA,NA,NA,NA,NA,NA,NA,NA,0.03898013486172072,1,1,0,0,30.0,0.10241263722121004,0,1,0,0,30.0,0.07243351790956086,0,0,0,0,30.0,512.618,633.955,485.889,9.794,525.656,29.454,34.496,2.931,3.725,2.087,0.506,0.506
2026-03-24T09:47:29+08:00,20260324_094729_866522,D:\CodingHHW\Biplane\experiment\experiment_results.csv,Panoramix-cropped,perspective,Current mode: Perspective,1,1,0,1,1,1,35.41,57.49,56.59,0.46,0.31,0.0,0.46 mm,0.31 px,0.00 mm,testPoint,TargetP3D,blackCenter2,PointGreen,PointRed,PointGreen,testPoint,30.0,0,1,0,1,122.11874389648438,136.41525268554688,-282.7076416015625,173.55755295106613,186.5529250701899,179.43155776080462,179.8473452606869,0,6.0,10.0,D:\CodingHHW\Biplane\experiment\transform_snapshots\20260324_094729_866522,LinearTransform,D:\CodingHHW\Biplane\experiment\transform_snapshots\20260324_094729_866522\20260324_094729_866522_1_LinearTransform.h5,1,LinearTransform_1,D:\CodingHHW\Biplane\experiment\transform_snapshots\20260324_094729_866522\20260324_094729_866522_2_LinearTransform_1.h5,1,LinearTransform_2,D:\CodingHHW\Biplane\experiment\transform_snapshots\20260324_094729_866522\20260324_094729_866522_3_LinearTransform_2.h5,1,3,1,0.0602916548370566,0.060291654862835435,2.577883739807163e-11,0,0,0.05842368632290959,0.05842368632305797,1.4838130724115217e-13,1,1,0.0739123343717128,0.07391233437217515,4.623523786051464e-13,1,1,0.057112360927758926,1,1,0,0,30.0,0.052158608130239564,1,1,0,0,30.0,0.07220118782640751,0,0,0,0,30.0,NA,NA,NA,NA,NA,NA,NA,NA,NA,NA,NA,NA,NA,NA,NA,NA,NA,NA,481.61,427.607,399.934,86.187,939.573,200.714,33.427,NA,14.946,64.585,0.531,0.531
2026-03-24T09:48:08+08:00,20260324_094808_901929,D:\CodingHHW\Biplane\experiment\experiment_results.csv,Panoramix-cropped,perspective,Current mode: Perspective,1,1,0,1,1,1,35.41,57.49,56.59,0.42,0.04,0.0,0.42 mm,0.04 px,0.00 mm,testPoint,TargetP3D,blackCenter2,PointGreen,PointRed,PointGreen,testPoint,30.0,0,1,0,1,122.11874389648438,136.41525268554688,-282.7076416015625,173.55755295106613,186.5529250701899,179.43155776080462,179.8473452606869,0,6.0,10.0,D:\CodingHHW\Biplane\experiment\transform_snapshots\20260324_094808_901929,LinearTransform,D:\CodingHHW\Biplane\experiment\transform_snapshots\20260324_094808_901929\20260324_094808_901929_1_LinearTransform.h5,1,LinearTransform_1,D:\CodingHHW\Biplane\experiment\transform_snapshots\20260324_094808_901929\20260324_094808_901929_2_LinearTransform_1.h5,1,LinearTransform_2,D:\CodingHHW\Biplane\experiment\transform_snapshots\20260324_094808_901929\20260324_094808_901929_3_LinearTransform_2.h5,1,3,1,0.0480084503235559,0.048008450323742,1.8610113450279187e-13,1,1,0.049991120538341045,0.04999112053835136,1.0311196341206141e-14,1,1,0.04710435897815903,0.04710435897828157,1.2254086634300165e-13,1,1,0.045278703387009754,0,0,0,0,30.0,0.04870647888587617,0,0,0,0,30.0,0.04630865998400913,1,0,0,0,30.0,NA,NA,NA,NA,NA,NA,NA,NA,NA,NA,NA,NA,NA,NA,NA,NA,NA,NA,442.178,449.053,376.906,9.729,581.996,66.401,31.069,NA,1.838,2.539,0.506,0.438
2026-03-24T09:48:52+08:00,20260324_094852_224253,D:\CodingHHW\Biplane\experiment\experiment_results.csv,Panoramix-cropped,perspective,Current mode: Perspective,1,1,0,1,1,1,35.41,57.49,56.59,0.37,0.25,0.0,0.37 mm,0.25 px,0.00 mm,testPoint,TargetP3D,blackCenter2,PointGreen,PointRed,PointGreen,testPoint,30.0,0,1,0,1,122.11874389648438,136.41525268554688,-282.7076416015625,173.55755295106613,186.5529250701899,179.43155776080462,179.8473452606869,0,6.0,10.0,D:\CodingHHW\Biplane\experiment\transform_snapshots\20260324_094852_224253,LinearTransform,D:\CodingHHW\Biplane\experiment\transform_snapshots\20260324_094852_224253\20260324_094852_224253_1_LinearTransform.h5,1,LinearTransform_1,D:\CodingHHW\Biplane\experiment\transform_snapshots\20260324_094852_224253\20260324_094852_224253_2_LinearTransform_1.h5,1,LinearTransform_2,D:\CodingHHW\Biplane\experiment\transform_snapshots\20260324_094852_224253\20260324_094852_224253_3_LinearTransform_2.h5,1,3,1,0.06040065414015728,0.060400654140210765,5.3484994211316916e-14,0,0,0.07371968504368297,0.07371968504376207,7.91033905045424e-14,0,0,0.050518720870266674,0.05051872087031424,4.756611771128405e-14,0,0,0.058295543169230864,1,0,0,0,30.0,0.0696335699768989,1,1,0,0,30.0,0.04957814330609889,1,1,0,0,30.0,NA,NA,NA,NA,NA,NA,NA,NA,NA,NA,NA,NA,NA,NA,NA,NA,NA,NA,375.174,449.285,357.089,10.673,550.924,59.469,31.516,NA,1.33,1.655,0.512,0.567
2026-03-24T09:49:22+08:00,20260324_094922_368721,D:\CodingHHW\Biplane\experiment\experiment_results.csv,Panoramix-cropped,perspective,Current mode: Perspective,1,1,0,1,1,1,35.41,57.49,56.59,0.15,0.05,0.0,0.15 mm,0.05 px,0.00 mm,testPoint,TargetP3D,blackCenter2,PointGreen,PointRed,PointGreen,testPoint,30.0,0,1,0,1,122.11874389648438,136.41525268554688,-282.7076416015625,173.55755295106613,186.5529250701899,179.43155776080462,179.8473452606869,0,6.0,10.0,D:\CodingHHW\Biplane\experiment\transform_snapshots\20260324_094922_368721,LinearTransform,D:\CodingHHW\Biplane\experiment\transform_snapshots\20260324_094922_368721\20260324_094922_368721_1_LinearTransform.h5,1,LinearTransform_1,D:\CodingHHW\Biplane\experiment\transform_snapshots\20260324_094922_368721\20260324_094922_368721_2_LinearTransform_1.h5,1,LinearTransform_2,D:\CodingHHW\Biplane\experiment\transform_snapshots\20260324_094922_368721\20260324_094922_368721_3_LinearTransform_2.h5,1,3,1,0.027024840678582046,0.02702484067858894,6.893791093531831e-15,0,0,0.04807247600632384,0.04807247600639685,7.301104165691186e-14,1,1,0.07504117642131294,0.07504117642139951,8.656964034514658e-14,1,1,0.02649428253653079,1,1,0,0,30.0,0.046361594083752344,0,1,0,0,30.0,0.07452629759942765,1,0,0,0,30.0,NA,NA,NA,NA,NA,NA,NA,NA,NA,NA,NA,NA,NA,NA,NA,NA,NA,NA,432.26,484.183,386.419,10.689,554.073,60.557,31.598,NA,1.789,1.512,0.657,0.555
2026-03-24T09:50:00+08:00,20260324_095000_039023,D:\CodingHHW\Biplane\experiment\experiment_results.csv,Panoramix-cropped,perspective,Current mode: Perspective,1,1,0,1,1,1,35.41,57.49,56.59,0.06,0.08,0.0,0.06 mm,0.08 px,0.00 mm,testPoint,TargetP3D,blackCenter2,PointGreen,PointRed,PointGreen,testPoint,30.0,0,1,0,1,122.11874389648438,136.41525268554688,-282.7076416015625,173.55755295106613,186.5529250701899,179.43155776080462,179.8473452606869,0,6.0,10.0,D:\CodingHHW\Biplane\experiment\transform_snapshots\20260324_095000_039023,LinearTransform,D:\CodingHHW\Biplane\experiment\transform_snapshots\20260324_095000_039023\20260324_095000_039023_1_LinearTransform.h5,1,LinearTransform_1,D:\CodingHHW\Biplane\experiment\transform_snapshots\20260324_095000_039023\20260324_095000_039023_2_LinearTransform_1.h5,1,LinearTransform_2,D:\CodingHHW\Biplane\experiment\transform_snapshots\20260324_095000_039023\20260324_095000_039023_3_LinearTransform_2.h5,1,3,1,0.03807372916705854,0.038073729171600325,4.541783615863437e-12,1,1,0.07747297809720069,0.07747297809720671,6.022959908591474e-15,0,0,0.07718729232377362,0.07718729232403981,2.661898479416891e-13,1,1,0.03759498562233416,0,1,0,0,30.0,0.07558705852382704,1,1,0,0,30.0,0.07467948491252786,0,0,0,0,30.0,NA,NA,NA,NA,NA,NA,NA,NA,NA,NA,NA,NA,NA,NA,NA,NA,NA,NA,466.949,457.134,370.534,9.963,548.237,57.467,30.654,NA,1.843,1.791,0.507,0.711
2026-03-24T09:50:29+08:00,20260324_095029_299832,D:\CodingHHW\Biplane\experiment\experiment_results.csv,Panoramix-cropped,perspective,Current mode: Perspective,1,1,0,1,1,1,35.41,57.49,56.59,0.17,0.26,0.0,0.17 mm,0.26 px,0.00 mm,testPoint,TargetP3D,blackCenter2,PointGreen,PointRed,PointGreen,testPoint,30.0,0,1,0,1,122.11874389648438,136.41525268554688,-282.7076416015625,173.55755295106613,186.5529250701899,179.43155776080462,179.8473452606869,0,6.0,10.0,D:\CodingHHW\Biplane\experiment\transform_snapshots\20260324_095029_299832,LinearTransform,D:\CodingHHW\Biplane\experiment\transform_snapshots\20260324_095029_299832\20260324_095029_299832_1_LinearTransform.h5,1,LinearTransform_1,D:\CodingHHW\Biplane\experiment\transform_snapshots\20260324_095029_299832\20260324_095029_299832_2_LinearTransform_1.h5,1,LinearTransform_2,D:\CodingHHW\Biplane\experiment\transform_snapshots\20260324_095029_299832\20260324_095029_299832_3_LinearTransform_2.h5,1,3,1,0.05238930610449659,0.0523893061047608,2.6421226317907553e-13,0,0,0.049295317488820545,0.04929531748884739,2.6846580514217067e-14,0,0,0.057884942049510335,0.057884942049687506,1.7717077804846326e-13,1,1,0.04982333862091846,0,1,0,0,30.0,0.047723376708945615,0,0,0,0,30.0,0.05334244004143504,1,1,0,0,30.0,NA,NA,NA,NA,NA,NA,NA,NA,NA,NA,NA,NA,NA,NA,NA,NA,NA,NA,563.909,483.268,373.855,9.534,550.297,55.574,29.616,NA,1.761,1.721,0.66,0.7
2026-03-24T09:51:20+08:00,20260324_095120_536415,D:\CodingHHW\Biplane\experiment\experiment_results.csv,Panoramix-cropped,perspective,Current mode: Perspective,1,1,0,1,1,1,35.41,57.49,56.59,0.25,0.24,0.0,0.25 mm,0.24 px,0.00 mm,testPoint,TargetP3D,blackCenter2,PointGreen,PointRed,PointGreen,testPoint,30.0,0,1,0,1,122.11874389648438,136.41525268554688,-282.7076416015625,173.55755295106613,186.5529250701899,179.43155776080462,179.8473452606869,0,6.0,10.0,D:\CodingHHW\Biplane\experiment\transform_snapshots\20260324_095120_536415,LinearTransform,D:\CodingHHW\Biplane\experiment\transform_snapshots\20260324_095120_536415\20260324_095120_536415_1_LinearTransform.h5,1,LinearTransform_1,D:\CodingHHW\Biplane\experiment\transform_snapshots\20260324_095120_536415\20260324_095120_536415_2_LinearTransform_1.h5,1,LinearTransform_2,D:\CodingHHW\Biplane\experiment\transform_snapshots\20260324_095120_536415\20260324_095120_536415_3_LinearTransform_2.h5,1,3,1,0.0633401691923994,0.06334016919253935,1.3994361225400098e-13,0,0,0.050280787620121455,0.05028078762013812,1.6667223157185163e-14,0,0,0.039762155512149885,0.039762155512197424,4.753836213566842e-14,1,1,0.06202592877562974,0,1,0,0,30.0,0.04890329975443053,1,1,0,0,30.0,0.03956458481109491,1,0,0,0,30.0,NA,NA,NA,NA,NA,NA,NA,NA,NA,NA,NA,NA,NA,NA,NA,NA,NA,NA,420.67,434.551,372.527,10.754,552.377,58.15,31.303,NA,2.307,1.577,0.546,0.805
2026-03-24T09:51:56+08:00,20260324_095156_816811,D:\CodingHHW\Biplane\experiment\experiment_results.csv,Panoramix-cropped,orthographic,Current mode: Orthographic,1,0,1,1,1,1,35.41,57.49,56.59,0.19,0.69,0.0,0.19 mm,0.69 px,0.00 mm,testPoint,TargetP3D,blackCenter2,PointGreen,PointRed,PointGreen,testPoint,30.0,1,1,0,1,122.11874389648438,136.41525268554688,-282.7076416015625,173.55755295106613,186.5529250701899,179.43155776080462,179.8473452606869,0,6.0,10.0,D:\CodingHHW\Biplane\experiment\transform_snapshots\20260324_095156_816811,LinearTransform,D:\CodingHHW\Biplane\experiment\transform_snapshots\20260324_095156_816811\20260324_095156_816811_1_LinearTransform.h5,1,LinearTransform_1,D:\CodingHHW\Biplane\experiment\transform_snapshots\20260324_095156_816811\20260324_095156_816811_2_LinearTransform_1.h5,1,LinearTransform_2,D:\CodingHHW\Biplane\experiment\transform_snapshots\20260324_095156_816811\20260324_095156_816811_3_LinearTransform_2.h5,1,3,1,0.9974251275689805,0.9974251275689924,1.1879386363489175e-14,1,1,1.8763840848530382,1.8763840848530788,4.063416270128073e-14,1,1,1.3600789060245888,1.3600789060245948,5.995204332975845e-15,1,1,NA,NA,NA,NA,NA,NA,NA,NA,NA,NA,NA,NA,NA,NA,NA,NA,NA,NA,0.07744151969436464,0,0,0,0,30.0,0.044463201208692016,0,0,0,0,30.0,0.03980092299730732,0,1,0,0,30.0,457.32,491.19,380.673,9.623,520.881,30.333,31.303,3.306,1.63,1.717,0.692,0.494
2026-03-24T09:52:27+08:00,20260324_095227_264940,D:\CodingHHW\Biplane\experiment\experiment_results.csv,Panoramix-cropped,orthographic,Current mode: Orthographic,1,0,1,1,1,1,35.41,57.49,56.59,0.14,0.11,0.0,0.14 mm,0.11 px,0.00 mm,testPoint,TargetP3D,blackCenter2,PointGreen,PointRed,PointGreen,testPoint,30.0,1,1,0,1,122.11874389648438,136.41525268554688,-282.7076416015625,173.55755295106613,186.5529250701899,179.43155776080462,179.8473452606869,0,6.0,10.0,D:\CodingHHW\Biplane\experiment\transform_snapshots\20260324_095227_264940,LinearTransform,D:\CodingHHW\Biplane\experiment\transform_snapshots\20260324_095227_264940\20260324_095227_264940_1_LinearTransform.h5,1,LinearTransform_1,D:\CodingHHW\Biplane\experiment\transform_snapshots\20260324_095227_264940\20260324_095227_264940_2_LinearTransform_1.h5,1,LinearTransform_2,D:\CodingHHW\Biplane\experiment\transform_snapshots\20260324_095227_264940\20260324_095227_264940_3_LinearTransform_2.h5,1,3,1,1.370695463827286,1.3706954638273163,3.042011087472929e-14,1,1,1.9878041873642036,1.9878041873642394,3.574918139293004e-14,0,0,1.644019912192266,1.6440199121922732,7.105427357601002e-15,0,0,NA,NA,NA,NA,NA,NA,NA,NA,NA,NA,NA,NA,NA,NA,NA,NA,NA,NA,0.058257573647835785,0,1,0,0,30.0,0.057554598740816434,1,0,0,0,30.0,0.0710912537290646,0,1,0,0,30.0,494.168,459.005,382.105,10.078,519.791,29.467,31.303,2.83,1.633,1.623,0.716,0.533
2026-03-24T09:52:55+08:00,20260324_095255_361541,D:\CodingHHW\Biplane\experiment\experiment_results.csv,Panoramix-cropped,orthographic,Current mode: Orthographic,1,0,1,1,1,1,35.41,57.49,56.59,0.17,0.36,0.0,0.17 mm,0.36 px,0.00 mm,testPoint,TargetP3D,blackCenter2,PointGreen,PointRed,PointGreen,testPoint,30.0,1,1,0,1,122.11874389648438,136.41525268554688,-282.7076416015625,173.55755295106613,186.5529250701899,179.43155776080462,179.8473452606869,0,6.0,10.0,D:\CodingHHW\Biplane\experiment\transform_snapshots\20260324_095255_361541,LinearTransform,D:\CodingHHW\Biplane\experiment\transform_snapshots\20260324_095255_361541\20260324_095255_361541_1_LinearTransform.h5,1,LinearTransform_1,D:\CodingHHW\Biplane\experiment\transform_snapshots\20260324_095255_361541\20260324_095255_361541_2_LinearTransform_1.h5,1,LinearTransform_2,D:\CodingHHW\Biplane\experiment\transform_snapshots\20260324_095255_361541\20260324_095255_361541_3_LinearTransform_2.h5,1,3,1,1.2434982735010969,1.2434982735013136,2.1671553440683056e-13,1,1,1.6643323142756896,1.6643323142757778,8.815170815523743e-14,1,1,1.2203681957264947,1.2203681957265131,1.84297022087776e-14,0,0,NA,NA,NA,NA,NA,NA,NA,NA,NA,NA,NA,NA,NA,NA,NA,NA,NA,NA,0.05544653673078321,1,0,0,0,30.0,0.03218291018911014,0,1,0,0,30.0,0.045903207992922856,1,0,0,0,30.0,456.455,458.373,363.28,10.304,520.141,29.492,31.303,3.231,1.693,1.609,0.53,0.52
2026-03-24T09:53:24+08:00,20260324_095324_620391,D:\CodingHHW\Biplane\experiment\experiment_results.csv,Panoramix-cropped,orthographic,Current mode: Orthographic,1,0,1,1,1,1,35.41,57.49,56.59,0.2,0.02,0.0,0.20 mm,0.02 px,0.00 mm,testPoint,TargetP3D,blackCenter2,PointGreen,PointRed,PointGreen,testPoint,30.0,1,1,0,1,122.11874389648438,136.41525268554688,-282.7076416015625,173.55755295106613,186.5529250701899,179.43155776080462,179.8473452606869,0,6.0,10.0,D:\CodingHHW\Biplane\experiment\transform_snapshots\20260324_095324_620391,LinearTransform,D:\CodingHHW\Biplane\experiment\transform_snapshots\20260324_095324_620391\20260324_095324_620391_1_LinearTransform.h5,1,LinearTransform_1,D:\CodingHHW\Biplane\experiment\transform_snapshots\20260324_095324_620391\20260324_095324_620391_2_LinearTransform_1.h5,1,LinearTransform_2,D:\CodingHHW\Biplane\experiment\transform_snapshots\20260324_095324_620391\20260324_095324_620391_3_LinearTransform_2.h5,1,3,1,1.4235584252683782,1.4235584252683808,2.6645352591003757e-15,0,0,1.7355073123422102,1.7355073123422378,2.7533531010703882e-14,1,1,1.2152393617680255,1.2152393617681005,7.505107646466058e-14,1,1,NA,NA,NA,NA,NA,NA,NA,NA,NA,NA,NA,NA,NA,NA,NA,NA,NA,NA,0.05579123561671024,1,1,0,0,30.0,0.04251222786587491,0,0,0,0,30.0,0.056200157297852035,1,1,0,0,30.0,469.207,432.881,351.222,9.569,521.899,29.122,31.303,3.041,1.655,1.54,0.54,0.559
2026-03-24T09:53:57+08:00,20260324_095357_561522,D:\CodingHHW\Biplane\experiment\experiment_results.csv,Panoramix-cropped,orthographic,Current mode: Orthographic,1,0,1,1,1,1,35.41,57.49,56.59,0.15,0.02,0.0,0.15 mm,0.02 px,0.00 mm,testPoint,TargetP3D,blackCenter2,PointGreen,PointRed,PointGreen,testPoint,30.0,1,1,0,1,122.11874389648438,136.41525268554688,-282.7076416015625,173.55755295106613,186.5529250701899,179.43155776080462,179.8473452606869,0,6.0,10.0,D:\CodingHHW\Biplane\experiment\transform_snapshots\20260324_095357_561522,LinearTransform,D:\CodingHHW\Biplane\experiment\transform_snapshots\20260324_095357_561522\20260324_095357_561522_1_LinearTransform.h5,1,LinearTransform_1,D:\CodingHHW\Biplane\experiment\transform_snapshots\20260324_095357_561522\20260324_095357_561522_2_LinearTransform_1.h5,1,LinearTransform_2,D:\CodingHHW\Biplane\experiment\transform_snapshots\20260324_095357_561522\20260324_095357_561522_3_LinearTransform_2.h5,1,3,1,1.4677729225864609,1.4677729225869218,4.60964599824365e-13,1,1,1.6826704290953298,1.6826704290954466,1.1679546219056647e-13,0,0,1.2684971555081148,1.2684971555085396,4.247713292215849e-13,1,1,NA,NA,NA,NA,NA,NA,NA,NA,NA,NA,NA,NA,NA,NA,NA,NA,NA,NA,0.04327081802768478,0,1,0,0,30.0,0.05832783266738023,0,0,0,0,30.0,0.0537872776749322,0,1,0,0,30.0,513.303,526.22,409.436,10.128,520.59,29.358,31.303,3.569,2.252,2.547,0.584,0.557
2026-03-24T09:54:27+08:00,20260324_095427_476880,D:\CodingHHW\Biplane\experiment\experiment_results.csv,Panoramix-cropped,orthographic,Current mode: Orthographic,1,0,1,1,1,1,35.41,57.49,56.59,0.15,0.83,0.0,0.15 mm,0.83 px,0.00 mm,testPoint,TargetP3D,blackCenter2,PointGreen,PointRed,PointGreen,testPoint,30.0,1,1,0,1,122.11874389648438,136.41525268554688,-282.7076416015625,173.55755295106613,186.5529250701899,179.43155776080462,179.8473452606869,0,6.0,10.0,D:\CodingHHW\Biplane\experiment\transform_snapshots\20260324_095427_476880,LinearTransform,D:\CodingHHW\Biplane\experiment\transform_snapshots\20260324_095427_476880\20260324_095427_476880_1_LinearTransform.h5,1,LinearTransform_1,D:\CodingHHW\Biplane\experiment\transform_snapshots\20260324_095427_476880\20260324_095427_476880_2_LinearTransform_1.h5,1,LinearTransform_2,D:\CodingHHW\Biplane\experiment\transform_snapshots\20260324_095427_476880\20260324_095427_476880_3_LinearTransform_2.h5,1,3,1,1.4250727252392432,1.4250727252392794,3.6193270602780103e-14,1,1,1.7045151750289602,1.7045151750290173,5.706546346573305e-14,1,1,1.517370843814332,1.5173708438143356,3.552713678800501e-15,0,0,NA,NA,NA,NA,NA,NA,NA,NA,NA,NA,NA,NA,NA,NA,NA,NA,NA,NA,0.03842910679834563,1,1,0,0,30.0,0.037906043670367984,1,0,0,0,30.0,0.054081457470275165,1,0,0,0,30.0,539.917,499.409,385.066,9.863,525.198,29.664,31.303,3.057,2.209,1.668,0.484,0.681
2026-03-24T09:54:54+08:00,20260324_095454_017878,D:\CodingHHW\Biplane\experiment\experiment_results.csv,Panoramix-cropped,orthographic,Current mode: Orthographic,1,0,1,1,1,1,35.41,57.49,56.59,0.18,0.35,0.0,0.18 mm,0.35 px,0.00 mm,testPoint,TargetP3D,blackCenter2,PointGreen,PointRed,PointGreen,testPoint,30.0,1,1,0,1,122.11874389648438,136.41525268554688,-282.7076416015625,173.55755295106613,186.5529250701899,179.43155776080462,179.8473452606869,0,6.0,10.0,D:\CodingHHW\Biplane\experiment\transform_snapshots\20260324_095454_017878,LinearTransform,D:\CodingHHW\Biplane\experiment\transform_snapshots\20260324_095454_017878\20260324_095454_017878_1_LinearTransform.h5,1,LinearTransform_1,D:\CodingHHW\Biplane\experiment\transform_snapshots\20260324_095454_017878\20260324_095454_017878_2_LinearTransform_1.h5,1,LinearTransform_2,D:\CodingHHW\Biplane\experiment\transform_snapshots\20260324_095454_017878\20260324_095454_017878_3_LinearTransform_2.h5,1,3,1,1.3291846692155562,1.3291846692156335,7.72715225139109e-14,0,0,1.6141974030334203,1.6141974030335227,1.0236256287043943e-13,0,0,1.4263678959938277,1.4263678959938493,2.1538326677728037e-14,0,0,NA,NA,NA,NA,NA,NA,NA,NA,NA,NA,NA,NA,NA,NA,NA,NA,NA,NA,0.03524470745111441,0,1,0,0,30.0,0.04607714389434925,1,0,0,0,30.0,0.03986249622461143,1,0,0,0,30.0,475.681,457.56,412.522,9.837,525.951,29.84,31.303,2.972,1.631,1.553,0.727,0.657
2026-03-24T09:55:32+08:00,20260324_095532_581382,D:\CodingHHW\Biplane\experiment\experiment_results.csv,Panoramix-cropped,orthographic,Current mode: Orthographic,1,0,1,1,1,1,35.41,57.49,56.59,0.18,0.39,0.0,0.18 mm,0.39 px,0.00 mm,testPoint,TargetP3D,blackCenter2,PointGreen,PointRed,PointGreen,testPoint,30.0,1,1,0,1,122.11874389648438,136.41525268554688,-282.7076416015625,173.55755295106613,186.5529250701899,179.43155776080462,179.8473452606869,0,6.0,10.0,D:\CodingHHW\Biplane\experiment\transform_snapshots\20260324_095532_581382,LinearTransform,D:\CodingHHW\Biplane\experiment\transform_snapshots\20260324_095532_581382\20260324_095532_581382_1_LinearTransform.h5,1,LinearTransform_1,D:\CodingHHW\Biplane\experiment\transform_snapshots\20260324_095532_581382\20260324_095532_581382_2_LinearTransform_1.h5,1,LinearTransform_2,D:\CodingHHW\Biplane\experiment\transform_snapshots\20260324_095532_581382\20260324_095532_581382_3_LinearTransform_2.h5,1,3,1,1.3367866461306408,1.3367866461306495,8.659739592076221e-15,0,0,1.5301517550961727,1.5301517550961794,6.661338147750939e-15,1,1,1.4094579229883784,1.4094579229884172,3.885780586188048e-14,0,0,NA,NA,NA,NA,NA,NA,NA,NA,NA,NA,NA,NA,NA,NA,NA,NA,NA,NA,0.0462448192222599,0,0,0,0,30.0,0.0419756034244566,0,1,0,0,30.0,0.04338701294308739,0,0,0,0,30.0,509.925,460.139,391.767,9.49,518.604,29.368,31.303,3.118,1.642,1.56,0.788,0.498
2026-03-24T09:57:47+08:00,20260324_095747_679463,D:\CodingHHW\Biplane\experiment\experiment_results.csv,Panoramix-cropped,orthographic,Current mode: Orthographic,1,0,1,1,1,1,86.82,81.34,85.85,0.22,0.05,0.0,0.22 mm,0.05 px,0.00 mm,testPoint,TargetP3D,blackCenter2,PointGreen,PointRed,PointGreen,testPoint,30.0,1,1,0,1,122.119,136.415,-282.7076416,173.55791074638657,186.47664312277215,184.5138519041076,181.51613525775542,0,6.0,10.0,D:\CodingHHW\Biplane\experiment\transform_snapshots\20260324_095747_679463,LinearTransform,D:\CodingHHW\Biplane\experiment\transform_snapshots\20260324_095747_679463\20260324_095747_679463_1_LinearTransform.h5,1,LinearTransform_1,D:\CodingHHW\Biplane\experiment\transform_snapshots\20260324_095747_679463\20260324_095747_679463_2_LinearTransform_1.h5,1,LinearTransform_2,D:\CodingHHW\Biplane\experiment\transform_snapshots\20260324_095747_679463\20260324_095747_679463_3_LinearTransform_2.h5,1,3,1,1.3111152249979972,1.3111152249980542,5.706546346573305e-14,0,0,2.0748965642027484,2.074896564202754,5.773159728050814e-15,0,0,1.349723031325557,1.3497230313255717,1.4654943925052066e-14,0,0,NA,NA,NA,NA,NA,NA,NA,NA,NA,NA,NA,NA,NA,NA,NA,NA,NA,NA,0.03524470745111107,0,0,0,0,30.0,0.03046984871788564,0,0,0,0,30.0,0.04389768549207677,0,0,0,0,30.0,536.533,482.943,482.115,9.878,549.774,29.933,31.303,2.682,1.894,1.928,0.753,0.617
2026-03-24T09:58:22+08:00,20260324_095822_616793,D:\CodingHHW\Biplane\experiment\experiment_results.csv,Panoramix-cropped,orthographic,Current mode: Orthographic,1,0,1,1,1,1,86.82,81.34,85.85,0.13,0.29,0.0,0.13 mm,0.29 px,0.00 mm,testPoint,TargetP3D,blackCenter2,PointGreen,PointRed,PointGreen,testPoint,30.0,1,1,0,1,122.119,136.415,-282.7076416,173.55791074638657,186.47664312277215,184.5138519041076,181.51613525775542,0,6.0,10.0,D:\CodingHHW\Biplane\experiment\transform_snapshots\20260324_095822_616793,LinearTransform,D:\CodingHHW\Biplane\experiment\transform_snapshots\20260324_095822_616793\20260324_095822_616793_1_LinearTransform.h5,1,LinearTransform_1,D:\CodingHHW\Biplane\experiment\transform_snapshots\20260324_095822_616793\20260324_095822_616793_2_LinearTransform_1.h5,1,LinearTransform_2,D:\CodingHHW\Biplane\experiment\transform_snapshots\20260324_095822_616793\20260324_095822_616793_3_LinearTransform_2.h5,1,3,1,1.476618812610168,1.4766188126102158,4.773959005888173e-14,0,0,2.068579264584356,2.068579264584387,3.108624468950438e-14,1,1,1.414958591530687,1.4149585915312752,5.881961584464079e-13,0,0,NA,NA,NA,NA,NA,NA,NA,NA,NA,NA,NA,NA,NA,NA,NA,NA,NA,NA,0.039836078013114444,1,1,0,0,30.0,0.045445125835843245,0,1,0,0,30.0,0.054839007224879735,0,0,0,0,30.0,535.562,445.098,387.079,10.281,546.344,28.821,31.303,2.695,3.233,2.81,0.705,0.49
2026-03-24T09:58:53+08:00,20260324_095853_662833,D:\CodingHHW\Biplane\experiment\experiment_results.csv,Panoramix-cropped,orthographic,Current mode: Orthographic,1,0,1,1,1,1,86.82,81.34,85.85,0.23,0.59,0.0,0.23 mm,0.59 px,0.00 mm,testPoint,TargetP3D,blackCenter2,PointGreen,PointRed,PointGreen,testPoint,30.0,1,1,0,1,122.119,136.415,-282.7076416,173.55791074638657,186.47664312277215,184.5138519041076,181.51613525775542,0,6.0,10.0,D:\CodingHHW\Biplane\experiment\transform_snapshots\20260324_095853_662833,LinearTransform,D:\CodingHHW\Biplane\experiment\transform_snapshots\20260324_095853_662833\20260324_095853_662833_1_LinearTransform.h5,1,LinearTransform_1,D:\CodingHHW\Biplane\experiment\transform_snapshots\20260324_095853_662833\20260324_095853_662833_2_LinearTransform_1.h5,1,LinearTransform_2,D:\CodingHHW\Biplane\experiment\transform_snapshots\20260324_095853_662833\20260324_095853_662833_3_LinearTransform_2.h5,1,3,1,1.5573855773055345,1.5573855773055394,4.884981308350689e-15,1,1,2.2522188414419686,2.2522188414420334,6.483702463810914e-14,0,1,2.134083515479329,2.1340835154798707,5.417888360170764e-13,1,0,NA,NA,NA,NA,NA,NA,NA,NA,NA,NA,NA,NA,NA,NA,NA,NA,NA,NA,0.03180960106018629,1,0,0,0,30.0,0.03793676073503015,1,1,0,0,30.0,0.04151201410629284,0,1,0,0,30.0,528.749,434.625,411.282,9.905,547.258,29.075,31.303,3.22,2.758,2.154,0.509,0.537
2026-03-24T09:59:21+08:00,20260324_095921_800770,D:\CodingHHW\Biplane\experiment\experiment_results.csv,Panoramix-cropped,orthographic,Current mode: Orthographic,1,0,1,1,1,1,86.82,81.34,85.85,0.08,0.18,0.0,0.08 mm,0.18 px,0.00 mm,testPoint,TargetP3D,blackCenter2,PointGreen,PointRed,PointGreen,testPoint,30.0,1,1,0,1,122.119,136.415,-282.7076416,173.55791074638657,186.47664312277215,184.5138519041076,181.51613525775542,0,6.0,10.0,D:\CodingHHW\Biplane\experiment\transform_snapshots\20260324_095921_800770,LinearTransform,D:\CodingHHW\Biplane\experiment\transform_snapshots\20260324_095921_800770\20260324_095921_800770_1_LinearTransform.h5,1,LinearTransform_1,D:\CodingHHW\Biplane\experiment\transform_snapshots\20260324_095921_800770\20260324_095921_800770_2_LinearTransform_1.h5,1,LinearTransform_2,D:\CodingHHW\Biplane\experiment\transform_snapshots\20260324_095921_800770\20260324_095921_800770_3_LinearTransform_2.h5,1,3,1,1.4704348592946215,1.4704348592946264,4.884981308350689e-15,1,1,2.261224387528689,2.261224387528726,3.68594044175552e-14,0,0,1.6466028548703486,1.6466028548706118,2.631228568361621e-13,0,0,NA,NA,NA,NA,NA,NA,NA,NA,NA,NA,NA,NA,NA,NA,NA,NA,NA,NA,0.043522632478123574,0,1,0,0,30.0,0.0339985515976645,0,0,0,0,30.0,0.04130114118011907,1,0,0,0,30.0,535.806,456.328,445.593,10.154,542.804,29.179,31.303,3.133,2.909,2.322,0.807,0.759
2026-03-24T09:59:50+08:00,20260324_095950_208463,D:\CodingHHW\Biplane\experiment\experiment_results.csv,Panoramix-cropped,orthographic,Current mode: Orthographic,1,0,1,1,1,1,86.82,81.34,85.85,0.1,0.31,0.0,0.10 mm,0.31 px,0.00 mm,testPoint,TargetP3D,blackCenter2,PointGreen,PointRed,PointGreen,testPoint,30.0,1,1,0,1,122.119,136.415,-282.7076416,173.55791074638657,186.47664312277215,184.5138519041076,181.51613525775542,0,6.0,10.0,D:\CodingHHW\Biplane\experiment\transform_snapshots\20260324_095950_208463,LinearTransform,D:\CodingHHW\Biplane\experiment\transform_snapshots\20260324_095950_208463\20260324_095950_208463_1_LinearTransform.h5,1,LinearTransform_1,D:\CodingHHW\Biplane\experiment\transform_snapshots\20260324_095950_208463\20260324_095950_208463_2_LinearTransform_1.h5,1,LinearTransform_2,D:\CodingHHW\Biplane\experiment\transform_snapshots\20260324_095950_208463\20260324_095950_208463_3_LinearTransform_2.h5,1,3,1,1.454759559370153,1.4547595593701805,2.7533531010703882e-14,1,1,2.01533927902282,2.015339279022938,1.1812772982011666e-13,0,0,1.6853258632098886,1.6853258632099555,6.683542608243442e-14,1,0,NA,NA,NA,NA,NA,NA,NA,NA,NA,NA,NA,NA,NA,NA,NA,NA,NA,NA,0.04680263879847468,0,0,0,0,30.0,0.046349335302738166,1,0,0,0,30.0,0.043117815893767106,0,0,0,0,30.0,544.416,418.004,386.475,9.682,551.044,29.899,31.303,2.958,2.85,1.972,0.518,0.632
2026-03-24T10:00:17+08:00,20260324_100017_645100,D:\CodingHHW\Biplane\experiment\experiment_results.csv,Panoramix-cropped,orthographic,Current mode: Orthographic,1,0,1,1,1,1,86.82,81.34,85.85,0.09,0.11,0.0,0.09 mm,0.11 px,0.00 mm,testPoint,TargetP3D,blackCenter2,PointGreen,PointRed,PointGreen,testPoint,30.0,1,1,0,1,122.119,136.415,-282.7076416,173.55791074638657,186.47664312277215,184.5138519041076,181.51613525775542,0,6.0,10.0,D:\CodingHHW\Biplane\experiment\transform_snapshots\20260324_100017_645100,LinearTransform,D:\CodingHHW\Biplane\experiment\transform_snapshots\20260324_100017_645100\20260324_100017_645100_1_LinearTransform.h5,1,LinearTransform_1,D:\CodingHHW\Biplane\experiment\transform_snapshots\20260324_100017_645100\20260324_100017_645100_2_LinearTransform_1.h5,1,LinearTransform_2,D:\CodingHHW\Biplane\experiment\transform_snapshots\20260324_100017_645100\20260324_100017_645100_3_LinearTransform_2.h5,1,3,1,1.5391204326979064,1.539120432697977,7.061018436615996e-14,0,0,2.1789158258999857,2.178915825901537,1.5512036100062687e-12,1,0,1.6788253271758793,1.6788253271759954,1.1612932837579137e-13,0,0,NA,NA,NA,NA,NA,NA,NA,NA,NA,NA,NA,NA,NA,NA,NA,NA,NA,NA,0.05044210577188296,0,0,0,0,30.0,0.05026738495299176,0,0,0,0,30.0,0.0453809797775242,0,1,0,0,30.0,523.329,463.632,388.602,10.381,552.781,29.883,31.303,3.433,2.882,2.94,0.59,0.504
2026-03-24T10:00:41+08:00,20260324_100041_766580,D:\CodingHHW\Biplane\experiment\experiment_results.csv,Panoramix-cropped,orthographic,Current mode: Orthographic,1,0,1,1,1,1,86.82,81.34,85.85,0.1,0.57,0.0,0.10 mm,0.57 px,0.00 mm,testPoint,TargetP3D,blackCenter2,PointGreen,PointRed,PointGreen,testPoint,30.0,1,1,0,1,122.119,136.415,-282.7076416,173.55791074638657,186.47664312277215,184.5138519041076,181.51613525775542,0,6.0,10.0,D:\CodingHHW\Biplane\experiment\transform_snapshots\20260324_100041_766580,LinearTransform,D:\CodingHHW\Biplane\experiment\transform_snapshots\20260324_100041_766580\20260324_100041_766580_1_LinearTransform.h5,1,LinearTransform_1,D:\CodingHHW\Biplane\experiment\transform_snapshots\20260324_100041_766580\20260324_100041_766580_2_LinearTransform_1.h5,1,LinearTransform_2,D:\CodingHHW\Biplane\experiment\transform_snapshots\20260324_100041_766580\20260324_100041_766580_3_LinearTransform_2.h5,1,3,1,1.5042403531075772,1.504240353107594,1.687538997430238e-14,0,0,1.9026845052978967,1.9026845052980794,1.8274270985330077e-13,1,0,2.1016210619290177,2.1016210619304907,1.4730439090726577e-12,1,1,NA,NA,NA,NA,NA,NA,NA,NA,NA,NA,NA,NA,NA,NA,NA,NA,NA,NA,0.04109930603228856,1,0,0,0,30.0,0.051271938904816135,0,0,0,0,30.0,0.04845938946177716,1,1,0,0,30.0,564.349,452.594,415.719,10.77,548.535,29.442,31.303,3.303,2.672,2.776,0.545,0.732
2026-03-24T10:01:12+08:00,20260324_100112_061987,D:\CodingHHW\Biplane\experiment\experiment_results.csv,Panoramix-cropped,orthographic,Current mode: Orthographic,1,0,1,1,1,1,86.82,81.34,85.85,0.04,0.03,0.0,0.04 mm,0.03 px,0.00 mm,testPoint,TargetP3D,blackCenter2,PointGreen,PointRed,PointGreen,testPoint,30.0,1,1,0,1,122.119,136.415,-282.7076416,173.55791074638657,186.47664312277215,184.5138519041076,181.51613525775542,0,6.0,10.0,D:\CodingHHW\Biplane\experiment\transform_snapshots\20260324_100112_061987,LinearTransform,D:\CodingHHW\Biplane\experiment\transform_snapshots\20260324_100112_061987\20260324_100112_061987_1_LinearTransform.h5,1,LinearTransform_1,D:\CodingHHW\Biplane\experiment\transform_snapshots\20260324_100112_061987\20260324_100112_061987_2_LinearTransform_1.h5,1,LinearTransform_2,D:\CodingHHW\Biplane\experiment\transform_snapshots\20260324_100112_061987\20260324_100112_061987_3_LinearTransform_2.h5,1,3,1,1.8443061159239367,1.844306115923953,1.6431300764452317e-14,0,0,2.012240147301566,2.012240147301628,6.217248937900877e-14,0,1,1.3989938804530593,1.398993880453081,2.1760371282653068e-14,0,0,NA,NA,NA,NA,NA,NA,NA,NA,NA,NA,NA,NA,NA,NA,NA,NA,NA,NA,0.03284142316735812,0,0,0,0,30.0,0.06615827250200104,0,0,0,0,30.0,0.0663959880287932,1,0,0,0,30.0,548.816,432.118,432.355,9.833,546.267,29.651,31.303,3.313,3.06,2.047,0.985,0.504
2026-03-24T10:02:08+08:00,20260324_100208_599876,D:\CodingHHW\Biplane\experiment\experiment_results.csv,Panoramix-cropped,perspective,Current mode: Perspective,1,1,0,1,1,1,86.82,81.34,85.85,0.4,0.84,0.0,0.40 mm,0.84 px,0.00 mm,testPoint,TargetP3D,blackCenter2,PointGreen,PointRed,PointGreen,testPoint,30.0,0,1,0,1,122.119,136.415,-282.7076416,173.55791074638657,186.47664312277215,184.5138519041076,181.51613525775542,0,6.0,10.0,D:\CodingHHW\Biplane\experiment\transform_snapshots\20260324_100208_599876,LinearTransform,D:\CodingHHW\Biplane\experiment\transform_snapshots\20260324_100208_599876\20260324_100208_599876_1_LinearTransform.h5,1,LinearTransform_1,D:\CodingHHW\Biplane\experiment\transform_snapshots\20260324_100208_599876\20260324_100208_599876_2_LinearTransform_1.h5,1,LinearTransform_2,D:\CodingHHW\Biplane\experiment\transform_snapshots\20260324_100208_599876\20260324_100208_599876_3_LinearTransform_2.h5,1,3,1,0.05624895220630492,0.05624895220738015,1.0752301826677524e-12,1,1,0.06608687456842258,0.06608687456874963,3.270578252667633e-13,0,0,0.05005556264494932,0.05005556264569753,7.482070518705086e-13,1,1,0.05249643355531552,0,0,0,0,30.0,0.06525370933680315,1,0,0,0,30.0,0.04919558145028001,1,1,0,0,30.0,NA,NA,NA,NA,NA,NA,NA,NA,NA,NA,NA,NA,NA,NA,NA,NA,NA,NA,454.951,400.578,446.99,9.711,583.075,62.115,34.62,3.313,2.997,2.189,0.564,0.534
2026-03-24T10:02:43+08:00,20260324_100243_900893,D:\CodingHHW\Biplane\experiment\experiment_results.csv,Panoramix-cropped,perspective,Current mode: Perspective,1,1,0,1,1,1,86.82,81.34,85.85,0.12,0.18,0.0,0.12 mm,0.18 px,0.00 mm,testPoint,TargetP3D,blackCenter2,PointGreen,PointRed,PointGreen,testPoint,30.0,0,1,0,1,122.119,136.415,-282.7076416,173.55791074638657,186.47664312277215,184.5138519041076,181.51613525775542,0,6.0,10.0,D:\CodingHHW\Biplane\experiment\transform_snapshots\20260324_100243_900893,LinearTransform,D:\CodingHHW\Biplane\experiment\transform_snapshots\20260324_100243_900893\20260324_100243_900893_1_LinearTransform.h5,1,LinearTransform_1,D:\CodingHHW\Biplane\experiment\transform_snapshots\20260324_100243_900893\20260324_100243_900893_2_LinearTransform_1.h5,1,LinearTransform_2,D:\CodingHHW\Biplane\experiment\transform_snapshots\20260324_100243_900893\20260324_100243_900893_3_LinearTransform_2.h5,1,3,1,0.06384349032101147,0.06384349032174358,7.321088180134439e-13,0,0,0.06912326185439799,0.06912326185441703,1.9040324872321435e-14,0,0,0.0582766057908054,0.05827660579102105,2.1564694474562884e-13,1,1,0.060165008288576495,0,0,0,0,30.0,0.06600844140233571,1,0,0,0,30.0,0.0578695923600591,0,1,0,0,30.0,NA,NA,NA,NA,NA,NA,NA,NA,NA,NA,NA,NA,NA,NA,NA,NA,NA,NA,430.783,401.407,435.431,9.578,580.535,60.215,33.151,3.313,2.812,2.2,0.528,0.499
2026-03-24T10:04:00+08:00,20260324_100400_612120,D:\CodingHHW\Biplane\experiment\experiment_results.csv,Panoramix-cropped,perspective,Current mode: Perspective,1,1,0,1,1,1,86.82,81.34,85.85,0.17,0.44,0.0,0.17 mm,0.44 px,0.00 mm,testPoint,TargetP3D,blackCenter2,PointGreen,PointRed,PointGreen,testPoint,30.0,0,1,0,1,122.119,136.415,-282.7076416,173.55791074638657,186.47664312277215,184.5138519041076,181.51613525775542,0,6.0,10.0,D:\CodingHHW\Biplane\experiment\transform_snapshots\20260324_100400_612120,LinearTransform,D:\CodingHHW\Biplane\experiment\transform_snapshots\20260324_100400_612120\20260324_100400_612120_1_LinearTransform.h5,1,LinearTransform_1,D:\CodingHHW\Biplane\experiment\transform_snapshots\20260324_100400_612120\20260324_100400_612120_2_LinearTransform_1.h5,1,LinearTransform_2,D:\CodingHHW\Biplane\experiment\transform_snapshots\20260324_100400_612120\20260324_100400_612120_3_LinearTransform_2.h5,1,3,1,0.06932840265500854,0.06932840265597713,9.685863222586022e-13,1,1,0.06934745424124063,0.0693474542412471,6.467049118441537e-15,0,0,0.069831844503149,0.06983184450321686,6.786238238021269e-14,1,1,0.0650581817523465,0,0,0,0,30.0,0.06802216003504935,0,0,0,0,30.0,0.06905135827112022,1,0,0,0,30.0,NA,NA,NA,NA,NA,NA,NA,NA,NA,NA,NA,NA,NA,NA,NA,NA,NA,NA,452.951,384.031,486.046,9.881,579.822,59.236,31.567,3.313,3.033,2.562,0.554,0.688
2026-03-24T10:05:07+08:00,20260324_100507_732104,D:\CodingHHW\Biplane\experiment\experiment_results.csv,Panoramix-cropped,perspective,Current mode: Perspective,1,1,0,1,1,1,86.82,81.34,85.85,0.08,0.11,0.0,0.08 mm,0.11 px,0.00 mm,testPoint,TargetP3D,blackCenter2,PointGreen,PointRed,PointGreen,testPoint,30.0,0,1,0,1,122.119,136.415,-282.7076416,173.55791074638657,186.47664312277215,184.5138519041076,181.51613525775542,0,6.0,10.0,D:\CodingHHW\Biplane\experiment\transform_snapshots\20260324_100507_732104,LinearTransform,D:\CodingHHW\Biplane\experiment\transform_snapshots\20260324_100507_732104\20260324_100507_732104_1_LinearTransform.h5,1,LinearTransform_1,D:\CodingHHW\Biplane\experiment\transform_snapshots\20260324_100507_732104\20260324_100507_732104_2_LinearTransform_1.h5,1,LinearTransform_2,D:\CodingHHW\Biplane\experiment\transform_snapshots\20260324_100507_732104\20260324_100507_732104_3_LinearTransform_2.h5,1,3,1,0.050110820580579946,0.050110820580580556,6.106226635438361e-16,1,1,0.06891642644394039,0.06891642644399865,5.825895321720509e-14,1,1,0.07311320067567689,0.07311320067569586,1.8970935933282362e-14,1,1,0.04655745134183883,1,1,0,0,30.0,0.06426008090352864,1,0,0,0,30.0,0.07087631143319503,0,1,0,0,30.0,NA,NA,NA,NA,NA,NA,NA,NA,NA,NA,NA,NA,NA,NA,NA,NA,NA,NA,488.928,455.219,456.328,9.645,574.691,60.419,33.017,3.313,3.473,2.126,0.513,0.505
2026-03-24T10:05:38+08:00,20260324_100538_615399,D:\CodingHHW\Biplane\experiment\experiment_results.csv,Panoramix-cropped,perspective,Current mode: Perspective,1,1,0,1,1,1,86.82,81.34,85.85,0.16,0.12,0.0,0.16 mm,0.12 px,0.00 mm,testPoint,TargetP3D,blackCenter2,PointGreen,PointRed,PointGreen,testPoint,30.0,0,1,0,1,122.119,136.415,-282.7076416,173.55791074638657,186.47664312277215,184.5138519041076,181.51613525775542,0,6.0,10.0,D:\CodingHHW\Biplane\experiment\transform_snapshots\20260324_100538_615399,LinearTransform,D:\CodingHHW\Biplane\experiment\transform_snapshots\20260324_100538_615399\20260324_100538_615399_1_LinearTransform.h5,1,LinearTransform_1,D:\CodingHHW\Biplane\experiment\transform_snapshots\20260324_100538_615399\20260324_100538_615399_2_LinearTransform_1.h5,1,LinearTransform_2,D:\CodingHHW\Biplane\experiment\transform_snapshots\20260324_100538_615399\20260324_100538_615399_3_LinearTransform_2.h5,1,3,1,0.07232759193921023,0.07232759193972292,5.126871149840895e-13,0,0,0.07658261061372325,0.07658261061378747,6.42264019745653e-14,1,1,0.06232306648204599,0.06232306648365779,1.6118009704690905e-12,1,1,0.05823462540123719,0,1,0,0,30.0,0.07054220095846342,0,1,0,0,30.0,0.052174767738065966,0,1,0,0,30.0,NA,NA,NA,NA,NA,NA,NA,NA,NA,NA,NA,NA,NA,NA,NA,NA,NA,NA,508.779,422.525,458.359,9.73,576.576,58.593,32.113,3.313,2.868,2.215,0.615,0.765
2026-03-24T10:06:08+08:00,20260324_100608_669819,D:\CodingHHW\Biplane\experiment\experiment_results.csv,Panoramix-cropped,perspective,Current mode: Perspective,1,1,0,1,1,1,86.82,81.34,85.85,0.09,0.05,0.0,0.09 mm,0.05 px,0.00 mm,testPoint,TargetP3D,blackCenter2,PointGreen,PointRed,PointGreen,testPoint,30.0,0,1,0,1,122.119,136.415,-282.7076416,173.55791074638657,186.47664312277215,184.5138519041076,181.51613525775542,0,6.0,10.0,D:\CodingHHW\Biplane\experiment\transform_snapshots\20260324_100608_669819,LinearTransform,D:\CodingHHW\Biplane\experiment\transform_snapshots\20260324_100608_669819\20260324_100608_669819_1_LinearTransform.h5,1,LinearTransform_1,D:\CodingHHW\Biplane\experiment\transform_snapshots\20260324_100608_669819\20260324_100608_669819_2_LinearTransform_1.h5,1,LinearTransform_2,D:\CodingHHW\Biplane\experiment\transform_snapshots\20260324_100608_669819\20260324_100608_669819_3_LinearTransform_2.h5,1,3,1,0.044081220418180946,0.04408122041825651,7.556455461354972e-14,0,0,0.06536701798705398,0.06536701798818792,1.1339401639887114e-12,1,1,0.05398209744210547,0.05398209744234991,2.4444335444684384e-13,0,0,0.042778654798464294,0,1,0,0,30.0,0.057906609667091206,0,0,0,0,30.0,0.05257474017944554,1,0,0,0,30.0,NA,NA,NA,NA,NA,NA,NA,NA,NA,NA,NA,NA,NA,NA,NA,NA,NA,NA,426.073,405.33,471.891,10.038,581.372,60.497,32.46,3.313,3.011,2.269,0.519,0.626
2026-03-24T10:09:04+08:00,20260324_100904_141261,D:\CodingHHW\Biplane\experiment\experiment_results.csv,Panoramix-cropped,perspective,Current mode: Perspective,1,1,0,1,1,1,86.82,81.34,85.85,0.05,0.14,0.0,0.05 mm,0.14 px,0.00 mm,testPoint,TargetP3D,blackCenter2,PointGreen,PointRed,PointGreen,testPoint,30.0,0,1,0,1,122.119,136.415,-282.7076416,173.55791074638657,186.47664312277215,184.5138519041076,181.51613525775542,0,6.0,10.0,D:\CodingHHW\Biplane\experiment\transform_snapshots\20260324_100904_141261,LinearTransform,D:\CodingHHW\Biplane\experiment\transform_snapshots\20260324_100904_141261\20260324_100904_141261_1_LinearTransform.h5,1,LinearTransform_1,D:\CodingHHW\Biplane\experiment\transform_snapshots\20260324_100904_141261\20260324_100904_141261_2_LinearTransform_1.h5,1,LinearTransform_2,D:\CodingHHW\Biplane\experiment\transform_snapshots\20260324_100904_141261\20260324_100904_141261_3_LinearTransform_2.h5,1,3,1,0.06531679278656838,0.06531679278657639,8.007483565108942e-15,0,0,0.061839255803011535,0.06183925580302128,9.742207041085749e-15,0,0,0.08761248784489081,0.0876124878451478,2.569888746251081e-13,1,1,0.06112170915042969,0,0,0,0,30.0,0.05939677840062839,0,0,0,0,30.0,0.08418630049415031,1,1,0,0,30.0,NA,NA,NA,NA,NA,NA,NA,NA,NA,NA,NA,NA,NA,NA,NA,NA,NA,NA,448.807,409.458,462.538,9.546,580.681,62.265,34.046,3.313,3.16,2.434,0.54,0.555
2026-03-24T10:11:31+08:00,20260324_101131_510063,D:\CodingHHW\Biplane\experiment\experiment_results.csv,Panoramix-cropped,perspective,Current mode: Perspective,1,1,0,1,1,1,17.0,22.14,14.7,0.12,0.52,0.0,0.12 mm,0.52 px,0.00 mm,testPoint,TargetP3D,blackCenter2,PointGreen,PointRed,PointGreen,testPoint,30.0,0,1,0,1,122.119,136.415,-282.7076416,173.55791074638657,193.42729048349216,177.33882308720638,181.44134143902838,0,6.0,10.0,D:\CodingHHW\Biplane\experiment\transform_snapshots\20260324_101131_510063,LinearTransform,D:\CodingHHW\Biplane\experiment\transform_snapshots\20260324_101131_510063\20260324_101131_510063_1_LinearTransform.h5,1,LinearTransform_1,D:\CodingHHW\Biplane\experiment\transform_snapshots\20260324_101131_510063\20260324_101131_510063_2_LinearTransform_1.h5,1,LinearTransform_2,D:\CodingHHW\Biplane\experiment\transform_snapshots\20260324_101131_510063\20260324_101131_510063_3_LinearTransform_2.h5,1,3,1,0.04010566698652525,0.04010566698653563,1.0380585280245214e-14,0,0,0.09619635395084862,0.09619635395088158,3.2959746043559335e-14,1,1,0.06539287021051984,0.06539287021052409,4.246603069191224e-15,1,1,0.03821140405096573,1,0,0,0,30.0,0.08323590724486986,1,1,0,0,30.0,0.0646665797546516,1,1,0,0,30.0,NA,NA,NA,NA,NA,NA,NA,NA,NA,NA,NA,NA,NA,NA,NA,NA,NA,NA,428.426,429.594,419.52,10.11,558.923,60.556,32.892,3.313,3.11,2.006,0.652,0.469
2026-03-24T10:11:59+08:00,20260324_101159_750546,D:\CodingHHW\Biplane\experiment\experiment_results.csv,Panoramix-cropped,perspective,Current mode: Perspective,1,1,0,1,1,1,17.0,22.14,14.7,0.42,0.11,0.0,0.42 mm,0.11 px,0.00 mm,testPoint,TargetP3D,blackCenter2,PointGreen,PointRed,PointGreen,testPoint,30.0,0,1,0,1,122.119,136.415,-282.7076416,173.55791074638657,193.42729048349216,177.33882308720638,181.44134143902838,0,6.0,10.0,D:\CodingHHW\Biplane\experiment\transform_snapshots\20260324_101159_750546,LinearTransform,D:\CodingHHW\Biplane\experiment\transform_snapshots\20260324_101159_750546\20260324_101159_750546_1_LinearTransform.h5,1,LinearTransform_1,D:\CodingHHW\Biplane\experiment\transform_snapshots\20260324_101159_750546\20260324_101159_750546_2_LinearTransform_1.h5,1,LinearTransform_2,D:\CodingHHW\Biplane\experiment\transform_snapshots\20260324_101159_750546\20260324_101159_750546_3_LinearTransform_2.h5,1,3,1,0.06594662415967263,0.06594662416156025,1.887615064255499e-12,0,0,0.044737335428089546,0.04473733542831102,2.2147561562491092e-13,1,1,0.05087921239283728,0.050879212392840094,2.8171909249863347e-15,0,0,0.06473343546382752,0,1,0,0,30.0,0.04273208276803112,0,0,0,0,30.0,0.05071499911887556,0,0,0,0,30.0,NA,NA,NA,NA,NA,NA,NA,NA,NA,NA,NA,NA,NA,NA,NA,NA,NA,NA,417.021,452.75,445.298,10.0,554.787,61.774,34.501,3.313,2.835,2.384,0.559,0.542
2026-03-24T10:12:29+08:00,20260324_101229_584320,D:\CodingHHW\Biplane\experiment\experiment_results.csv,Panoramix-cropped,perspective,Current mode: Perspective,1,1,0,1,1,1,17.0,22.14,14.7,0.34,0.29,0.0,0.34 mm,0.29 px,0.00 mm,testPoint,TargetP3D,blackCenter2,PointGreen,PointRed,PointGreen,testPoint,30.0,0,1,0,1,122.119,136.415,-282.7076416,173.55791074638657,193.42729048349216,177.33882308720638,181.44134143902838,0,6.0,10.0,D:\CodingHHW\Biplane\experiment\transform_snapshots\20260324_101229_584320,LinearTransform,D:\CodingHHW\Biplane\experiment\transform_snapshots\20260324_101229_584320\20260324_101229_584320_1_LinearTransform.h5,1,LinearTransform_1,D:\CodingHHW\Biplane\experiment\transform_snapshots\20260324_101229_584320\20260324_101229_584320_2_LinearTransform_1.h5,1,LinearTransform_2,D:\CodingHHW\Biplane\experiment\transform_snapshots\20260324_101229_584320\20260324_101229_584320_3_LinearTransform_2.h5,1,3,1,0.05583114359733844,0.055831143597429043,9.060113770331668e-14,0,0,0.08025448414570117,0.08025448414572943,2.8255175976710234e-14,1,1,0.05209579864841791,0.05209579864847315,5.5240534369005445e-14,1,1,0.052805701181214755,0,1,0,0,30.0,0.0719505028173702,1,0,0,0,30.0,0.04801673992517667,0,0,0,0,30.0,NA,NA,NA,NA,NA,NA,NA,NA,NA,NA,NA,NA,NA,NA,NA,NA,NA,NA,481.949,449.033,422.967,9.682,559.702,59.855,33.06,3.313,2.974,2.032,0.509,0.477
2026-03-24T10:12:56+08:00,20260324_101256_969502,D:\CodingHHW\Biplane\experiment\experiment_results.csv,Panoramix-cropped,perspective,Current mode: Perspective,1,1,0,1,1,1,17.0,22.14,14.7,0.22,0.15,0.0,0.22 mm,0.15 px,0.00 mm,testPoint,TargetP3D,blackCenter2,PointGreen,PointRed,PointGreen,testPoint,30.0,0,1,0,1,122.119,136.415,-282.7076416,173.55791074638657,193.42729048349216,177.33882308720638,181.44134143902838,0,6.0,10.0,D:\CodingHHW\Biplane\experiment\transform_snapshots\20260324_101256_969502,LinearTransform,D:\CodingHHW\Biplane\experiment\transform_snapshots\20260324_101256_969502\20260324_101256_969502_1_LinearTransform.h5,1,LinearTransform_1,D:\CodingHHW\Biplane\experiment\transform_snapshots\20260324_101256_969502\20260324_101256_969502_2_LinearTransform_1.h5,1,LinearTransform_2,D:\CodingHHW\Biplane\experiment\transform_snapshots\20260324_101256_969502\20260324_101256_969502_3_LinearTransform_2.h5,1,3,1,0.0824126115934247,0.08241261159346171,3.7012060083441156e-14,0,0,0.06468385103189811,0.0646838510319623,6.418476861114186e-14,0,0,0.06033780397576134,0.06033780397576367,2.3245294578089215e-15,0,0,0.06473632137954863,0,1,0,0,30.0,0.04926869244466657,1,1,0,0,30.0,0.058389977706947704,1,1,0,0,30.0,NA,NA,NA,NA,NA,NA,NA,NA,NA,NA,NA,NA,NA,NA,NA,NA,NA,NA,464.516,460.47,423.443,9.854,553.41,60.735,33.888,3.313,3.191,2.013,0.518,0.496
2026-03-24T10:13:26+08:00,20260324_101326_023319,D:\CodingHHW\Biplane\experiment\experiment_results.csv,Panoramix-cropped,perspective,Current mode: Perspective,1,1,0,1,1,1,17.0,22.14,14.7,0.21,0.12,0.0,0.21 mm,0.12 px,0.00 mm,testPoint,TargetP3D,blackCenter2,PointGreen,PointRed,PointGreen,testPoint,30.0,0,1,0,1,122.119,136.415,-282.7076416,173.55791074638657,193.42729048349216,177.33882308720638,181.44134143902838,0,6.0,10.0,D:\CodingHHW\Biplane\experiment\transform_snapshots\20260324_101326_023319,LinearTransform,D:\CodingHHW\Biplane\experiment\transform_snapshots\20260324_101326_023319\20260324_101326_023319_1_LinearTransform.h5,1,LinearTransform_1,D:\CodingHHW\Biplane\experiment\transform_snapshots\20260324_101326_023319\20260324_101326_023319_2_LinearTransform_1.h5,1,LinearTransform_2,D:\CodingHHW\Biplane\experiment\transform_snapshots\20260324_101326_023319\20260324_101326_023319_3_LinearTransform_2.h5,1,3,1,0.07421437007063432,0.074214370070662,2.768618667658984e-14,0,0,0.05078694224556,0.05078694224565377,9.377221221740228e-14,0,0,0.057944484946790734,0.05794448494683502,4.428402089473593e-14,0,0,0.07037518202516974,0,0,0,0,30.0,0.04739678319600323,1,0,0,0,30.0,0.055491588713640044,0,0,0,0,30.0,NA,NA,NA,NA,NA,NA,NA,NA,NA,NA,NA,NA,NA,NA,NA,NA,NA,NA,429.091,465.437,427.046,9.648,555.936,59.941,32.394,3.313,3.647,3.065,0.538,0.485
2026-03-24T10:13:52+08:00,20260324_101352_934464,D:\CodingHHW\Biplane\experiment\experiment_results.csv,Panoramix-cropped,perspective,Current mode: Perspective,1,1,0,1,1,1,17.0,22.14,14.7,0.69,0.12,0.0,0.69 mm,0.12 px,0.00 mm,testPoint,TargetP3D,blackCenter2,PointGreen,PointRed,PointGreen,testPoint,30.0,0,1,0,1,122.119,136.415,-282.7076416,173.55791074638657,193.42729048349216,177.33882308720638,181.44134143902838,0,6.0,10.0,D:\CodingHHW\Biplane\experiment\transform_snapshots\20260324_101352_934464,LinearTransform,D:\CodingHHW\Biplane\experiment\transform_snapshots\20260324_101352_934464\20260324_101352_934464_1_LinearTransform.h5,1,LinearTransform_1,D:\CodingHHW\Biplane\experiment\transform_snapshots\20260324_101352_934464\20260324_101352_934464_2_LinearTransform_1.h5,1,LinearTransform_2,D:\CodingHHW\Biplane\experiment\transform_snapshots\20260324_101352_934464\20260324_101352_934464_3_LinearTransform_2.h5,1,3,1,0.07873990429690775,0.0787399043032764,6.368655602884132e-12,0,0,0.05824925156473519,0.058249251568025406,3.2902153224156905e-12,0,0,0.058650224992437605,0.05865022499252866,9.105216580707065e-14,0,0,0.07376508983109022,0,0,0,0,30.0,0.055610373658120535,1,1,0,0,30.0,0.058409276516150084,1,0,0,0,30.0,NA,NA,NA,NA,NA,NA,NA,NA,NA,NA,NA,NA,NA,NA,NA,NA,NA,NA,440.713,460.264,393.773,9.963,556.704,60.018,33.455,3.313,2.966,2.531,0.593,0.874
2026-03-24T10:14:24+08:00,20260324_101424_106701,D:\CodingHHW\Biplane\experiment\experiment_results.csv,Panoramix-cropped,perspective,Current mode: Perspective,1,1,0,1,1,1,17.0,22.14,14.7,0.82,0.18,0.0,0.82 mm,0.18 px,0.00 mm,testPoint,TargetP3D,blackCenter2,PointGreen,PointRed,PointGreen,testPoint,30.0,0,1,0,1,122.119,136.415,-282.7076416,173.55791074638657,193.42729048349216,177.33882308720638,181.44134143902838,0,6.0,10.0,D:\CodingHHW\Biplane\experiment\transform_snapshots\20260324_101424_106701,LinearTransform,D:\CodingHHW\Biplane\experiment\transform_snapshots\20260324_101424_106701\20260324_101424_106701_1_LinearTransform.h5,1,LinearTransform_1,D:\CodingHHW\Biplane\experiment\transform_snapshots\20260324_101424_106701\20260324_101424_106701_2_LinearTransform_1.h5,1,LinearTransform_2,D:\CodingHHW\Biplane\experiment\transform_snapshots\20260324_101424_106701\20260324_101424_106701_3_LinearTransform_2.h5,1,3,1,0.057890897722267895,0.05789089772226851,6.175615574477433e-16,0,0,0.047890297206255955,0.047890297206296166,4.021089017314239e-14,0,0,0.056990507559778115,0.05699050756032112,5.430031424502602e-13,0,0,0.056103848693605955,0,0,0,0,30.0,0.04633562037505492,0,0,0,0,30.0,0.05409947644897675,0,0,0,0,30.0,NA,NA,NA,NA,NA,NA,NA,NA,NA,NA,NA,NA,NA,NA,NA,NA,NA,NA,429.787,441.558,393.598,9.539,553.078,59.412,32.328,3.313,2.854,3.033,0.507,0.497
2026-03-24T10:14:50+08:00,20260324_101450_638456,D:\CodingHHW\Biplane\experiment\experiment_results.csv,Panoramix-cropped,perspective,Current mode: Perspective,1,1,0,1,1,1,17.0,22.14,14.7,0.88,0.19,0.0,0.88 mm,0.19 px,0.00 mm,testPoint,TargetP3D,blackCenter2,PointGreen,PointRed,PointGreen,testPoint,30.0,0,1,0,1,122.119,136.415,-282.7076416,173.55791074638657,193.42729048349216,177.33882308720638,181.44134143902838,0,6.0,10.0,D:\CodingHHW\Biplane\experiment\transform_snapshots\20260324_101450_638456,LinearTransform,D:\CodingHHW\Biplane\experiment\transform_snapshots\20260324_101450_638456\20260324_101450_638456_1_LinearTransform.h5,1,LinearTransform_1,D:\CodingHHW\Biplane\experiment\transform_snapshots\20260324_101450_638456\20260324_101450_638456_2_LinearTransform_1.h5,1,LinearTransform_2,D:\CodingHHW\Biplane\experiment\transform_snapshots\20260324_101450_638456\20260324_101450_638456_3_LinearTransform_2.h5,1,3,1,0.06286413916551019,0.06286413916587108,3.6089187194221495e-13,0,0,0.08218128564110722,0.0821812856411234,1.6181500583911657e-14,1,1,0.058856419607443915,0.058856419607872426,4.285113930357909e-13,0,0,0.060775129411457754,0,0,0,0,30.0,0.07638420133159846,1,0,0,0,30.0,0.054890396267492474,0,1,0,0,30.0,NA,NA,NA,NA,NA,NA,NA,NA,NA,NA,NA,NA,NA,NA,NA,NA,NA,NA,414.596,456.231,372.947,9.816,553.449,60.04,33.544,3.313,3.016,2.396,0.578,0.623
2026-03-24T10:15:32+08:00,20260324_101532_996945,D:\CodingHHW\Biplane\experiment\experiment_results.csv,Panoramix-cropped,orthographic,Current mode: Orthographic,1,0,1,1,1,1,17.0,22.14,14.7,0.1,0.02,0.0,0.10 mm,0.02 px,0.00 mm,testPoint,TargetP3D,blackCenter2,PointGreen,PointRed,PointGreen,testPoint,30.0,1,1,0,1,122.119,136.415,-282.7076416,173.55791074638657,193.42729048349216,177.33882308720638,181.44134143902838,0,6.0,10.0,D:\CodingHHW\Biplane\experiment\transform_snapshots\20260324_101532_996945,LinearTransform,D:\CodingHHW\Biplane\experiment\transform_snapshots\20260324_101532_996945\20260324_101532_996945_1_LinearTransform.h5,1,LinearTransform_1,D:\CodingHHW\Biplane\experiment\transform_snapshots\20260324_101532_996945\20260324_101532_996945_2_LinearTransform_1.h5,1,LinearTransform_2,D:\CodingHHW\Biplane\experiment\transform_snapshots\20260324_101532_996945\20260324_101532_996945_3_LinearTransform_2.h5,1,3,1,0.9541453727796814,0.9541453727803363,6.549205622263798e-13,1,1,1.0431240717984238,1.0431240717984542,3.042011087472929e-14,0,0,1.0794456855213115,1.0794456855213477,3.6193270602780103e-14,0,0,NA,NA,NA,NA,NA,NA,NA,NA,NA,NA,NA,NA,NA,NA,NA,NA,NA,NA,0.026200064333767117,1,1,0,0,30.0,0.05032915671953783,0,1,0,0,30.0,0.03993301197066914,1,1,0,0,30.0,477.922,466.754,437.757,10.492,533.744,29.783,33.544,2.994,2.966,2.597,0.662,0.544
2026-03-24T10:15:59+08:00,20260324_101559_008629,D:\CodingHHW\Biplane\experiment\experiment_results.csv,Panoramix-cropped,orthographic,Current mode: Orthographic,1,0,1,1,1,1,17.0,22.14,14.7,0.16,0.1,0.0,0.16 mm,0.10 px,0.00 mm,testPoint,TargetP3D,blackCenter2,PointGreen,PointRed,PointGreen,testPoint,30.0,1,1,0,1,122.119,136.415,-282.7076416,173.55791074638657,193.42729048349216,177.33882308720638,181.44134143902838,0,6.0,10.0,D:\CodingHHW\Biplane\experiment\transform_snapshots\20260324_101559_008629,LinearTransform,D:\CodingHHW\Biplane\experiment\transform_snapshots\20260324_101559_008629\20260324_101559_008629_1_LinearTransform.h5,1,LinearTransform_1,D:\CodingHHW\Biplane\experiment\transform_snapshots\20260324_101559_008629\20260324_101559_008629_2_LinearTransform_1.h5,1,LinearTransform_2,D:\CodingHHW\Biplane\experiment\transform_snapshots\20260324_101559_008629\20260324_101559_008629_3_LinearTransform_2.h5,1,3,1,1.1229845022415434,1.1229845022415494,5.995204332975845e-15,1,0,1.2571958147122086,1.257195814712229,2.042810365310288e-14,1,1,1.21066457125931,1.2106645712593342,2.4202861936828413e-14,0,0,NA,NA,NA,NA,NA,NA,NA,NA,NA,NA,NA,NA,NA,NA,NA,NA,NA,NA,0.05052970589651832,1,1,0,0,30.0,0.05330468117094685,1,1,0,0,30.0,0.039876768918154795,0,0,0,0,30.0,496.187,506.676,442.467,9.939,518.509,29.015,33.544,2.95,2.893,2.08,0.5,0.59
2026-03-24T10:16:24+08:00,20260324_101624_231874,D:\CodingHHW\Biplane\experiment\experiment_results.csv,Panoramix-cropped,orthographic,Current mode: Orthographic,1,0,1,1,1,1,17.0,22.14,14.7,0.46,0.24,0.0,0.46 mm,0.24 px,0.00 mm,testPoint,TargetP3D,blackCenter2,PointGreen,PointRed,PointGreen,testPoint,30.0,1,1,0,1,122.119,136.415,-282.7076416,173.55791074638657,193.42729048349216,177.33882308720638,181.44134143902838,0,6.0,10.0,D:\CodingHHW\Biplane\experiment\transform_snapshots\20260324_101624_231874,LinearTransform,D:\CodingHHW\Biplane\experiment\transform_snapshots\20260324_101624_231874\20260324_101624_231874_1_LinearTransform.h5,1,LinearTransform_1,D:\CodingHHW\Biplane\experiment\transform_snapshots\20260324_101624_231874\20260324_101624_231874_2_LinearTransform_1.h5,1,LinearTransform_2,D:\CodingHHW\Biplane\experiment\transform_snapshots\20260324_101624_231874\20260324_101624_231874_3_LinearTransform_2.h5,1,3,1,1.2026000386274145,1.202600038627431,1.6431300764452317e-14,0,0,1.2841198285094457,1.284119828509467,2.1316282072803006e-14,1,1,1.3184360672980842,1.318436067298095,1.0880185641326534e-14,1,1,NA,NA,NA,NA,NA,NA,NA,NA,NA,NA,NA,NA,NA,NA,NA,NA,NA,NA,0.04727681872582522,0,0,0,0,30.0,0.04121156039657101,0,1,0,0,30.0,0.042101022904185534,1,1,0,0,30.0,472.549,476.925,533.289,10.209,525.631,29.121,33.544,2.704,2.823,1.966,0.819,0.529
2026-03-24T10:17:29+08:00,20260324_101729_959380,D:\CodingHHW\Biplane\experiment\experiment_results.csv,Panoramix-cropped,orthographic,Current mode: Orthographic,1,0,1,1,1,1,17.0,22.14,14.7,0.38,0.01,0.0,0.38 mm,0.01 px,0.00 mm,testPoint,TargetP3D,blackCenter2,PointGreen,PointRed,PointGreen,testPoint,30.0,1,1,0,1,122.119,136.415,-282.7076416,173.55791074638657,193.42729048349216,177.33882308720638,181.44134143902838,0,6.0,10.0,D:\CodingHHW\Biplane\experiment\transform_snapshots\20260324_101729_959380,LinearTransform,D:\CodingHHW\Biplane\experiment\transform_snapshots\20260324_101729_959380\20260324_101729_959380_1_LinearTransform.h5,1,LinearTransform_1,D:\CodingHHW\Biplane\experiment\transform_snapshots\20260324_101729_959380\20260324_101729_959380_2_LinearTransform_1.h5,1,LinearTransform_2,D:\CodingHHW\Biplane\experiment\transform_snapshots\20260324_101729_959380\20260324_101729_959380_3_LinearTransform_2.h5,1,3,1,1.4561183575719105,1.4561183575719283,1.7763568394002505e-14,0,0,1.202608357502727,1.2026083575027977,7.061018436615996e-14,0,0,1.2522704744033215,1.2522704744034174,9.592326932761353e-14,1,1,NA,NA,NA,NA,NA,NA,NA,NA,NA,NA,NA,NA,NA,NA,NA,NA,NA,NA,0.055558873943577385,1,1,0,0,30.0,0.042779496619059755,0,0,0,0,30.0,0.04030124121598391,1,1,0,0,30.0,499.942,463.581,443.813,9.661,527.859,30.047,33.544,3.338,3.036,2.249,0.618,0.507
2026-03-24T10:17:53+08:00,20260324_101753_720956,D:\CodingHHW\Biplane\experiment\experiment_results.csv,Panoramix-cropped,orthographic,Current mode: Orthographic,1,0,1,1,1,1,17.0,22.14,14.7,0.47,0.05,0.0,0.47 mm,0.05 px,0.00 mm,testPoint,TargetP3D,blackCenter2,PointGreen,PointRed,PointGreen,testPoint,30.0,1,1,0,1,122.119,136.415,-282.7076416,173.55791074638657,193.42729048349216,177.33882308720638,181.44134143902838,0,6.0,10.0,D:\CodingHHW\Biplane\experiment\transform_snapshots\20260324_101753_720956,LinearTransform,D:\CodingHHW\Biplane\experiment\transform_snapshots\20260324_101753_720956\20260324_101753_720956_1_LinearTransform.h5,1,LinearTransform_1,D:\CodingHHW\Biplane\experiment\transform_snapshots\20260324_101753_720956\20260324_101753_720956_2_LinearTransform_1.h5,1,LinearTransform_2,D:\CodingHHW\Biplane\experiment\transform_snapshots\20260324_101753_720956\20260324_101753_720956_3_LinearTransform_2.h5,1,3,1,1.3623073194712465,1.3623073194712527,6.217248937900877e-15,0,0,1.226940963154992,1.2269409631550199,2.7977620220553945e-14,1,1,1.2728323295493464,1.272832329549398,5.1514348342607263e-14,1,1,NA,NA,NA,NA,NA,NA,NA,NA,NA,NA,NA,NA,NA,NA,NA,NA,NA,NA,0.040343164349427516,1,1,0,0,30.0,0.04581744392326766,1,1,0,0,30.0,0.04128031181229697,0,1,0,0,30.0,586.633,465.065,425.854,9.965,520.535,28.681,33.544,3.024,2.9,2.191,0.561,0.657
2026-03-24T10:18:15+08:00,20260324_101815_935357,D:\CodingHHW\Biplane\experiment\experiment_results.csv,Panoramix-cropped,orthographic,Current mode: Orthographic,1,0,1,1,1,1,17.0,22.14,14.7,0.28,0.19,0.0,0.28 mm,0.19 px,0.00 mm,testPoint,TargetP3D,blackCenter2,PointGreen,PointRed,PointGreen,testPoint,30.0,1,1,0,1,122.119,136.415,-282.7076416,173.55791074638657,193.42729048349216,177.33882308720638,181.44134143902838,0,6.0,10.0,D:\CodingHHW\Biplane\experiment\transform_snapshots\20260324_101815_935357,LinearTransform,D:\CodingHHW\Biplane\experiment\transform_snapshots\20260324_101815_935357\20260324_101815_935357_1_LinearTransform.h5,1,LinearTransform_1,D:\CodingHHW\Biplane\experiment\transform_snapshots\20260324_101815_935357\20260324_101815_935357_2_LinearTransform_1.h5,1,LinearTransform_2,D:\CodingHHW\Biplane\experiment\transform_snapshots\20260324_101815_935357\20260324_101815_935357_3_LinearTransform_2.h5,1,3,1,1.3118723271885078,1.311872327188568,6.017408793468348e-14,1,1,1.2646011220041522,1.2646011220041675,1.532107773982716e-14,0,0,1.2593476027746153,1.2593476027746442,2.886579864025407e-14,0,0,NA,NA,NA,NA,NA,NA,NA,NA,NA,NA,NA,NA,NA,NA,NA,NA,NA,NA,0.038785418302332675,0,1,0,0,30.0,0.04896793453270637,1,0,0,0,30.0,0.03634693491807631,1,1,0,0,30.0,487.106,487.292,427.852,10.712,527.352,29.487,33.544,2.761,2.978,2.026,0.521,0.526
2026-03-24T10:18:46+08:00,20260324_101846_605484,D:\CodingHHW\Biplane\experiment\experiment_results.csv,Panoramix-cropped,orthographic,Current mode: Orthographic,1,0,1,1,1,1,17.0,22.14,14.7,0.17,0.16,0.0,0.17 mm,0.16 px,0.00 mm,testPoint,TargetP3D,blackCenter2,PointGreen,PointRed,PointGreen,testPoint,30.0,1,1,0,1,122.119,136.415,-282.7076416,173.55791074638657,193.42729048349216,177.33882308720638,181.44134143902838,0,6.0,10.0,D:\CodingHHW\Biplane\experiment\transform_snapshots\20260324_101846_605484,LinearTransform,D:\CodingHHW\Biplane\experiment\transform_snapshots\20260324_101846_605484\20260324_101846_605484_1_LinearTransform.h5,1,LinearTransform_1,D:\CodingHHW\Biplane\experiment\transform_snapshots\20260324_101846_605484\20260324_101846_605484_2_LinearTransform_1.h5,1,LinearTransform_2,D:\CodingHHW\Biplane\experiment\transform_snapshots\20260324_101846_605484\20260324_101846_605484_3_LinearTransform_2.h5,1,3,1,1.3864024492774059,1.3864024492774747,6.88338275267597e-14,0,0,1.380267480669834,1.3802674806698347,6.661338147750939e-16,1,1,1.2625528945629059,1.262552894562909,3.1086244689504383e-15,1,1,NA,NA,NA,NA,NA,NA,NA,NA,NA,NA,NA,NA,NA,NA,NA,NA,NA,NA,0.05155375371370092,0,0,0,0,30.0,0.04285515071424953,1,1,0,0,30.0,0.043692343443003795,1,1,0,0,30.0,484.052,581.723,481.25,10.093,524.773,30.281,33.544,3.201,3.221,2.27,0.56,0.658
2026-03-24T10:19:09+08:00,20260324_101909_815488,D:\CodingHHW\Biplane\experiment\experiment_results.csv,Panoramix-cropped,orthographic,Current mode: Orthographic,1,0,1,1,1,1,17.0,22.14,14.7,0.49,0.59,0.0,0.49 mm,0.59 px,0.00 mm,testPoint,TargetP3D,blackCenter2,PointGreen,PointRed,PointGreen,testPoint,30.0,1,1,0,1,122.119,136.415,-282.7076416,173.55791074638657,193.42729048349216,177.33882308720638,181.44134143902838,0,6.0,10.0,D:\CodingHHW\Biplane\experiment\transform_snapshots\20260324_101909_815488,LinearTransform,D:\CodingHHW\Biplane\experiment\transform_snapshots\20260324_101909_815488\20260324_101909_815488_1_LinearTransform.h5,1,LinearTransform_1,D:\CodingHHW\Biplane\experiment\transform_snapshots\20260324_101909_815488\20260324_101909_815488_2_LinearTransform_1.h5,1,LinearTransform_2,D:\CodingHHW\Biplane\experiment\transform_snapshots\20260324_101909_815488\20260324_101909_815488_3_LinearTransform_2.h5,1,3,1,1.1982896403116068,1.1982896403116459,3.907985046680551e-14,1,1,1.3665352060299196,1.3665352060299232,3.552713678800501e-15,1,1,1.2482251483901472,1.2482251483901827,3.552713678800501e-14,0,0,NA,NA,NA,NA,NA,NA,NA,NA,NA,NA,NA,NA,NA,NA,NA,NA,NA,NA,0.03504894024090537,0,1,0,0,30.0,0.04397155685030699,1,1,0,0,30.0,0.0363100458474481,1,1,0,0,30.0,520.511,522.208,441.682,10.128,526.246,30.065,33.544,3.387,3.756,2.065,0.556,0.515
2026-03-24T10:19:40+08:00,20260324_101940_069715,D:\CodingHHW\Biplane\experiment\experiment_results.csv,Panoramix-cropped,orthographic,Current mode: Orthographic,1,0,1,1,1,1,17.0,22.14,14.7,0.23,0.01,0.0,0.23 mm,0.01 px,0.00 mm,testPoint,TargetP3D,blackCenter2,PointGreen,PointRed,PointGreen,testPoint,30.0,1,1,0,1,122.119,136.415,-282.7076416,173.55791074638657,193.42729048349216,177.33882308720638,181.44134143902838,0,6.0,10.0,D:\CodingHHW\Biplane\experiment\transform_snapshots\20260324_101940_069715,LinearTransform,D:\CodingHHW\Biplane\experiment\transform_snapshots\20260324_101940_069715\20260324_101940_069715_1_LinearTransform.h5,1,LinearTransform_1,D:\CodingHHW\Biplane\experiment\transform_snapshots\20260324_101940_069715\20260324_101940_069715_2_LinearTransform_1.h5,1,LinearTransform_2,D:\CodingHHW\Biplane\experiment\transform_snapshots\20260324_101940_069715\20260324_101940_069715_3_LinearTransform_2.h5,1,3,1,1.1991300451885494,1.199130045188917,3.6770586575585185e-13,0,0,1.4326532026747019,1.4326532026747159,1.3988810110276972e-14,0,0,1.2707888261783442,1.2707888261785896,2.453592884421596e-13,0,0,NA,NA,NA,NA,NA,NA,NA,NA,NA,NA,NA,NA,NA,NA,NA,NA,NA,NA,0.05896934443881808,0,1,0,0,30.0,0.03457588710931047,0,0,0,0,30.0,0.046806256941767994,0,0,0,0,30.0,486.007,569.713,450.356,9.514,520.067,28.892,33.544,2.65,2.853,2.085,0.501,0.574
2026-03-24T10:29:32+08:00,20260324_102932_982623,D:\CodingHHW\Biplane\experiment\experiment_results.csv,Panoramix-cropped,orthographic,Current mode: Orthographic,1,0,1,1,1,1,17.0,22.14,14.7,0.44,0.63,0.0,0.44 mm,0.63 px,0.00 mm,testPoint,TargetP3D,blackCenter2,PointGreen,PointRed,PointGreen,testPoint,30.0,1,1,0,1,122.800048828125,110.00656127929688,-95.1732177734375,256.6943908448344,263.57909125557654,278.72452326449354,266.3326684549682,0,6.0,10.0,D:\CodingHHW\Biplane\experiment\transform_snapshots\20260324_102932_982623,LinearTransform,D:\CodingHHW\Biplane\experiment\transform_snapshots\20260324_102932_982623\20260324_102932_982623_1_LinearTransform.h5,1,LinearTransform_1,D:\CodingHHW\Biplane\experiment\transform_snapshots\20260324_102932_982623\20260324_102932_982623_2_LinearTransform_1.h5,1,LinearTransform_2,D:\CodingHHW\Biplane\experiment\transform_snapshots\20260324_102932_982623\20260324_102932_982623_3_LinearTransform_2.h5,1,3,1,1.3586979743312277,1.3586979743312475,1.9761969838327786e-14,1,1,1.3700250819829147,1.3700250819829158,1.1102230246251565e-15,1,1,1.0564380618647293,1.0564380618648839,1.545430450278218e-13,0,0,NA,NA,NA,NA,NA,NA,NA,NA,NA,NA,NA,NA,NA,NA,NA,NA,NA,NA,0.05263199693577923,0,0,0,0,30.0,0.029460770270244317,0,0,0,0,30.0,0.07821984563068968,0,1,0,0,30.0,557.168,529.006,498.779,9.703,523.267,30.132,33.544,3.109,3.426,2.894,0.525,0.505
2026-03-24T10:30:10+08:00,20260324_103010_435297,D:\CodingHHW\Biplane\experiment\experiment_results.csv,Panoramix-cropped,orthographic,Current mode: Orthographic,1,0,1,1,1,1,17.0,22.14,14.7,0.35,0.0,0.0,0.35 mm,0.00 px,0.00 mm,testPoint,TargetP3D,blackCenter2,PointGreen,PointRed,PointGreen,testPoint,30.0,1,1,0,1,122.800048828125,110.00656127929688,-95.1732177734375,256.6943908448344,263.57909125557654,278.72452326449354,266.3326684549682,0,6.0,10.0,D:\CodingHHW\Biplane\experiment\transform_snapshots\20260324_103010_435297,LinearTransform,D:\CodingHHW\Biplane\experiment\transform_snapshots\20260324_103010_435297\20260324_103010_435297_1_LinearTransform.h5,1,LinearTransform_1,D:\CodingHHW\Biplane\experiment\transform_snapshots\20260324_103010_435297\20260324_103010_435297_2_LinearTransform_1.h5,1,LinearTransform_2,D:\CodingHHW\Biplane\experiment\transform_snapshots\20260324_103010_435297\20260324_103010_435297_3_LinearTransform_2.h5,1,3,1,1.123044105973938,1.1230441059739606,2.2648549702353193e-14,1,1,1.160137924656025,1.160137924656068,4.285460875053104e-14,0,0,1.0137713281605638,1.0137713281608252,2.6134649999676185e-13,1,1,NA,NA,NA,NA,NA,NA,NA,NA,NA,NA,NA,NA,NA,NA,NA,NA,NA,NA,0.037905239617097464,1,1,0,0,30.0,0.029378393880610847,1,0,0,0,30.0,0.057041721657935675,0,0,0,0,30.0,487.125,498.207,454.2,9.79,533.194,29.933,33.544,2.948,1.849,1.953,0.75,0.539
2026-03-24T10:30:42+08:00,20260324_103042_938470,D:\CodingHHW\Biplane\experiment\experiment_results.csv,Panoramix-cropped,orthographic,Current mode: Orthographic,1,0,1,1,1,1,17.0,22.14,14.7,0.98,0.97,0.0,0.98 mm,0.97 px,0.00 mm,testPoint,TargetP3D,blackCenter2,PointGreen,PointRed,PointGreen,testPoint,30.0,1,1,0,1,122.800048828125,110.00656127929688,-95.1732177734375,256.6943908448344,263.57909125557654,278.72452326449354,266.3326684549682,0,6.0,10.0,D:\CodingHHW\Biplane\experiment\transform_snapshots\20260324_103042_938470,LinearTransform,D:\CodingHHW\Biplane\experiment\transform_snapshots\20260324_103042_938470\20260324_103042_938470_1_LinearTransform.h5,1,LinearTransform_1,D:\CodingHHW\Biplane\experiment\transform_snapshots\20260324_103042_938470\20260324_103042_938470_2_LinearTransform_1.h5,1,LinearTransform_2,D:\CodingHHW\Biplane\experiment\transform_snapshots\20260324_103042_938470\20260324_103042_938470_3_LinearTransform_2.h5,1,3,1,1.3081869675503812,1.3081869675504245,4.3298697960381105e-14,1,1,1.2051584128819786,1.2051584128819905,1.199040866595169e-14,1,1,1.2298095488951917,1.2298095488972305,2.0388135624216375e-12,0,0,NA,NA,NA,NA,NA,NA,NA,NA,NA,NA,NA,NA,NA,NA,NA,NA,NA,NA,0.052846368910543125,1,0,0,0,30.0,0.04547936593041562,0,0,0,0,30.0,0.07131136192913091,0,1,0,0,30.0,513.53,513.982,485.449,10.866,527.82,29.613,33.544,3.022,3.108,2.235,0.534,0.642
2026-03-24T10:31:02+08:00,20260324_103102_543065,D:\CodingHHW\Biplane\experiment\experiment_results.csv,Panoramix-cropped,orthographic,Current mode: Orthographic,1,0,1,1,1,1,17.0,22.14,14.7,0.43,0.56,0.0,0.43 mm,0.56 px,0.00 mm,testPoint,TargetP3D,blackCenter2,PointGreen,PointRed,PointGreen,testPoint,30.0,1,1,0,1,122.800048828125,110.00656127929688,-95.1732177734375,256.6943908448344,263.57909125557654,278.72452326449354,266.3326684549682,0,6.0,10.0,D:\CodingHHW\Biplane\experiment\transform_snapshots\20260324_103102_543065,LinearTransform,D:\CodingHHW\Biplane\experiment\transform_snapshots\20260324_103102_543065\20260324_103102_543065_1_LinearTransform.h5,1,LinearTransform_1,D:\CodingHHW\Biplane\experiment\transform_snapshots\20260324_103102_543065\20260324_103102_543065_2_LinearTransform_1.h5,1,LinearTransform_2,D:\CodingHHW\Biplane\experiment\transform_snapshots\20260324_103102_543065\20260324_103102_543065_3_LinearTransform_2.h5,1,3,1,1.1275156945157874,1.127515694517099,1.31161748129216e-12,1,1,1.375339898529243,1.3753398985294283,1.851852005074761e-13,1,1,1.5005758778325382,1.5005758778328826,3.4439118223872356e-13,1,0,NA,NA,NA,NA,NA,NA,NA,NA,NA,NA,NA,NA,NA,NA,NA,NA,NA,NA,0.05077117857245704,0,1,0,0,30.0,0.0677357314798453,1,1,0,0,30.0,0.04844806372544115,1,0,0,0,30.0,516.759,543.91,507.771,9.65,522.072,29.233,33.544,3.29,3.348,2.254,0.502,0.55
2026-03-24T10:31:32+08:00,20260324_103132_133109,D:\CodingHHW\Biplane\experiment\experiment_results.csv,Panoramix-cropped,orthographic,Current mode: Orthographic,1,0,1,1,1,1,17.0,22.14,14.7,0.92,0.8,0.0,0.92 mm,0.80 px,0.00 mm,testPoint,TargetP3D,blackCenter2,PointGreen,PointRed,PointGreen,testPoint,30.0,1,1,0,1,122.800048828125,110.00656127929688,-95.1732177734375,256.6943908448344,263.57909125557654,278.72452326449354,266.3326684549682,0,6.0,10.0,D:\CodingHHW\Biplane\experiment\transform_snapshots\20260324_103132_133109,LinearTransform,D:\CodingHHW\Biplane\experiment\transform_snapshots\20260324_103132_133109\20260324_103132_133109_1_LinearTransform.h5,1,LinearTransform_1,D:\CodingHHW\Biplane\experiment\transform_snapshots\20260324_103132_133109\20260324_103132_133109_2_LinearTransform_1.h5,1,LinearTransform_2,D:\CodingHHW\Biplane\experiment\transform_snapshots\20260324_103132_133109\20260324_103132_133109_3_LinearTransform_2.h5,1,3,1,1.1400799875533116,1.1400799875533278,1.6209256159527285e-14,1,1,1.3034259016970864,1.3034259016971046,1.8207657603852567e-14,1,1,1.4625583619818319,1.4625583619818638,3.197442310920451e-14,1,1,NA,NA,NA,NA,NA,NA,NA,NA,NA,NA,NA,NA,NA,NA,NA,NA,NA,NA,0.03121774416756015,1,0,0,0,30.0,0.05105251621358801,1,1,0,0,30.0,0.051140851684128845,0,0,0,0,30.0,493.816,566.792,524.148,9.804,520.105,28.435,33.544,2.897,2.828,2.185,0.562,0.518
2026-03-24T10:31:55+08:00,20260324_103155_790079,D:\CodingHHW\Biplane\experiment\experiment_results.csv,Panoramix-cropped,orthographic,Current mode: Orthographic,1,0,1,1,1,1,17.0,22.14,14.7,0.45,0.06,0.0,0.45 mm,0.06 px,0.00 mm,testPoint,TargetP3D,blackCenter2,PointGreen,PointRed,PointGreen,testPoint,30.0,1,1,0,1,122.800048828125,110.00656127929688,-95.1732177734375,256.6943908448344,263.57909125557654,278.72452326449354,266.3326684549682,0,6.0,10.0,D:\CodingHHW\Biplane\experiment\transform_snapshots\20260324_103155_790079,LinearTransform,D:\CodingHHW\Biplane\experiment\transform_snapshots\20260324_103155_790079\20260324_103155_790079_1_LinearTransform.h5,1,LinearTransform_1,D:\CodingHHW\Biplane\experiment\transform_snapshots\20260324_103155_790079\20260324_103155_790079_2_LinearTransform_1.h5,1,LinearTransform_2,D:\CodingHHW\Biplane\experiment\transform_snapshots\20260324_103155_790079\20260324_103155_790079_3_LinearTransform_2.h5,1,3,1,1.2720622977974447,1.2720622977974583,1.354472090042691e-14,1,1,1.2963872650308506,1.296387265030861,1.0436096431476471e-14,0,0,1.2973435970170901,1.2973435970172722,1.8207657603852567e-13,0,0,NA,NA,NA,NA,NA,NA,NA,NA,NA,NA,NA,NA,NA,NA,NA,NA,NA,NA,0.0363830768790389,1,0,0,0,30.0,0.06225450211300491,1,1,0,0,30.0,0.05120046969420993,0,0,0,0,30.0,528.445,545.811,489.914,9.651,519.063,29.142,33.544,3.3,3.268,3.026,0.599,0.708
2026-03-24T10:32:53+08:00,20260324_103253_024005,D:\CodingHHW\Biplane\experiment\experiment_results.csv,Panoramix-cropped,orthographic,Current mode: Orthographic,1,0,1,1,1,1,17.0,22.14,14.7,0.23,0.03,0.0,0.23 mm,0.03 px,0.00 mm,testPoint,TargetP3D,blackCenter2,PointGreen,PointRed,PointGreen,testPoint,30.0,1,1,0,1,122.800048828125,110.00656127929688,-95.1732177734375,256.6943908448344,263.57909125557654,278.72452326449354,266.3326684549682,0,6.0,10.0,D:\CodingHHW\Biplane\experiment\transform_snapshots\20260324_103253_024005,LinearTransform,D:\CodingHHW\Biplane\experiment\transform_snapshots\20260324_103253_024005\20260324_103253_024005_1_LinearTransform.h5,1,LinearTransform_1,D:\CodingHHW\Biplane\experiment\transform_snapshots\20260324_103253_024005\20260324_103253_024005_2_LinearTransform_1.h5,1,LinearTransform_2,D:\CodingHHW\Biplane\experiment\transform_snapshots\20260324_103253_024005\20260324_103253_024005_3_LinearTransform_2.h5,1,3,1,1.2370925160234676,1.2370925160235293,6.17284001691587e-14,1,1,1.3853159147053173,1.3853159147054273,1.099120794378905e-13,1,0,1.0516908673909833,1.0516908673909913,7.993605777301127e-15,0,0,NA,NA,NA,NA,NA,NA,NA,NA,NA,NA,NA,NA,NA,NA,NA,NA,NA,NA,0.03301741542901374,0,0,0,0,30.0,0.04374113622069537,0,0,0,0,30.0,0.04566693649743543,0,1,0,0,30.0,582.979,505.625,434.263,10.068,522.947,29.097,33.544,2.98,3.02,2.878,0.645,0.511
2026-03-24T10:33:19+08:00,20260324_103319_269556,D:\CodingHHW\Biplane\experiment\experiment_results.csv,Panoramix-cropped,orthographic,Current mode: Orthographic,1,0,1,1,1,1,17.0,22.14,14.7,0.21,0.32,0.0,0.21 mm,0.32 px,0.00 mm,testPoint,TargetP3D,blackCenter2,PointGreen,PointRed,PointGreen,testPoint,30.0,1,1,0,1,122.800048828125,110.00656127929688,-95.1732177734375,256.6943908448344,263.57909125557654,278.72452326449354,266.3326684549682,0,6.0,10.0,D:\CodingHHW\Biplane\experiment\transform_snapshots\20260324_103319_269556,LinearTransform,D:\CodingHHW\Biplane\experiment\transform_snapshots\20260324_103319_269556\20260324_103319_269556_1_LinearTransform.h5,1,LinearTransform_1,D:\CodingHHW\Biplane\experiment\transform_snapshots\20260324_103319_269556\20260324_103319_269556_2_LinearTransform_1.h5,1,LinearTransform_2,D:\CodingHHW\Biplane\experiment\transform_snapshots\20260324_103319_269556\20260324_103319_269556_3_LinearTransform_2.h5,1,3,1,1.3575254864260544,1.3575254864262185,1.6409096303959814e-13,0,0,1.3952224046177801,1.3952224046179065,1.2634338020234281e-13,1,1,1.2057759465634241,1.205775946563548,1.2390088954816747e-13,0,0,NA,NA,NA,NA,NA,NA,NA,NA,NA,NA,NA,NA,NA,NA,NA,NA,NA,NA,0.0690804517503888,1,1,0,0,30.0,0.04885111631204144,0,0,0,0,30.0,0.04327543988745854,1,1,0,0,30.0,551.182,540.928,488.55,9.627,530.416,29.299,33.544,3.106,2.987,2.447,0.56,0.497
2026-03-24T10:33:59+08:00,20260324_103359_555239,D:\CodingHHW\Biplane\experiment\experiment_results.csv,Panoramix-cropped,orthographic,Current mode: Orthographic,1,0,1,1,1,1,17.0,22.14,14.7,1.33,0.47,0.0,1.33 mm,0.47 px,0.00 mm,testPoint,TargetP3D,blackCenter2,PointGreen,PointRed,PointGreen,testPoint,30.0,1,1,0,1,122.800048828125,110.00656127929688,-95.1732177734375,256.6943908448344,263.57909125557654,278.72452326449354,266.3326684549682,0,6.0,10.0,D:\CodingHHW\Biplane\experiment\transform_snapshots\20260324_103359_555239,LinearTransform,D:\CodingHHW\Biplane\experiment\transform_snapshots\20260324_103359_555239\20260324_103359_555239_1_LinearTransform.h5,1,LinearTransform_1,D:\CodingHHW\Biplane\experiment\transform_snapshots\20260324_103359_555239\20260324_103359_555239_2_LinearTransform_1.h5,1,LinearTransform_2,D:\CodingHHW\Biplane\experiment\transform_snapshots\20260324_103359_555239\20260324_103359_555239_3_LinearTransform_2.h5,1,3,1,1.4276435138596875,1.4276435138599228,2.353672812205332e-13,1,1,1.5240790871780157,1.5240790871780723,5.6621374255882984e-14,0,0,1.1659649948845399,1.165964994884547,7.105427357601002e-15,1,1,NA,NA,NA,NA,NA,NA,NA,NA,NA,NA,NA,NA,NA,NA,NA,NA,NA,NA,0.035089721564836446,0,1,0,0,30.0,0.0441905417542997,0,0,0,0,30.0,0.037766155458596885,1,1,0,0,30.0,645.17,597.919,489.229,9.844,523.479,29.852,33.544,2.975,3.009,2.31,0.527,0.472
2026-03-24T10:34:27+08:00,20260324_103427_080149,D:\CodingHHW\Biplane\experiment\experiment_results.csv,Panoramix-cropped,orthographic,Current mode: Orthographic,1,0,1,1,1,1,17.0,22.14,14.7,0.8,0.22,0.0,0.80 mm,0.22 px,0.00 mm,testPoint,TargetP3D,blackCenter2,PointGreen,PointRed,PointGreen,testPoint,30.0,1,1,0,1,122.800048828125,110.00656127929688,-95.1732177734375,256.6943908448344,263.57909125557654,278.72452326449354,266.3326684549682,0,6.0,10.0,D:\CodingHHW\Biplane\experiment\transform_snapshots\20260324_103427_080149,LinearTransform,D:\CodingHHW\Biplane\experiment\transform_snapshots\20260324_103427_080149\20260324_103427_080149_1_LinearTransform.h5,1,LinearTransform_1,D:\CodingHHW\Biplane\experiment\transform_snapshots\20260324_103427_080149\20260324_103427_080149_2_LinearTransform_1.h5,1,LinearTransform_2,D:\CodingHHW\Biplane\experiment\transform_snapshots\20260324_103427_080149\20260324_103427_080149_3_LinearTransform_2.h5,1,3,1,1.2981302687623966,1.2981302687624112,1.4654943925052066e-14,1,1,1.3927685188171264,1.3927685188171335,7.105427357601002e-15,1,1,0.9970532647162468,0.9970532647167959,5.491163079796024e-13,0,0,NA,NA,NA,NA,NA,NA,NA,NA,NA,NA,NA,NA,NA,NA,NA,NA,NA,NA,0.053084652889915415,1,0,0,0,30.0,0.04887904043929044,0,0,0,0,30.0,0.0678006181234257,0,0,0,0,30.0,532.373,561.256,459.343,10.443,523.242,29.458,33.544,2.683,3.34,2.057,0.589,0.595
2026-03-24T10:35:19+08:00,20260324_103519_614390,D:\CodingHHW\Biplane\experiment\experiment_results.csv,Panoramix-cropped,perspective,Current mode: Perspective,1,1,0,1,1,1,17.0,22.14,14.7,0.23,0.12,0.0,0.23 mm,0.12 px,0.00 mm,testPoint,TargetP3D,blackCenter2,PointGreen,PointRed,PointGreen,testPoint,30.0,0,1,0,1,122.800048828125,110.00656127929688,-95.1732177734375,256.6943908448344,263.57909125557654,278.72452326449354,266.3326684549682,0,6.0,10.0,D:\CodingHHW\Biplane\experiment\transform_snapshots\20260324_103519_614390,LinearTransform,D:\CodingHHW\Biplane\experiment\transform_snapshots\20260324_103519_614390\20260324_103519_614390_1_LinearTransform.h5,1,LinearTransform_1,D:\CodingHHW\Biplane\experiment\transform_snapshots\20260324_103519_614390\20260324_103519_614390_2_LinearTransform_1.h5,1,LinearTransform_2,D:\CodingHHW\Biplane\experiment\transform_snapshots\20260324_103519_614390\20260324_103519_614390_3_LinearTransform_2.h5,1,3,1,0.04908595930514083,0.04908595930666,1.519173675745833e-12,1,1,0.05441658869167796,0.054416588691867385,1.8942486468276343e-13,1,1,0.06214694368908773,0.06214694368909304,5.315192730392937e-15,1,1,0.04866808707103121,1,1,0,0,30.0,0.05415870027634376,1,0,0,0,30.0,0.061388304326698596,0,0,0,0,30.0,NA,NA,NA,NA,NA,NA,NA,NA,NA,NA,NA,NA,NA,NA,NA,NA,NA,NA,436.354,471.965,457.191,9.682,553.224,60.328,33.376,2.683,3.289,2.327,0.507,0.484
2026-03-24T10:35:46+08:00,20260324_103546_865912,D:\CodingHHW\Biplane\experiment\experiment_results.csv,Panoramix-cropped,perspective,Current mode: Perspective,1,1,0,1,1,1,17.0,22.14,14.7,0.17,0.01,0.0,0.17 mm,0.01 px,0.00 mm,testPoint,TargetP3D,blackCenter2,PointGreen,PointRed,PointGreen,testPoint,30.0,0,1,0,1,122.800048828125,110.00656127929688,-95.1732177734375,256.6943908448344,263.57909125557654,278.72452326449354,266.3326684549682,0,6.0,10.0,D:\CodingHHW\Biplane\experiment\transform_snapshots\20260324_103546_865912,LinearTransform,D:\CodingHHW\Biplane\experiment\transform_snapshots\20260324_103546_865912\20260324_103546_865912_1_LinearTransform.h5,1,LinearTransform_1,D:\CodingHHW\Biplane\experiment\transform_snapshots\20260324_103546_865912\20260324_103546_865912_2_LinearTransform_1.h5,1,LinearTransform_2,D:\CodingHHW\Biplane\experiment\transform_snapshots\20260324_103546_865912\20260324_103546_865912_3_LinearTransform_2.h5,1,3,1,0.043438030618700184,0.043438030618731936,3.175237850427948e-14,1,1,0.05470197315091806,0.05470197315106694,1.488809076022335e-13,0,0,0.04613838943337066,0.04613838943382476,4.5410203375340075e-13,0,0,0.04241384844134888,1,1,0,0,30.0,0.052769607675653384,0,0,0,0,30.0,0.04491819194313015,1,0,0,0,30.0,NA,NA,NA,NA,NA,NA,NA,NA,NA,NA,NA,NA,NA,NA,NA,NA,NA,NA,463.222,462.077,411.616,10.055,559.188,61.724,34.798,2.683,2.946,2.11,0.502,0.7
2026-03-24T10:36:18+08:00,20260324_103618_545572,D:\CodingHHW\Biplane\experiment\experiment_results.csv,Panoramix-cropped,perspective,Current mode: Perspective,1,1,0,1,1,1,17.0,22.14,14.7,0.22,0.05,0.0,0.22 mm,0.05 px,0.00 mm,testPoint,TargetP3D,blackCenter2,PointGreen,PointRed,PointGreen,testPoint,30.0,0,1,0,1,122.800048828125,110.00656127929688,-95.1732177734375,256.6943908448344,263.57909125557654,278.72452326449354,266.3326684549682,0,6.0,10.0,D:\CodingHHW\Biplane\experiment\transform_snapshots\20260324_103618_545572,LinearTransform,D:\CodingHHW\Biplane\experiment\transform_snapshots\20260324_103618_545572\20260324_103618_545572_1_LinearTransform.h5,1,LinearTransform_1,D:\CodingHHW\Biplane\experiment\transform_snapshots\20260324_103618_545572\20260324_103618_545572_2_LinearTransform_1.h5,1,LinearTransform_2,D:\CodingHHW\Biplane\experiment\transform_snapshots\20260324_103618_545572\20260324_103618_545572_3_LinearTransform_2.h5,1,3,1,0.04901294968575764,0.049012949685764536,6.897260540483785e-15,0,0,0.047130915532503155,0.047130915532556855,5.370009992233804e-14,0,0,0.06438749404318013,0.06438749404343559,2.554623179662485e-13,1,1,0.04708623373498494,1,0,0,0,30.0,0.04392950255462405,1,0,0,0,30.0,0.049157962132818436,1,0,0,0,30.0,NA,NA,NA,NA,NA,NA,NA,NA,NA,NA,NA,NA,NA,NA,NA,NA,NA,NA,460.467,487.633,441.982,9.674,553.807,59.954,32.879,2.683,2.808,2.07,0.531,0.728
2026-03-24T10:36:43+08:00,20260324_103643_018548,D:\CodingHHW\Biplane\experiment\experiment_results.csv,Panoramix-cropped,perspective,Current mode: Perspective,1,1,0,1,1,1,17.0,22.14,14.7,0.82,0.2,0.0,0.82 mm,0.20 px,0.00 mm,testPoint,TargetP3D,blackCenter2,PointGreen,PointRed,PointGreen,testPoint,30.0,0,1,0,1,122.800048828125,110.00656127929688,-95.1732177734375,256.6943908448344,263.57909125557654,278.72452326449354,266.3326684549682,0,6.0,10.0,D:\CodingHHW\Biplane\experiment\transform_snapshots\20260324_103643_018548,LinearTransform,D:\CodingHHW\Biplane\experiment\transform_snapshots\20260324_103643_018548\20260324_103643_018548_1_LinearTransform.h5,1,LinearTransform_1,D:\CodingHHW\Biplane\experiment\transform_snapshots\20260324_103643_018548\20260324_103643_018548_2_LinearTransform_1.h5,1,LinearTransform_2,D:\CodingHHW\Biplane\experiment\transform_snapshots\20260324_103643_018548\20260324_103643_018548_3_LinearTransform_2.h5,1,3,1,0.07151474936753849,0.07151474936758538,4.689304500260505e-14,0,0,0.053686656404337306,0.053686656404428296,9.098971576193549e-14,0,0,0.0744992073872888,0.07449920738770854,4.1974757003515606e-13,0,0,0.07052687412990172,1,1,0,0,30.0,0.051085741858082935,0,1,0,0,30.0,0.07312961270899489,0,0,0,0,30.0,NA,NA,NA,NA,NA,NA,NA,NA,NA,NA,NA,NA,NA,NA,NA,NA,NA,NA,472.979,416.571,440.637,10.133,558.764,61.863,34.27,2.683,2.919,2.171,0.491,0.631
2026-03-24T10:37:10+08:00,20260324_103710_136093,D:\CodingHHW\Biplane\experiment\experiment_results.csv,Panoramix-cropped,perspective,Current mode: Perspective,1,1,0,1,1,1,17.0,22.14,14.7,0.3,0.34,0.0,0.30 mm,0.34 px,0.00 mm,testPoint,TargetP3D,blackCenter2,PointGreen,PointRed,PointGreen,testPoint,30.0,0,1,0,1,122.800048828125,110.00656127929688,-95.1732177734375,256.6943908448344,263.57909125557654,278.72452326449354,266.3326684549682,0,6.0,10.0,D:\CodingHHW\Biplane\experiment\transform_snapshots\20260324_103710_136093,LinearTransform,D:\CodingHHW\Biplane\experiment\transform_snapshots\20260324_103710_136093\20260324_103710_136093_1_LinearTransform.h5,1,LinearTransform_1,D:\CodingHHW\Biplane\experiment\transform_snapshots\20260324_103710_136093\20260324_103710_136093_2_LinearTransform_1.h5,1,LinearTransform_2,D:\CodingHHW\Biplane\experiment\transform_snapshots\20260324_103710_136093\20260324_103710_136093_3_LinearTransform_2.h5,1,3,1,0.06611553604969339,0.06611553604997311,2.797206910543082e-13,1,1,0.05634477115499411,0.056344771155052355,5.824507542939728e-14,1,1,0.07334575773500968,0.07334575773507737,6.769584892651892e-14,0,0,0.05908559674146861,0,0,0,0,30.0,0.052476447455230835,0,0,0,0,30.0,0.07219317216209628,0,1,0,0,30.0,NA,NA,NA,NA,NA,NA,NA,NA,NA,NA,NA,NA,NA,NA,NA,NA,NA,NA,458.203,423.195,402.573,9.458,554.623,60.524,32.632,2.683,3.087,1.987,0.526,0.61
2026-03-24T10:37:35+08:00,20260324_103735_760953,D:\CodingHHW\Biplane\experiment\experiment_results.csv,Panoramix-cropped,perspective,Current mode: Perspective,1,1,0,1,1,1,17.0,22.14,14.7,1.26,0.31,0.0,1.26 mm,0.31 px,0.00 mm,testPoint,TargetP3D,blackCenter2,PointGreen,PointRed,PointGreen,testPoint,30.0,0,1,0,1,122.800048828125,110.00656127929688,-95.1732177734375,256.6943908448344,263.57909125557654,278.72452326449354,266.3326684549682,0,6.0,10.0,D:\CodingHHW\Biplane\experiment\transform_snapshots\20260324_103735_760953,LinearTransform,D:\CodingHHW\Biplane\experiment\transform_snapshots\20260324_103735_760953\20260324_103735_760953_1_LinearTransform.h5,1,LinearTransform_1,D:\CodingHHW\Biplane\experiment\transform_snapshots\20260324_103735_760953\20260324_103735_760953_2_LinearTransform_1.h5,1,LinearTransform_2,D:\CodingHHW\Biplane\experiment\transform_snapshots\20260324_103735_760953\20260324_103735_760953_3_LinearTransform_2.h5,1,3,1,0.050162866750333976,0.05016286675045902,1.2504580704231216e-13,0,0,0.06419922606247867,0.06419922606250822,2.954581024283698e-14,1,1,0.05834660603696589,0.0583466060380824,1.1165096625020965e-12,0,0,0.04432271393287416,1,0,0,0,30.0,0.062382389529598424,0,1,0,0,30.0,0.05687078309585473,0,0,0,0,30.0,NA,NA,NA,NA,NA,NA,NA,NA,NA,NA,NA,NA,NA,NA,NA,NA,NA,NA,440.664,443.71,416.097,9.491,558.546,61.271,34.12,2.683,2.925,1.983,0.458,0.513
2026-03-24T10:38:02+08:00,20260324_103802_135740,D:\CodingHHW\Biplane\experiment\experiment_results.csv,Panoramix-cropped,perspective,Current mode: Perspective,1,1,0,1,1,1,17.0,22.14,14.7,0.81,0.01,0.0,0.81 mm,0.01 px,0.00 mm,testPoint,TargetP3D,blackCenter2,PointGreen,PointRed,PointGreen,testPoint,30.0,0,1,0,1,122.800048828125,110.00656127929688,-95.1732177734375,256.6943908448344,263.57909125557654,278.72452326449354,266.3326684549682,0,6.0,10.0,D:\CodingHHW\Biplane\experiment\transform_snapshots\20260324_103802_135740,LinearTransform,D:\CodingHHW\Biplane\experiment\transform_snapshots\20260324_103802_135740\20260324_103802_135740_1_LinearTransform.h5,1,LinearTransform_1,D:\CodingHHW\Biplane\experiment\transform_snapshots\20260324_103802_135740\20260324_103802_135740_2_LinearTransform_1.h5,1,LinearTransform_2,D:\CodingHHW\Biplane\experiment\transform_snapshots\20260324_103802_135740\20260324_103802_135740_3_LinearTransform_2.h5,1,3,1,0.05116880457412589,0.05116880457457318,4.4728803993976385e-13,0,0,0.06894116301291785,0.0689411630129561,3.824718319833664e-14,1,1,0.07061431586091933,0.07061431586293339,2.0140555889724965e-12,1,1,0.04997476062013457,1,1,0,0,30.0,0.0683433070211114,1,0,0,0,30.0,0.06715188014402912,1,1,0,0,30.0,NA,NA,NA,NA,NA,NA,NA,NA,NA,NA,NA,NA,NA,NA,NA,NA,NA,NA,437.031,469.241,419.018,9.962,556.758,60.309,33.156,2.683,2.931,2.045,0.509,0.648
2026-03-24T10:38:26+08:00,20260324_103826_827066,D:\CodingHHW\Biplane\experiment\experiment_results.csv,Panoramix-cropped,perspective,Current mode: Perspective,1,1,0,1,1,1,17.0,22.14,14.7,1.49,0.25,0.0,1.49 mm,0.25 px,0.00 mm,testPoint,TargetP3D,blackCenter2,PointGreen,PointRed,PointGreen,testPoint,30.0,0,1,0,1,122.800048828125,110.00656127929688,-95.1732177734375,256.6943908448344,263.57909125557654,278.72452326449354,266.3326684549682,0,6.0,10.0,D:\CodingHHW\Biplane\experiment\transform_snapshots\20260324_103826_827066,LinearTransform,D:\CodingHHW\Biplane\experiment\transform_snapshots\20260324_103826_827066\20260324_103826_827066_1_LinearTransform.h5,1,LinearTransform_1,D:\CodingHHW\Biplane\experiment\transform_snapshots\20260324_103826_827066\20260324_103826_827066_2_LinearTransform_1.h5,1,LinearTransform_2,D:\CodingHHW\Biplane\experiment\transform_snapshots\20260324_103826_827066\20260324_103826_827066_3_LinearTransform_2.h5,1,3,1,0.06167653336068984,0.061676533360745286,5.544870118612266e-14,1,1,0.044477316432100115,0.044477316432139404,3.928801728392273e-14,1,1,0.0799236904895608,0.07992369048962916,6.836198274129401e-14,0,0,0.059870092097556254,0,0,0,0,30.0,0.04308215135383746,1,1,0,0,30.0,0.07469530973841208,0,0,0,0,30.0,NA,NA,NA,NA,NA,NA,NA,NA,NA,NA,NA,NA,NA,NA,NA,NA,NA,NA,487.515,551.057,404.017,9.642,556.828,61.761,34.141,2.683,4.01,2.41,0.512,0.817
2026-03-24T10:38:52+08:00,20260324_103852_357975,D:\CodingHHW\Biplane\experiment\experiment_results.csv,Panoramix-cropped,perspective,Current mode: Perspective,1,1,0,1,1,1,17.0,22.14,14.7,1.27,0.23,0.0,1.27 mm,0.23 px,0.00 mm,testPoint,TargetP3D,blackCenter2,PointGreen,PointRed,PointGreen,testPoint,30.0,0,1,0,1,122.800048828125,110.00656127929688,-95.1732177734375,256.6943908448344,263.57909125557654,278.72452326449354,266.3326684549682,0,6.0,10.0,D:\CodingHHW\Biplane\experiment\transform_snapshots\20260324_103852_357975,LinearTransform,D:\CodingHHW\Biplane\experiment\transform_snapshots\20260324_103852_357975\20260324_103852_357975_1_LinearTransform.h5,1,LinearTransform_1,D:\CodingHHW\Biplane\experiment\transform_snapshots\20260324_103852_357975\20260324_103852_357975_2_LinearTransform_1.h5,1,LinearTransform_2,D:\CodingHHW\Biplane\experiment\transform_snapshots\20260324_103852_357975\20260324_103852_357975_3_LinearTransform_2.h5,1,3,1,0.06382977541778342,0.06382977541781708,3.365363543395006e-14,0,0,0.03641830058809622,0.03641830058811979,2.3571422591572855e-14,1,1,0.06311618391357378,0.06311618391367126,9.747758156208874e-14,0,0,0.05748500123519768,0,1,0,0,30.0,0.036343237902748064,0,0,0,0,30.0,0.05856950708416651,1,1,0,0,30.0,NA,NA,NA,NA,NA,NA,NA,NA,NA,NA,NA,NA,NA,NA,NA,NA,NA,NA,456.676,427.77,441.686,9.505,554.65,60.284,33.71,2.683,3.013,2.076,0.526,0.53
2026-03-24T10:40:50+08:00,20260324_104050_446312,D:\CodingHHW\Biplane\experiment\experiment_results.csv,Panoramix-cropped,perspective,Current mode: Perspective,1,1,0,1,1,1,35.41,57.49,56.59,0.37,0.0,0.0,0.37 mm,0.00 px,0.00 mm,testPoint,TargetP3D,blackCenter2,PointGreen,PointRed,PointGreen,testPoint,30.0,0,1,0,1,122.8,110.007,-95.17321777,256.69412142746177,258.1482706307919,284.47346993057715,266.4386206629436,0,6.0,10.0,D:\CodingHHW\Biplane\experiment\transform_snapshots\20260324_104050_446312,LinearTransform,D:\CodingHHW\Biplane\experiment\transform_snapshots\20260324_104050_446312\20260324_104050_446312_1_LinearTransform.h5,1,LinearTransform_1,D:\CodingHHW\Biplane\experiment\transform_snapshots\20260324_104050_446312\20260324_104050_446312_2_LinearTransform_1.h5,1,LinearTransform_2,D:\CodingHHW\Biplane\experiment\transform_snapshots\20260324_104050_446312\20260324_104050_446312_3_LinearTransform_2.h5,1,3,1,0.04928620003516979,0.04928620003517221,2.4147350785597155e-15,1,1,0.07531735507755234,0.07531735507764788,9.553469126899472e-14,0,0,0.05452021292388692,0.05452021292389497,8.056055822436292e-15,0,0,0.048214294552051076,0,0,0,0,30.0,0.06933320634320836,1,1,0,0,30.0,0.054377674159913604,1,0,0,0,30.0,NA,NA,NA,NA,NA,NA,NA,NA,NA,NA,NA,NA,NA,NA,NA,NA,NA,NA,428.757,450.715,417.337,9.71,550.758,59.676,32.841,2.683,4.258,2.001,0.55,0.423
2026-03-24T10:41:18+08:00,20260324_104118_500720,D:\CodingHHW\Biplane\experiment\experiment_results.csv,Panoramix-cropped,perspective,Current mode: Perspective,1,1,0,1,1,1,35.41,57.49,56.59,0.07,0.1,0.0,0.07 mm,0.10 px,0.00 mm,testPoint,TargetP3D,blackCenter2,PointGreen,PointRed,PointGreen,testPoint,30.0,0,1,0,1,122.8,110.007,-95.17321777,256.69412142746177,258.1482706307919,284.47346993057715,266.4386206629436,0,6.0,10.0,D:\CodingHHW\Biplane\experiment\transform_snapshots\20260324_104118_500720,LinearTransform,D:\CodingHHW\Biplane\experiment\transform_snapshots\20260324_104118_500720\20260324_104118_500720_1_LinearTransform.h5,1,LinearTransform_1,D:\CodingHHW\Biplane\experiment\transform_snapshots\20260324_104118_500720\20260324_104118_500720_2_LinearTransform_1.h5,1,LinearTransform_2,D:\CodingHHW\Biplane\experiment\transform_snapshots\20260324_104118_500720\20260324_104118_500720_3_LinearTransform_2.h5,1,3,1,0.044421383492957836,0.04442138349306086,1.0302175779131062e-13,1,1,0.060101460247768315,0.06010146024847532,7.070038998691075e-13,0,0,0.07497019196560521,0.0749701919657622,1.5698553568199713e-13,1,1,0.04236842216351627,0,1,0,0,30.0,0.058095541426367414,1,0,0,0,30.0,0.07019747385839066,0,1,0,0,30.0,NA,NA,NA,NA,NA,NA,NA,NA,NA,NA,NA,NA,NA,NA,NA,NA,NA,NA,440.225,464.906,402.029,9.862,553.426,60.225,32.893,2.683,3.26,2.067,0.704,0.495
2026-03-24T10:41:42+08:00,20260324_104142_758169,D:\CodingHHW\Biplane\experiment\experiment_results.csv,Panoramix-cropped,perspective,Current mode: Perspective,1,1,0,1,1,1,35.41,57.49,56.59,0.23,0.15,0.0,0.23 mm,0.15 px,0.00 mm,testPoint,TargetP3D,blackCenter2,PointGreen,PointRed,PointGreen,testPoint,30.0,0,1,0,1,122.8,110.007,-95.17321777,256.69412142746177,258.1482706307919,284.47346993057715,266.4386206629436,0,6.0,10.0,D:\CodingHHW\Biplane\experiment\transform_snapshots\20260324_104142_758169,LinearTransform,D:\CodingHHW\Biplane\experiment\transform_snapshots\20260324_104142_758169\20260324_104142_758169_1_LinearTransform.h5,1,LinearTransform_1,D:\CodingHHW\Biplane\experiment\transform_snapshots\20260324_104142_758169\20260324_104142_758169_2_LinearTransform_1.h5,1,LinearTransform_2,D:\CodingHHW\Biplane\experiment\transform_snapshots\20260324_104142_758169\20260324_104142_758169_3_LinearTransform_2.h5,1,3,1,0.05554088203055725,0.05554088203061451,5.725975249504245e-14,1,1,0.046109521764035974,0.04610952176404957,1.359329315775426e-14,1,1,0.07720372340235478,0.07720372340252686,1.7208456881689926e-13,1,1,0.052043815924758006,1,0,0,0,30.0,0.044099596816299054,0,0,0,0,30.0,0.07164601429776532,1,0,0,0,30.0,NA,NA,NA,NA,NA,NA,NA,NA,NA,NA,NA,NA,NA,NA,NA,NA,NA,NA,514.044,480.571,442.736,9.696,551.111,59.041,32.239,2.683,2.7,2.594,0.572,0.517
2026-03-24T10:42:10+08:00,20260324_104210_665014,D:\CodingHHW\Biplane\experiment\experiment_results.csv,Panoramix-cropped,perspective,Current mode: Perspective,1,1,0,1,1,1,35.41,57.49,56.59,0.33,0.6,0.0,0.33 mm,0.60 px,0.00 mm,testPoint,TargetP3D,blackCenter2,PointGreen,PointRed,PointGreen,testPoint,30.0,0,1,0,1,122.8,110.007,-95.17321777,256.69412142746177,258.1482706307919,284.47346993057715,266.4386206629436,0,6.0,10.0,D:\CodingHHW\Biplane\experiment\transform_snapshots\20260324_104210_665014,LinearTransform,D:\CodingHHW\Biplane\experiment\transform_snapshots\20260324_104210_665014\20260324_104210_665014_1_LinearTransform.h5,1,LinearTransform_1,D:\CodingHHW\Biplane\experiment\transform_snapshots\20260324_104210_665014\20260324_104210_665014_2_LinearTransform_1.h5,1,LinearTransform_2,D:\CodingHHW\Biplane\experiment\transform_snapshots\20260324_104210_665014\20260324_104210_665014_3_LinearTransform_2.h5,1,3,1,0.06685560158444664,0.06685560158465918,2.125383202766784e-13,1,1,0.052662623683323265,0.05266262368346121,1.379452108096757e-13,0,0,0.06129771234344556,0.061297712345174726,1.7291654219597774e-12,0,0,0.06450623742914896,0,0,0,0,30.0,0.051337264980058826,1,0,0,0,30.0,0.06001832965388395,0,0,0,0,30.0,NA,NA,NA,NA,NA,NA,NA,NA,NA,NA,NA,NA,NA,NA,NA,NA,NA,NA,439.514,483.959,421.905,9.786,555.637,60.031,33.221,2.683,3.191,2.199,0.867,0.573
2026-03-24T10:42:36+08:00,20260324_104236_237558,D:\CodingHHW\Biplane\experiment\experiment_results.csv,Panoramix-cropped,perspective,Current mode: Perspective,1,1,0,1,1,1,35.41,57.49,56.59,0.16,0.3,0.0,0.16 mm,0.30 px,0.00 mm,testPoint,TargetP3D,blackCenter2,PointGreen,PointRed,PointGreen,testPoint,30.0,0,1,0,1,122.8,110.007,-95.17321777,256.69412142746177,258.1482706307919,284.47346993057715,266.4386206629436,0,6.0,10.0,D:\CodingHHW\Biplane\experiment\transform_snapshots\20260324_104236_237558,LinearTransform,D:\CodingHHW\Biplane\experiment\transform_snapshots\20260324_104236_237558\20260324_104236_237558_1_LinearTransform.h5,1,LinearTransform_1,D:\CodingHHW\Biplane\experiment\transform_snapshots\20260324_104236_237558\20260324_104236_237558_2_LinearTransform_1.h5,1,LinearTransform_2,D:\CodingHHW\Biplane\experiment\transform_snapshots\20260324_104236_237558\20260324_104236_237558_3_LinearTransform_2.h5,1,3,1,0.05142863631458393,0.051428636314640314,5.638545186315014e-14,0,0,0.08042372752387426,0.08042372752390267,2.8407831642596193e-14,0,0,0.07517581306226394,0.07517581306227189,7.951972413877684e-15,1,1,0.05011404682067767,0,1,0,0,30.0,0.07649285803765812,1,1,0,0,30.0,0.07505657591006382,1,0,0,0,30.0,NA,NA,NA,NA,NA,NA,NA,NA,NA,NA,NA,NA,NA,NA,NA,NA,NA,NA,451.196,485.325,401.727,9.719,549.312,59.815,32.491,2.683,3.055,2.175,0.493,0.604
2026-03-24T10:43:08+08:00,20260324_104308_417485,D:\CodingHHW\Biplane\experiment\experiment_results.csv,Panoramix-cropped,perspective,Current mode: Perspective,1,1,0,1,1,1,35.41,57.49,56.59,0.44,0.03,0.0,0.44 mm,0.03 px,0.00 mm,testPoint,TargetP3D,blackCenter2,PointGreen,PointRed,PointGreen,testPoint,30.0,0,1,0,1,122.8,110.007,-95.17321777,256.69412142746177,258.1482706307919,284.47346993057715,266.4386206629436,0,6.0,10.0,D:\CodingHHW\Biplane\experiment\transform_snapshots\20260324_104308_417485,LinearTransform,D:\CodingHHW\Biplane\experiment\transform_snapshots\20260324_104308_417485\20260324_104308_417485_1_LinearTransform.h5,1,LinearTransform_1,D:\CodingHHW\Biplane\experiment\transform_snapshots\20260324_104308_417485\20260324_104308_417485_2_LinearTransform_1.h5,1,LinearTransform_2,D:\CodingHHW\Biplane\experiment\transform_snapshots\20260324_104308_417485\20260324_104308_417485_3_LinearTransform_2.h5,1,3,1,0.04762816736476807,0.04762816736480319,3.511774204767448e-14,1,1,0.06478916605784223,0.06478916605785175,9.520162436160717e-15,0,0,0.07226770312582556,0.07226770312665605,8.304884557830405e-13,1,1,0.04648403150998101,0,0,0,0,30.0,0.06454364024921588,1,0,0,0,30.0,0.06478886310189098,0,0,0,0,30.0,NA,NA,NA,NA,NA,NA,NA,NA,NA,NA,NA,NA,NA,NA,NA,NA,NA,NA,451.964,537.663,467.095,9.607,546.496,58.34,31.594,2.683,3.838,2.074,0.573,0.886
2026-03-24T10:43:34+08:00,20260324_104334_979833,D:\CodingHHW\Biplane\experiment\experiment_results.csv,Panoramix-cropped,perspective,Current mode: Perspective,1,1,0,1,1,1,35.41,57.49,56.59,0.13,0.03,0.0,0.13 mm,0.03 px,0.00 mm,testPoint,TargetP3D,blackCenter2,PointGreen,PointRed,PointGreen,testPoint,30.0,0,1,0,1,122.8,110.007,-95.17321777,256.69412142746177,258.1482706307919,284.47346993057715,266.4386206629436,0,6.0,10.0,D:\CodingHHW\Biplane\experiment\transform_snapshots\20260324_104334_979833,LinearTransform,D:\CodingHHW\Biplane\experiment\transform_snapshots\20260324_104334_979833\20260324_104334_979833_1_LinearTransform.h5,1,LinearTransform_1,D:\CodingHHW\Biplane\experiment\transform_snapshots\20260324_104334_979833\20260324_104334_979833_2_LinearTransform_1.h5,1,LinearTransform_2,D:\CodingHHW\Biplane\experiment\transform_snapshots\20260324_104334_979833\20260324_104334_979833_3_LinearTransform_2.h5,1,3,1,0.05379007649361745,0.05379007649361896,1.5057399771478686e-15,0,0,0.07355831409807372,0.07355831409814868,7.49678097378137e-14,0,0,0.05044608986097352,0.050446089861473115,4.995934221874165e-13,0,0,0.05321801312800629,1,1,0,0,30.0,0.05619724986493792,0,1,0,0,30.0,0.048462382160437675,0,0,0,0,30.0,NA,NA,NA,NA,NA,NA,NA,NA,NA,NA,NA,NA,NA,NA,NA,NA,NA,NA,442.388,453.581,408.502,10.335,543.769,59.215,31.985,2.683,3.039,2.05,0.763,0.69
2026-03-24T10:44:03+08:00,20260324_104403_531655,D:\CodingHHW\Biplane\experiment\experiment_results.csv,Panoramix-cropped,perspective,Current mode: Perspective,1,1,0,1,1,1,35.41,57.49,56.59,0.38,0.63,0.0,0.38 mm,0.63 px,0.00 mm,testPoint,TargetP3D,blackCenter2,PointGreen,PointRed,PointGreen,testPoint,30.0,0,1,0,1,122.8,110.007,-95.17321777,256.69412142746177,258.1482706307919,284.47346993057715,266.4386206629436,0,6.0,10.0,D:\CodingHHW\Biplane\experiment\transform_snapshots\20260324_104403_531655,LinearTransform,D:\CodingHHW\Biplane\experiment\transform_snapshots\20260324_104403_531655\20260324_104403_531655_1_LinearTransform.h5,1,LinearTransform_1,D:\CodingHHW\Biplane\experiment\transform_snapshots\20260324_104403_531655\20260324_104403_531655_2_LinearTransform_1.h5,1,LinearTransform_2,D:\CodingHHW\Biplane\experiment\transform_snapshots\20260324_104403_531655\20260324_104403_531655_3_LinearTransform_2.h5,1,3,1,0.06931704998388295,0.06931704998392432,4.1369685455094896e-14,1,1,0.05680807322038895,0.05680807322043636,4.7406523151494184e-14,0,0,0.07892672213027775,0.07892672213034262,6.486478021372477e-14,0,0,0.06836564568337576,0,0,0,0,30.0,0.050803077475803586,0,0,0,0,30.0,0.07701038813245084,0,0,0,0,30.0,NA,NA,NA,NA,NA,NA,NA,NA,NA,NA,NA,NA,NA,NA,NA,NA,NA,NA,463.048,478.55,422.99,9.675,551.821,58.969,32.099,2.683,4.205,2.005,0.543,0.526
2026-03-24T10:44:37+08:00,20260324_104437_674446,D:\CodingHHW\Biplane\experiment\experiment_results.csv,Panoramix-cropped,perspective,Current mode: Perspective,1,1,0,1,1,1,35.41,57.49,56.59,0.14,0.13,0.0,0.14 mm,0.13 px,0.00 mm,testPoint,TargetP3D,blackCenter2,PointGreen,PointRed,PointGreen,testPoint,30.0,0,1,0,1,122.8,110.007,-95.17321777,256.69412142746177,258.1482706307919,284.47346993057715,266.4386206629436,0,6.0,10.0,D:\CodingHHW\Biplane\experiment\transform_snapshots\20260324_104437_674446,LinearTransform,D:\CodingHHW\Biplane\experiment\transform_snapshots\20260324_104437_674446\20260324_104437_674446_1_LinearTransform.h5,1,LinearTransform_1,D:\CodingHHW\Biplane\experiment\transform_snapshots\20260324_104437_674446\20260324_104437_674446_2_LinearTransform_1.h5,1,LinearTransform_2,D:\CodingHHW\Biplane\experiment\transform_snapshots\20260324_104437_674446\20260324_104437_674446_3_LinearTransform_2.h5,1,3,1,0.060754339810271785,0.06075433981027381,2.0261570199409107e-15,1,1,0.07529200418254671,0.07529200418255945,1.2739809207573671e-14,1,1,0.06904585332844042,0.06904585332859482,1.5440426714974365e-13,0,0,0.06066275069702376,1,1,0,0,30.0,0.0738309079864784,0,1,0,0,30.0,0.06809777880682572,1,0,0,0,30.0,NA,NA,NA,NA,NA,NA,NA,NA,NA,NA,NA,NA,NA,NA,NA,NA,NA,NA,460.84,1811.951,393.991,9.915,551.082,58.133,31.654,2.683,3.234,1.947,0.498,0.468
2026-03-24T10:45:04+08:00,20260324_104504_135075,D:\CodingHHW\Biplane\experiment\experiment_results.csv,Panoramix-cropped,perspective,Current mode: Perspective,1,1,0,1,1,1,35.41,57.49,56.59,0.22,0.39,0.0,0.22 mm,0.39 px,0.00 mm,testPoint,TargetP3D,blackCenter2,PointGreen,PointRed,PointGreen,testPoint,30.0,0,1,0,1,122.8,110.007,-95.17321777,256.69412142746177,258.1482706307919,284.47346993057715,266.4386206629436,0,6.0,10.0,D:\CodingHHW\Biplane\experiment\transform_snapshots\20260324_104504_135075,LinearTransform,D:\CodingHHW\Biplane\experiment\transform_snapshots\20260324_104504_135075\20260324_104504_135075_1_LinearTransform.h5,1,LinearTransform_1,D:\CodingHHW\Biplane\experiment\transform_snapshots\20260324_104504_135075\20260324_104504_135075_2_LinearTransform_1.h5,1,LinearTransform_2,D:\CodingHHW\Biplane\experiment\transform_snapshots\20260324_104504_135075\20260324_104504_135075_3_LinearTransform_2.h5,1,3,1,0.07635548906666031,0.07635548906672741,6.70991040507829e-14,1,1,0.0697518756333303,0.06975187563335107,2.0775048348298242e-14,0,0,0.047592055021916435,0.04759205502343665,1.520214509831419e-12,1,1,0.07154993628640138,1,0,0,0,30.0,0.06557336779040068,0,0,0,0,30.0,0.04686846036754351,1,0,0,0,30.0,NA,NA,NA,NA,NA,NA,NA,NA,NA,NA,NA,NA,NA,NA,NA,NA,NA,NA,428.071,465.424,416.318,9.77,548.864,58.88,31.246,2.683,3.114,2.233,0.613,0.488
2026-03-24T10:45:46+08:00,20260324_104546_553951,D:\CodingHHW\Biplane\experiment\experiment_results.csv,Panoramix-cropped,orthographic,Current mode: Orthographic,1,0,1,1,1,1,35.41,57.49,56.59,0.37,0.54,0.0,0.37 mm,0.54 px,0.00 mm,testPoint,TargetP3D,blackCenter2,PointGreen,PointRed,PointGreen,testPoint,30.0,1,1,0,1,122.8,110.007,-95.17321777,256.69412142746177,258.1482706307919,284.47346993057715,266.4386206629436,0,6.0,10.0,D:\CodingHHW\Biplane\experiment\transform_snapshots\20260324_104546_553951,LinearTransform,D:\CodingHHW\Biplane\experiment\transform_snapshots\20260324_104546_553951\20260324_104546_553951_1_LinearTransform.h5,1,LinearTransform_1,D:\CodingHHW\Biplane\experiment\transform_snapshots\20260324_104546_553951\20260324_104546_553951_2_LinearTransform_1.h5,1,LinearTransform_2,D:\CodingHHW\Biplane\experiment\transform_snapshots\20260324_104546_553951\20260324_104546_553951_3_LinearTransform_2.h5,1,3,1,1.292387647430394,1.2923876474303955,1.5543122344752192e-15,0,0,1.6151953424471195,1.615195342447211,9.14823772291129e-14,1,1,1.3171533341286676,1.3171533341289547,2.871036741680655e-13,0,0,NA,NA,NA,NA,NA,NA,NA,NA,NA,NA,NA,NA,NA,NA,NA,NA,NA,NA,0.05875225332422716,1,1,0,0,30.0,0.04530506534002696,0,1,0,0,30.0,0.04053157365566712,0,1,0,0,30.0,526.677,505.826,434.199,9.837,523.954,29.331,31.246,3.025,3.217,2.223,0.541,0.485
2026-03-24T10:46:13+08:00,20260324_104613_667925,D:\CodingHHW\Biplane\experiment\experiment_results.csv,Panoramix-cropped,orthographic,Current mode: Orthographic,1,0,1,1,1,1,35.41,57.49,56.59,0.55,0.57,0.0,0.55 mm,0.57 px,0.00 mm,testPoint,TargetP3D,blackCenter2,PointGreen,PointRed,PointGreen,testPoint,30.0,1,1,0,1,122.8,110.007,-95.17321777,256.69412142746177,258.1482706307919,284.47346993057715,266.4386206629436,0,6.0,10.0,D:\CodingHHW\Biplane\experiment\transform_snapshots\20260324_104613_667925,LinearTransform,D:\CodingHHW\Biplane\experiment\transform_snapshots\20260324_104613_667925\20260324_104613_667925_1_LinearTransform.h5,1,LinearTransform_1,D:\CodingHHW\Biplane\experiment\transform_snapshots\20260324_104613_667925\20260324_104613_667925_2_LinearTransform_1.h5,1,LinearTransform_2,D:\CodingHHW\Biplane\experiment\transform_snapshots\20260324_104613_667925\20260324_104613_667925_3_LinearTransform_2.h5,1,3,1,1.1678315570340654,1.1678315570343503,2.8488322811881517e-13,1,1,1.5495966131633945,1.5495966131636003,2.0583534876550402e-13,0,0,1.3412182498317688,1.3412182498319623,1.9340085088970227e-13,1,1,NA,NA,NA,NA,NA,NA,NA,NA,NA,NA,NA,NA,NA,NA,NA,NA,NA,NA,0.02831133850230077,1,0,0,0,30.0,0.048424689097202746,1,1,0,0,30.0,0.05486911315876637,0,0,0,0,30.0,576.433,475.563,424.841,9.939,521.466,29.688,31.246,2.724,2.993,2.607,0.618,0.609
2026-03-24T10:46:38+08:00,20260324_104638_312642,D:\CodingHHW\Biplane\experiment\experiment_results.csv,Panoramix-cropped,orthographic,Current mode: Orthographic,1,0,1,1,1,1,35.41,57.49,56.59,0.57,0.23,0.0,0.57 mm,0.23 px,0.00 mm,testPoint,TargetP3D,blackCenter2,PointGreen,PointRed,PointGreen,testPoint,30.0,1,1,0,1,122.8,110.007,-95.17321777,256.69412142746177,258.1482706307919,284.47346993057715,266.4386206629436,0,6.0,10.0,D:\CodingHHW\Biplane\experiment\transform_snapshots\20260324_104638_312642,LinearTransform,D:\CodingHHW\Biplane\experiment\transform_snapshots\20260324_104638_312642\20260324_104638_312642_1_LinearTransform.h5,1,LinearTransform_1,D:\CodingHHW\Biplane\experiment\transform_snapshots\20260324_104638_312642\20260324_104638_312642_2_LinearTransform_1.h5,1,LinearTransform_2,D:\CodingHHW\Biplane\experiment\transform_snapshots\20260324_104638_312642\20260324_104638_312642_3_LinearTransform_2.h5,1,3,1,1.4950094546529247,1.4950094546529333,8.659739592076221e-15,0,0,1.6654605492625756,1.6654605492628247,2.4913404672588513e-13,0,0,1.22209262375022,1.2220926237521297,1.9095836023552692e-12,1,1,NA,NA,NA,NA,NA,NA,NA,NA,NA,NA,NA,NA,NA,NA,NA,NA,NA,NA,0.060230087899687264,1,0,0,0,30.0,0.04285643502910848,1,1,0,0,30.0,0.05524176432469348,1,0,0,0,30.0,504.863,547.762,455.967,9.632,518.625,30.602,31.246,3.101,3.56,2.012,0.608,0.709
2026-03-24T10:47:05+08:00,20260324_104705_212586,D:\CodingHHW\Biplane\experiment\experiment_results.csv,Panoramix-cropped,orthographic,Current mode: Orthographic,1,0,1,1,1,1,35.41,57.49,56.59,0.08,0.17,0.0,0.08 mm,0.17 px,0.00 mm,testPoint,TargetP3D,blackCenter2,PointGreen,PointRed,PointGreen,testPoint,30.0,1,1,0,1,122.8,110.007,-95.17321777,256.69412142746177,258.1482706307919,284.47346993057715,266.4386206629436,0,6.0,10.0,D:\CodingHHW\Biplane\experiment\transform_snapshots\20260324_104705_212586,LinearTransform,D:\CodingHHW\Biplane\experiment\transform_snapshots\20260324_104705_212586\20260324_104705_212586_1_LinearTransform.h5,1,LinearTransform_1,D:\CodingHHW\Biplane\experiment\transform_snapshots\20260324_104705_212586\20260324_104705_212586_2_LinearTransform_1.h5,1,LinearTransform_2,D:\CodingHHW\Biplane\experiment\transform_snapshots\20260324_104705_212586\20260324_104705_212586_3_LinearTransform_2.h5,1,3,1,1.1221637425247042,1.1221637425256483,9.441336601412331e-13,0,0,1.3612430026164482,1.3612430026164675,1.9317880628477724e-14,0,1,1.1059152531633547,1.1059152531642018,8.471001677889944e-13,0,0,NA,NA,NA,NA,NA,NA,NA,NA,NA,NA,NA,NA,NA,NA,NA,NA,NA,NA,0.0484049391581923,0,1,0,0,30.0,0.04836963407518185,0,0,0,0,30.0,0.046074555107496556,1,1,0,0,30.0,504.875,499.01,447.89,9.607,518.05,28.988,31.246,2.683,2.867,2.111,0.64,0.495
2026-03-24T10:47:31+08:00,20260324_104731_859734,D:\CodingHHW\Biplane\experiment\experiment_results.csv,Panoramix-cropped,orthographic,Current mode: Orthographic,1,0,1,1,1,1,35.41,57.49,56.59,0.45,0.05,0.0,0.45 mm,0.05 px,0.00 mm,testPoint,TargetP3D,blackCenter2,PointGreen,PointRed,PointGreen,testPoint,30.0,1,1,0,1,122.8,110.007,-95.17321777,256.69412142746177,258.1482706307919,284.47346993057715,266.4386206629436,0,6.0,10.0,D:\CodingHHW\Biplane\experiment\transform_snapshots\20260324_104731_859734,LinearTransform,D:\CodingHHW\Biplane\experiment\transform_snapshots\20260324_104731_859734\20260324_104731_859734_1_LinearTransform.h5,1,LinearTransform_1,D:\CodingHHW\Biplane\experiment\transform_snapshots\20260324_104731_859734\20260324_104731_859734_2_LinearTransform_1.h5,1,LinearTransform_2,D:\CodingHHW\Biplane\experiment\transform_snapshots\20260324_104731_859734\20260324_104731_859734_3_LinearTransform_2.h5,1,3,1,1.3899174115268194,1.3899174115268327,1.3322676295501878e-14,0,0,1.678757311319856,1.6787573113199943,1.383337888682945e-13,0,0,1.1129795825061066,1.112979582506116,9.325873406851315e-15,0,0,NA,NA,NA,NA,NA,NA,NA,NA,NA,NA,NA,NA,NA,NA,NA,NA,NA,NA,0.05588570408041815,0,0,0,0,30.0,0.06312292871357503,1,0,0,0,30.0,0.06613656022639595,0,0,0,0,30.0,635.048,498.552,378.688,9.656,521.417,29.235,31.246,2.661,3.358,2.715,0.533,0.495
2026-03-24T10:48:10+08:00,20260324_104810_269447,D:\CodingHHW\Biplane\experiment\experiment_results.csv,Panoramix-cropped,orthographic,Current mode: Orthographic,1,0,1,1,1,1,35.41,57.49,56.59,0.82,0.38,0.0,0.82 mm,0.38 px,0.00 mm,testPoint,TargetP3D,blackCenter2,PointGreen,PointRed,PointGreen,testPoint,30.0,1,1,0,1,122.8,110.007,-95.17321777,256.69412142746177,258.1482706307919,284.47346993057715,266.4386206629436,0,6.0,10.0,D:\CodingHHW\Biplane\experiment\transform_snapshots\20260324_104810_269447,LinearTransform,D:\CodingHHW\Biplane\experiment\transform_snapshots\20260324_104810_269447\20260324_104810_269447_1_LinearTransform.h5,1,LinearTransform_1,D:\CodingHHW\Biplane\experiment\transform_snapshots\20260324_104810_269447\20260324_104810_269447_2_LinearTransform_1.h5,1,LinearTransform_2,D:\CodingHHW\Biplane\experiment\transform_snapshots\20260324_104810_269447\20260324_104810_269447_3_LinearTransform_2.h5,1,3,1,1.0477851362655863,1.047785136266378,7.915890165577366e-13,0,0,1.421384031637388,1.4213840316374773,8.926193117986259e-14,1,0,1.1818558668880013,1.1818558668881527,1.5143442055887135e-13,1,1,NA,NA,NA,NA,NA,NA,NA,NA,NA,NA,NA,NA,NA,NA,NA,NA,NA,NA,0.04279633231633202,0,0,0,0,30.0,0.05812678393006141,0,0,0,0,30.0,0.0381782831699371,0,1,0,0,30.0,508.029,486.871,407.991,10.104,524.245,30.564,31.246,3.585,2.824,2.22,1.015,0.526
2026-03-24T10:48:35+08:00,20260324_104835_562953,D:\CodingHHW\Biplane\experiment\experiment_results.csv,Panoramix-cropped,orthographic,Current mode: Orthographic,1,0,1,1,1,1,35.41,57.49,56.59,0.3,0.38,0.0,0.30 mm,0.38 px,0.00 mm,testPoint,TargetP3D,blackCenter2,PointGreen,PointRed,PointGreen,testPoint,30.0,1,1,0,1,122.8,110.007,-95.17321777,256.69412142746177,258.1482706307919,284.47346993057715,266.4386206629436,0,6.0,10.0,D:\CodingHHW\Biplane\experiment\transform_snapshots\20260324_104835_562953,LinearTransform,D:\CodingHHW\Biplane\experiment\transform_snapshots\20260324_104835_562953\20260324_104835_562953_1_LinearTransform.h5,1,LinearTransform_1,D:\CodingHHW\Biplane\experiment\transform_snapshots\20260324_104835_562953\20260324_104835_562953_2_LinearTransform_1.h5,1,LinearTransform_2,D:\CodingHHW\Biplane\experiment\transform_snapshots\20260324_104835_562953\20260324_104835_562953_3_LinearTransform_2.h5,1,3,1,1.0908606019767042,1.0908606019767182,1.3988810110276972e-14,0,0,1.5040152639620108,1.5040152639620423,3.1530333899354446e-14,1,1,1.1985136345268432,1.1985136345271103,2.6711965972481266e-13,1,1,NA,NA,NA,NA,NA,NA,NA,NA,NA,NA,NA,NA,NA,NA,NA,NA,NA,NA,0.05145753126275495,1,1,0,0,30.0,0.07568673312940907,1,0,0,0,30.0,0.043478046473652075,0,0,0,0,30.0,525.724,531.044,410.155,9.771,520.992,29.282,31.246,3.243,3.533,2.428,0.578,0.57
2026-03-24T10:50:34+08:00,20260324_105034_254310,D:\CodingHHW\Biplane\experiment\experiment_results.csv,Panoramix-cropped,orthographic,Current mode: Orthographic,1,0,1,1,1,1,86.82,81.34,85.85,0.16,0.17,0.0,0.16 mm,0.17 px,0.00 mm,testPoint,TargetP3D,blackCenter2,PointGreen,PointRed,PointGreen,testPoint,30.0,1,1,0,1,122.8,110.007,-95.17321777,256.69412142746177,259.34873398677894,290.8177728969427,268.95354277039445,0,6.0,10.0,D:\CodingHHW\Biplane\experiment\transform_snapshots\20260324_105034_254310,LinearTransform,D:\CodingHHW\Biplane\experiment\transform_snapshots\20260324_105034_254310\20260324_105034_254310_1_LinearTransform.h5,1,LinearTransform_1,D:\CodingHHW\Biplane\experiment\transform_snapshots\20260324_105034_254310\20260324_105034_254310_2_LinearTransform_1.h5,1,LinearTransform_2,D:\CodingHHW\Biplane\experiment\transform_snapshots\20260324_105034_254310\20260324_105034_254310_3_LinearTransform_2.h5,1,3,1,1.0623653033216562,1.0623653033216864,3.019806626980426e-14,0,0,1.7644695195708762,1.7644695195722662,1.389999226830696e-12,1,0,1.4610804975507996,1.461080497550997,1.9739765377835283e-13,0,0,NA,NA,NA,NA,NA,NA,NA,NA,NA,NA,NA,NA,NA,NA,NA,NA,NA,NA,0.05036906294677255,1,1,0,0,30.0,0.0574533908900016,0,0,0,0,30.0,0.05106385189820669,1,1,0,0,30.0,530.037,473.958,407.606,9.804,542.271,28.148,31.246,2.893,2.901,2.269,0.816,0.506
2026-03-24T10:51:05+08:00,20260324_105105_947695,D:\CodingHHW\Biplane\experiment\experiment_results.csv,Panoramix-cropped,orthographic,Current mode: Orthographic,1,0,1,1,1,1,86.82,81.34,85.85,0.22,0.01,0.0,0.22 mm,0.01 px,0.00 mm,testPoint,TargetP3D,blackCenter2,PointGreen,PointRed,PointGreen,testPoint,30.0,1,1,0,1,122.8,110.007,-95.17321777,256.69412142746177,259.34873398677894,290.8177728969427,268.95354277039445,0,6.0,10.0,D:\CodingHHW\Biplane\experiment\transform_snapshots\20260324_105105_947695,LinearTransform,D:\CodingHHW\Biplane\experiment\transform_snapshots\20260324_105105_947695\20260324_105105_947695_1_LinearTransform.h5,1,LinearTransform_1,D:\CodingHHW\Biplane\experiment\transform_snapshots\20260324_105105_947695\20260324_105105_947695_2_LinearTransform_1.h5,1,LinearTransform_2,D:\CodingHHW\Biplane\experiment\transform_snapshots\20260324_105105_947695\20260324_105105_947695_3_LinearTransform_2.h5,1,3,1,1.6216970996144373,1.6216970996144404,3.1086244689504383e-15,1,0,2.339910318413376,2.3399103184140624,6.865619184281968e-13,1,0,1.6583011263518137,1.6583011263518885,7.482903185973555e-14,0,0,NA,NA,NA,NA,NA,NA,NA,NA,NA,NA,NA,NA,NA,NA,NA,NA,NA,NA,0.04811367182362506,0,0,0,0,30.0,0.05294893186378466,0,1,0,0,30.0,0.06327260228253098,0,0,0,0,30.0,569.468,538.535,412.593,9.849,552.252,30.565,31.246,3.195,3.062,2.378,0.636,0.465
2026-03-24T10:51:31+08:00,20260324_105131_999526,D:\CodingHHW\Biplane\experiment\experiment_results.csv,Panoramix-cropped,orthographic,Current mode: Orthographic,1,0,1,1,1,1,86.82,81.34,85.85,0.05,0.33,0.0,0.05 mm,0.33 px,0.00 mm,testPoint,TargetP3D,blackCenter2,PointGreen,PointRed,PointGreen,testPoint,30.0,1,1,0,1,122.8,110.007,-95.17321777,256.69412142746177,259.34873398677894,290.8177728969427,268.95354277039445,0,6.0,10.0,D:\CodingHHW\Biplane\experiment\transform_snapshots\20260324_105131_999526,LinearTransform,D:\CodingHHW\Biplane\experiment\transform_snapshots\20260324_105131_999526\20260324_105131_999526_1_LinearTransform.h5,1,LinearTransform_1,D:\CodingHHW\Biplane\experiment\transform_snapshots\20260324_105131_999526\20260324_105131_999526_2_LinearTransform_1.h5,1,LinearTransform_2,D:\CodingHHW\Biplane\experiment\transform_snapshots\20260324_105131_999526\20260324_105131_999526_3_LinearTransform_2.h5,1,3,1,1.6987794873927762,1.6987794873927784,2.220446049250313e-15,1,1,2.3945422250456088,2.3945422250456665,5.773159728050814e-14,0,1,1.5926663840344442,1.5926663840344444,2.220446049250313e-16,0,1,NA,NA,NA,NA,NA,NA,NA,NA,NA,NA,NA,NA,NA,NA,NA,NA,NA,NA,0.08032634075017273,0,0,0,0,30.0,0.06717918787411373,1,0,0,0,30.0,0.07127327002112084,0,0,0,0,30.0,552.899,478.905,378.746,9.889,553.833,31.067,31.246,3.326,3.387,2.346,0.796,0.638
2026-03-24T10:52:03+08:00,20260324_105203_441950,D:\CodingHHW\Biplane\experiment\experiment_results.csv,Panoramix-cropped,orthographic,Current mode: Orthographic,1,0,1,1,1,1,86.82,81.34,85.85,0.15,0.38,0.0,0.15 mm,0.38 px,0.00 mm,testPoint,TargetP3D,blackCenter2,PointGreen,PointRed,PointGreen,testPoint,30.0,1,1,0,1,122.8,110.007,-95.17321777,256.69412142746177,259.34873398677894,290.8177728969427,268.95354277039445,0,6.0,10.0,D:\CodingHHW\Biplane\experiment\transform_snapshots\20260324_105203_441950,LinearTransform,D:\CodingHHW\Biplane\experiment\transform_snapshots\20260324_105203_441950\20260324_105203_441950_1_LinearTransform.h5,1,LinearTransform_1,D:\CodingHHW\Biplane\experiment\transform_snapshots\20260324_105203_441950\20260324_105203_441950_2_LinearTransform_1.h5,1,LinearTransform_2,D:\CodingHHW\Biplane\experiment\transform_snapshots\20260324_105203_441950\20260324_105203_441950_3_LinearTransform_2.h5,1,3,1,1.4083517017398763,1.408351701739878,1.5543122344752192e-15,1,1,2.0225819892069956,2.0225819892070334,3.774758283725532e-14,0,0,1.4419523745774812,1.441952374577625,1.438849039914203e-13,1,1,NA,NA,NA,NA,NA,NA,NA,NA,NA,NA,NA,NA,NA,NA,NA,NA,NA,NA,0.04947104447131385,0,0,0,0,30.0,0.056196597500323006,0,0,0,0,30.0,0.060171830496591416,0,1,0,0,30.0,558.192,476.922,423.466,10.66,550.378,30.335,31.246,3.64,2.878,2.385,0.699,0.818
2026-03-24T10:52:28+08:00,20260324_105228_650469,D:\CodingHHW\Biplane\experiment\experiment_results.csv,Panoramix-cropped,orthographic,Current mode: Orthographic,1,0,1,1,1,1,86.82,81.34,85.85,0.16,0.24,0.0,0.16 mm,0.24 px,0.00 mm,testPoint,TargetP3D,blackCenter2,PointGreen,PointRed,PointGreen,testPoint,30.0,1,1,0,1,122.8,110.007,-95.17321777,256.69412142746177,259.34873398677894,290.8177728969427,268.95354277039445,0,6.0,10.0,D:\CodingHHW\Biplane\experiment\transform_snapshots\20260324_105228_650469,LinearTransform,D:\CodingHHW\Biplane\experiment\transform_snapshots\20260324_105228_650469\20260324_105228_650469_1_LinearTransform.h5,1,LinearTransform_1,D:\CodingHHW\Biplane\experiment\transform_snapshots\20260324_105228_650469\20260324_105228_650469_2_LinearTransform_1.h5,1,LinearTransform_2,D:\CodingHHW\Biplane\experiment\transform_snapshots\20260324_105228_650469\20260324_105228_650469_3_LinearTransform_2.h5,1,3,1,1.643801659613452,1.643801659613468,1.5987211554602254e-14,1,1,1.925170549342781,1.9251705493428606,7.949196856316121e-14,1,1,2.0682731250792257,2.068273125080233,1.007194327939942e-12,1,0,NA,NA,NA,NA,NA,NA,NA,NA,NA,NA,NA,NA,NA,NA,NA,NA,NA,NA,0.07075711124257111,1,1,0,0,30.0,0.05850498779107039,0,1,0,0,30.0,0.035388547452593136,1,0,0,0,30.0,557.82,460.451,407.235,9.417,540.791,28.576,31.246,2.808,2.794,2.443,0.738,0.545
2026-03-24T10:52:50+08:00,20260324_105250_606814,D:\CodingHHW\Biplane\experiment\experiment_results.csv,Panoramix-cropped,orthographic,Current mode: Orthographic,1,0,1,1,1,1,86.82,81.34,85.85,0.23,0.3,0.0,0.23 mm,0.30 px,0.00 mm,testPoint,TargetP3D,blackCenter2,PointGreen,PointRed,PointGreen,testPoint,30.0,1,1,0,1,122.8,110.007,-95.17321777,256.69412142746177,259.34873398677894,290.8177728969427,268.95354277039445,0,6.0,10.0,D:\CodingHHW\Biplane\experiment\transform_snapshots\20260324_105250_606814,LinearTransform,D:\CodingHHW\Biplane\experiment\transform_snapshots\20260324_105250_606814\20260324_105250_606814_1_LinearTransform.h5,1,LinearTransform_1,D:\CodingHHW\Biplane\experiment\transform_snapshots\20260324_105250_606814\20260324_105250_606814_2_LinearTransform_1.h5,1,LinearTransform_2,D:\CodingHHW\Biplane\experiment\transform_snapshots\20260324_105250_606814\20260324_105250_606814_3_LinearTransform_2.h5,1,3,1,1.5044616813909255,1.504461681391443,5.17585974080248e-13,1,1,2.349150642149088,2.3491506421490955,7.549516567451064e-15,0,0,1.6266653208591395,1.6266653208593784,2.389199948993337e-13,1,1,NA,NA,NA,NA,NA,NA,NA,NA,NA,NA,NA,NA,NA,NA,NA,NA,NA,NA,0.03887868339538146,1,1,0,0,30.0,0.06202490297911394,1,1,0,0,30.0,0.062416650833100974,1,0,0,0,30.0,590.041,450.802,389.54,9.647,544.849,28.956,31.246,3.003,3.161,2.071,0.498,0.608
2026-03-24T10:53:44+08:00,20260324_105344_667020,D:\CodingHHW\Biplane\experiment\experiment_results.csv,Panoramix-cropped,perspective,Current mode: Perspective,1,1,0,1,1,1,86.82,81.34,85.85,0.14,0.31,0.0,0.14 mm,0.31 px,0.00 mm,testPoint,TargetP3D,blackCenter2,PointGreen,PointRed,PointGreen,testPoint,30.0,0,1,0,1,122.8,110.007,-95.17321777,256.69412142746177,259.34873398677894,290.8177728969427,268.95354277039445,0,6.0,10.0,D:\CodingHHW\Biplane\experiment\transform_snapshots\20260324_105344_667020,LinearTransform,D:\CodingHHW\Biplane\experiment\transform_snapshots\20260324_105344_667020\20260324_105344_667020_1_LinearTransform.h5,1,LinearTransform_1,D:\CodingHHW\Biplane\experiment\transform_snapshots\20260324_105344_667020\20260324_105344_667020_2_LinearTransform_1.h5,1,LinearTransform_2,D:\CodingHHW\Biplane\experiment\transform_snapshots\20260324_105344_667020\20260324_105344_667020_3_LinearTransform_2.h5,1,3,1,0.0450414406065086,0.04504144060932383,2.815227218011529e-12,1,1,0.07110642232294828,0.07110642232312461,1.763311718860905e-13,0,0,0.08416091155766753,0.08416091155790256,2.3503421431314564e-13,0,0,0.04014343742299691,0,1,0,0,30.0,0.06979201396347101,0,1,0,0,30.0,0.08234419038582974,1,1,0,0,30.0,NA,NA,NA,NA,NA,NA,NA,NA,NA,NA,NA,NA,NA,NA,NA,NA,NA,NA,442.957,415.913,510.063,9.491,575.695,59.691,32.899,3.003,3.02,2.127,0.565,0.475
2026-03-24T10:54:14+08:00,20260324_105414_091213,D:\CodingHHW\Biplane\experiment\experiment_results.csv,Panoramix-cropped,perspective,Current mode: Perspective,1,1,0,1,1,1,86.82,81.34,85.85,0.21,0.08,0.0,0.21 mm,0.08 px,0.00 mm,testPoint,TargetP3D,blackCenter2,PointGreen,PointRed,PointGreen,testPoint,30.0,0,1,0,1,122.8,110.007,-95.17321777,256.69412142746177,259.34873398677894,290.8177728969427,268.95354277039445,0,6.0,10.0,D:\CodingHHW\Biplane\experiment\transform_snapshots\20260324_105414_091213,LinearTransform,D:\CodingHHW\Biplane\experiment\transform_snapshots\20260324_105414_091213\20260324_105414_091213_1_LinearTransform.h5,1,LinearTransform_1,D:\CodingHHW\Biplane\experiment\transform_snapshots\20260324_105414_091213\20260324_105414_091213_2_LinearTransform_1.h5,1,LinearTransform_2,D:\CodingHHW\Biplane\experiment\transform_snapshots\20260324_105414_091213\20260324_105414_091213_3_LinearTransform_2.h5,1,3,1,0.07837328323992056,0.07837328323993421,1.3655743202889425e-14,1,1,0.06364125914597368,0.06364125914599668,2.2995494397548555e-14,0,0,0.0712085701105031,0.07120857011051138,8.271161533457416e-15,0,0,0.07808260158290367,0,0,0,0,30.0,0.06204598696283465,1,1,0,0,30.0,0.06959728009385026,0,1,0,0,30.0,NA,NA,NA,NA,NA,NA,NA,NA,NA,NA,NA,NA,NA,NA,NA,NA,NA,NA,459.282,473.697,418.196,10.09,577.711,61.03,33.63,3.003,2.955,2.256,0.493,0.67
2026-03-24T10:54:42+08:00,20260324_105442_046074,D:\CodingHHW\Biplane\experiment\experiment_results.csv,Panoramix-cropped,perspective,Current mode: Perspective,1,1,0,1,1,1,86.82,81.34,85.85,0.21,0.24,0.0,0.21 mm,0.24 px,0.00 mm,testPoint,TargetP3D,blackCenter2,PointGreen,PointRed,PointGreen,testPoint,30.0,0,1,0,1,122.8,110.007,-95.17321777,256.69412142746177,259.34873398677894,290.8177728969427,268.95354277039445,0,6.0,10.0,D:\CodingHHW\Biplane\experiment\transform_snapshots\20260324_105442_046074,LinearTransform,D:\CodingHHW\Biplane\experiment\transform_snapshots\20260324_105442_046074\20260324_105442_046074_1_LinearTransform.h5,1,LinearTransform_1,D:\CodingHHW\Biplane\experiment\transform_snapshots\20260324_105442_046074\20260324_105442_046074_2_LinearTransform_1.h5,1,LinearTransform_2,D:\CodingHHW\Biplane\experiment\transform_snapshots\20260324_105442_046074\20260324_105442_046074_3_LinearTransform_2.h5,1,3,1,0.04320731723626248,0.04320731723631588,5.340172748447003e-14,1,1,0.046545638485455156,0.04654563848683826,1.3831019662902122e-12,1,1,0.06696704273223832,0.06696704273241053,1.722094689071696e-13,1,1,0.04167030744291957,1,0,0,0,30.0,0.04305782840019672,0,0,0,0,30.0,0.06685791558076917,0,0,0,0,30.0,NA,NA,NA,NA,NA,NA,NA,NA,NA,NA,NA,NA,NA,NA,NA,NA,NA,NA,492.895,493.117,426.416,9.588,576.41,58.586,32.079,3.003,3.082,1.85,0.617,0.49
2026-03-24T10:55:12+08:00,20260324_105512_354924,D:\CodingHHW\Biplane\experiment\experiment_results.csv,Panoramix-cropped,perspective,Current mode: Perspective,1,1,0,1,1,1,86.82,81.34,85.85,0.11,0.23,0.0,0.11 mm,0.23 px,0.00 mm,testPoint,TargetP3D,blackCenter2,PointGreen,PointRed,PointGreen,testPoint,30.0,0,1,0,1,122.8,110.007,-95.17321777,256.69412142746177,259.34873398677894,290.8177728969427,268.95354277039445,0,6.0,10.0,D:\CodingHHW\Biplane\experiment\transform_snapshots\20260324_105512_354924,LinearTransform,D:\CodingHHW\Biplane\experiment\transform_snapshots\20260324_105512_354924\20260324_105512_354924_1_LinearTransform.h5,1,LinearTransform_1,D:\CodingHHW\Biplane\experiment\transform_snapshots\20260324_105512_354924\20260324_105512_354924_2_LinearTransform_1.h5,1,LinearTransform_2,D:\CodingHHW\Biplane\experiment\transform_snapshots\20260324_105512_354924\20260324_105512_354924_3_LinearTransform_2.h5,1,3,1,0.07415779606347456,0.07415779606400265,5.280914594507635e-13,1,1,0.0548505332843257,0.05485053328439898,7.328165851916424e-14,1,1,0.05824388824941084,0.05824388824942809,1.725009024511337e-14,0,0,0.07353637448292828,0,1,0,0,30.0,0.0538558927475546,0,0,0,0,30.0,0.05795673306483599,1,1,0,0,30.0,NA,NA,NA,NA,NA,NA,NA,NA,NA,NA,NA,NA,NA,NA,NA,NA,NA,NA,453.666,431.593,451.831,9.541,575.765,58.731,31.759,3.003,3.004,2.566,0.524,0.809
2026-03-24T10:55:38+08:00,20260324_105538_681306,D:\CodingHHW\Biplane\experiment\experiment_results.csv,Panoramix-cropped,perspective,Current mode: Perspective,1,1,0,1,1,1,86.82,81.34,85.85,0.18,0.02,0.0,0.18 mm,0.02 px,0.00 mm,testPoint,TargetP3D,blackCenter2,PointGreen,PointRed,PointGreen,testPoint,30.0,0,1,0,1,122.8,110.007,-95.17321777,256.69412142746177,259.34873398677894,290.8177728969427,268.95354277039445,0,6.0,10.0,D:\CodingHHW\Biplane\experiment\transform_snapshots\20260324_105538_681306,LinearTransform,D:\CodingHHW\Biplane\experiment\transform_snapshots\20260324_105538_681306\20260324_105538_681306_1_LinearTransform.h5,1,LinearTransform_1,D:\CodingHHW\Biplane\experiment\transform_snapshots\20260324_105538_681306\20260324_105538_681306_2_LinearTransform_1.h5,1,LinearTransform_2,D:\CodingHHW\Biplane\experiment\transform_snapshots\20260324_105538_681306\20260324_105538_681306_3_LinearTransform_2.h5,1,3,1,0.05473341700041914,0.05473341700049059,7.144979052853273e-14,1,1,0.06252691966971376,0.06252691966995498,2.412237076754309e-13,0,0,0.08588096086965646,0.08588096086990432,2.478572902475662e-13,1,1,0.05268073443871647,1,0,0,0,30.0,0.05411345772903855,0,1,0,0,30.0,0.08429916935595277,1,0,0,0,30.0,NA,NA,NA,NA,NA,NA,NA,NA,NA,NA,NA,NA,NA,NA,NA,NA,NA,NA,473.299,479.647,411.896,10.119,573.903,60.775,33.432,3.003,3.736,2.192,0.512,0.509
2026-03-24T10:56:04+08:00,20260324_105604_493469,D:\CodingHHW\Biplane\experiment\experiment_results.csv,Panoramix-cropped,perspective,Current mode: Perspective,1,1,0,1,1,1,86.82,81.34,85.85,0.22,0.48,0.0,0.22 mm,0.48 px,0.00 mm,testPoint,TargetP3D,blackCenter2,PointGreen,PointRed,PointGreen,testPoint,30.0,0,1,0,1,122.8,110.007,-95.17321777,256.69412142746177,259.34873398677894,290.8177728969427,268.95354277039445,0,6.0,10.0,D:\CodingHHW\Biplane\experiment\transform_snapshots\20260324_105604_493469,LinearTransform,D:\CodingHHW\Biplane\experiment\transform_snapshots\20260324_105604_493469\20260324_105604_493469_1_LinearTransform.h5,1,LinearTransform_1,D:\CodingHHW\Biplane\experiment\transform_snapshots\20260324_105604_493469\20260324_105604_493469_2_LinearTransform_1.h5,1,LinearTransform_2,D:\CodingHHW\Biplane\experiment\transform_snapshots\20260324_105604_493469\20260324_105604_493469_3_LinearTransform_2.h5,1,3,1,0.0736891237978547,0.07368912379790026,4.556077737305486e-14,1,1,0.05308817709407208,0.05308817709410188,2.9802549317281546e-14,1,1,0.05100917666856103,0.0510091766686266,6.557254739192331e-14,0,0,0.06907068630185155,0,0,0,0,30.0,0.05131627331345718,0,1,0,0,30.0,0.04847894207730393,0,1,0,0,30.0,NA,NA,NA,NA,NA,NA,NA,NA,NA,NA,NA,NA,NA,NA,NA,NA,NA,NA,489.325,430.493,476.524,9.729,579.818,60.794,34.447,3.003,3.413,2.164,0.538,0.525
2026-03-24T10:56:31+08:00,20260324_105631_276501,D:\CodingHHW\Biplane\experiment\experiment_results.csv,Panoramix-cropped,perspective,Current mode: Perspective,1,1,0,1,1,1,86.82,81.34,85.85,0.15,0.07,0.0,0.15 mm,0.07 px,0.00 mm,testPoint,TargetP3D,blackCenter2,PointGreen,PointRed,PointGreen,testPoint,30.0,0,1,0,1,122.8,110.007,-95.17321777,256.69412142746177,259.34873398677894,290.8177728969427,268.95354277039445,0,6.0,10.0,D:\CodingHHW\Biplane\experiment\transform_snapshots\20260324_105631_276501,LinearTransform,D:\CodingHHW\Biplane\experiment\transform_snapshots\20260324_105631_276501\20260324_105631_276501_1_LinearTransform.h5,1,LinearTransform_1,D:\CodingHHW\Biplane\experiment\transform_snapshots\20260324_105631_276501\20260324_105631_276501_2_LinearTransform_1.h5,1,LinearTransform_2,D:\CodingHHW\Biplane\experiment\transform_snapshots\20260324_105631_276501\20260324_105631_276501_3_LinearTransform_2.h5,1,3,1,0.07084548621879497,0.07084548621883453,3.9565573040079016e-14,1,1,0.040774972053031,0.04077497205310879,7.778500066280003e-14,0,0,0.06865877162130381,0.06865877162130654,2.733924198139448e-15,0,0,0.06927894488473708,0,0,0,0,30.0,0.036444810016670076,0,0,0,0,30.0,0.06552434481997615,0,1,0,0,30.0,NA,NA,NA,NA,NA,NA,NA,NA,NA,NA,NA,NA,NA,NA,NA,NA,NA,NA,453.315,450.254,480.164,9.613,576.164,59.737,33.002,3.003,3.014,2.272,0.77,0.482
2026-03-24T10:56:51+08:00,20260324_105651_659386,D:\CodingHHW\Biplane\experiment\experiment_results.csv,Panoramix-cropped,perspective,Current mode: Perspective,1,1,0,1,1,1,86.82,81.34,85.85,0.31,0.46,0.0,0.31 mm,0.46 px,0.00 mm,testPoint,TargetP3D,blackCenter2,PointGreen,PointRed,PointGreen,testPoint,30.0,0,1,0,1,122.8,110.007,-95.17321777,256.69412142746177,259.34873398677894,290.8177728969427,268.95354277039445,0,6.0,10.0,D:\CodingHHW\Biplane\experiment\transform_snapshots\20260324_105651_659386,LinearTransform,D:\CodingHHW\Biplane\experiment\transform_snapshots\20260324_105651_659386\20260324_105651_659386_1_LinearTransform.h5,1,LinearTransform_1,D:\CodingHHW\Biplane\experiment\transform_snapshots\20260324_105651_659386\20260324_105651_659386_2_LinearTransform_1.h5,1,LinearTransform_2,D:\CodingHHW\Biplane\experiment\transform_snapshots\20260324_105651_659386\20260324_105651_659386_3_LinearTransform_2.h5,1,3,1,0.06090373490746894,0.060903734907495594,2.6652291484907664e-14,0,0,0.0578150961927179,0.057815096194590056,1.8721552086375937e-12,0,0,0.06555607643927888,0.06555607643933245,5.35682609381638e-14,1,1,0.060053176239058245,0,0,0,0,30.0,0.05389456960363984,0,0,0,0,30.0,0.06460174793904315,0,1,0,0,30.0,NA,NA,NA,NA,NA,NA,NA,NA,NA,NA,NA,NA,NA,NA,NA,NA,NA,NA,405.738,399.584,419.998,9.591,572.919,59.651,32.629,3.003,3.501,2.18,0.496,0.482
2026-03-24T10:57:11+08:00,20260324_105711_712167,D:\CodingHHW\Biplane\experiment\experiment_results.csv,Panoramix-cropped,perspective,Current mode: Perspective,1,1,0,1,1,1,86.82,81.34,85.85,0.23,0.5,0.0,0.23 mm,0.50 px,0.00 mm,testPoint,TargetP3D,blackCenter2,PointGreen,PointRed,PointGreen,testPoint,30.0,0,1,0,1,122.8,110.007,-95.17321777,256.69412142746177,259.34873398677894,290.8177728969427,268.95354277039445,0,6.0,10.0,D:\CodingHHW\Biplane\experiment\transform_snapshots\20260324_105711_712167,LinearTransform,D:\CodingHHW\Biplane\experiment\transform_snapshots\20260324_105711_712167\20260324_105711_712167_1_LinearTransform.h5,1,LinearTransform_1,D:\CodingHHW\Biplane\experiment\transform_snapshots\20260324_105711_712167\20260324_105711_712167_2_LinearTransform_1.h5,1,LinearTransform_2,D:\CodingHHW\Biplane\experiment\transform_snapshots\20260324_105711_712167\20260324_105711_712167_3_LinearTransform_2.h5,1,3,1,0.09063749662200687,0.09063749662206341,5.6538107529036097e-14,0,0,0.054962932048222765,0.05496293204831045,8.768680226367565e-14,0,0,0.057381700430189225,0.05738170043029636,1.071365218763276e-13,0,0,0.08748879327269725,1,1,0,0,30.0,0.054922016966323796,0,1,0,0,30.0,0.057032024061581754,1,0,0,0,30.0,NA,NA,NA,NA,NA,NA,NA,NA,NA,NA,NA,NA,NA,NA,NA,NA,NA,NA,414.509,431.71,448.859,9.691,578.928,60.683,32.367,3.003,3.403,2.027,1.029,0.62
2026-03-24T10:57:40+08:00,20260324_105740_656503,D:\CodingHHW\Biplane\experiment\experiment_results.csv,Panoramix-cropped,perspective,Current mode: Perspective,1,1,0,1,1,1,86.82,81.34,85.85,0.14,0.05,0.0,0.14 mm,0.05 px,0.00 mm,testPoint,TargetP3D,blackCenter2,PointGreen,PointRed,PointGreen,testPoint,30.0,0,1,0,1,122.8,110.007,-95.17321777,256.69412142746177,259.34873398677894,290.8177728969427,268.95354277039445,0,6.0,10.0,D:\CodingHHW\Biplane\experiment\transform_snapshots\20260324_105740_656503,LinearTransform,D:\CodingHHW\Biplane\experiment\transform_snapshots\20260324_105740_656503\20260324_105740_656503_1_LinearTransform.h5,1,LinearTransform_1,D:\CodingHHW\Biplane\experiment\transform_snapshots\20260324_105740_656503\20260324_105740_656503_2_LinearTransform_1.h5,1,LinearTransform_2,D:\CodingHHW\Biplane\experiment\transform_snapshots\20260324_105740_656503\20260324_105740_656503_3_LinearTransform_2.h5,1,3,1,0.058350634174890434,0.05835063417489353,3.094746681142624e-15,1,1,0.060089477294184415,0.060089477294258606,7.419065362057609e-14,1,1,0.08494461942892968,0.08494461942906882,1.3913870056114774e-13,1,1,0.05747340772317309,0,0,0,0,30.0,0.05966086259826797,0,0,0,0,30.0,0.0848500620520216,1,1,0,0,30.0,NA,NA,NA,NA,NA,NA,NA,NA,NA,NA,NA,NA,NA,NA,NA,NA,NA,NA,446.86,411.046,458.848,9.73,579.915,58.77,31.772,3.003,2.885,2.758,0.592,0.671
