timestamp,experiment_record_id,csv_output_path,input_volume,projection_mode,projection_mode_status,markers_sorted,perspective_calibration_ready,orthographic_calibration_ready,shot1_available,shot2_available,shot3_available,shot2_angle_deg,shot3_angle_m3_m1_deg,shot3_angle_m3_m2_deg,tre_value_mm,reprojection_error_px,ray_gap_mm,tre_display,reprojection_display,ray_gap_display,point1_selector,point2_selector,reprojection_point1_selector,reprojection_point2_selector,red_2d_selector,green_2d_selector,knife_selector,camera_view_angle_deg,view_orthographic_enabled,red_uses_blackcenter_auto_point,green_uses_blackcenter_auto_point,uses_blackcenter_auto_point_any,testpoint_x,testpoint_y,testpoint_z,testpoint_marker_distance_t1_mm,testpoint_marker_distance_t2_mm,testpoint_marker_distance_t3_mm,testpoint_marker_distance_mean_mm,debug_visualization,debug_plane_scale,debug_ray_scale,marker_transform_snapshot_dir,marker_transform_1_name,marker_transform_1_path,marker_transform_1_saved,marker_transform_2_name,marker_transform_2_path,marker_transform_2_saved,marker_transform_3_name,marker_transform_3_path,marker_transform_3_saved,marker_transform_snapshot_count,marker_transform_snapshot_ready,marker_sort_view1_rms_px,marker_sort_view1_second_rms_px,marker_sort_view1_rms_gap_px,marker_sort_view1_flip_x,marker_sort_view1_flip_y,marker_sort_view2_rms_px,marker_sort_view2_second_rms_px,marker_sort_view2_rms_gap_px,marker_sort_view2_flip_x,marker_sort_view2_flip_y,marker_sort_view3_rms_px,marker_sort_view3_second_rms_px,marker_sort_view3_rms_gap_px,marker_sort_view3_flip_x,marker_sort_view3_flip_y,perspective_calibration_view1_reproj_rms_px,perspective_calibration_view1_flip_x,perspective_calibration_view1_flip_y,perspective_calibration_view1_swap_big_23,perspective_calibration_view1_swap_small_23,perspective_calibration_view1_view_angle_deg,perspective_calibration_view2_reproj_rms_px,perspective_calibration_view2_flip_x,perspective_calibration_view2_flip_y,perspective_calibration_view2_swap_big_23,perspective_calibration_view2_swap_small_23,perspective_calibration_view2_view_angle_deg,perspective_calibration_view3_reproj_rms_px,perspective_calibration_view3_flip_x,perspective_calibration_view3_flip_y,perspective_calibration_view3_swap_big_23,perspective_calibration_view3_swap_small_23,perspective_calibration_view3_view_angle_deg,orthographic_calibration_view1_reproj_rms_px,orthographic_calibration_view1_flip_x,orthographic_calibration_view1_flip_y,orthographic_calibration_view1_swap_big_23,orthographic_calibration_view1_swap_small_23,orthographic_calibration_view1_view_angle_deg,orthographic_calibration_view2_reproj_rms_px,orthographic_calibration_view2_flip_x,orthographic_calibration_view2_flip_y,orthographic_calibration_view2_swap_big_23,orthographic_calibration_view2_swap_small_23,orthographic_calibration_view2_view_angle_deg,orthographic_calibration_view3_reproj_rms_px,orthographic_calibration_view3_flip_x,orthographic_calibration_view3_flip_y,orthographic_calibration_view3_swap_big_23,orthographic_calibration_view3_swap_small_23,orthographic_calibration_view3_view_angle_deg,timing_shot1_all_ms,timing_shot2_all_ms,timing_shot3_all_ms,timing_black_center_ms,timing_markers_sort_ms,timing_init_markers_ms,timing_perspective_calibration_ms,timing_orthographic_calibration_ms,timing_red_push_ms,timing_green_push_ms,timing_tre_calc_ms,timing_reprojection_calc_ms
2026-03-21T08:13:59+08:00,20260321_081359_091600,D:\CodingHHW\Biplane\experiment\experiment_results.csv,CTChest,perspective,Current mode: Perspective,1,1,0,1,1,1,46.99,43.1,67.87,0.05,0.08,0,0.05 mm,0.08 px,0.00 mm,testPoint,TargetP3D,blackCenter2,PointGreen,PointRed,PointGreen,testPoint,30,0,1,0,1,-13.69535542,90.66418457,-182.1198578,35.44597248,48.50962628,68.81453892,50.92337923,0,6,10,D:\CodingHHW\Biplane\experiment\transform_snapshots\20260321_081359_091600,LinearTransform,D:\CodingHHW\Biplane\experiment\transform_snapshots\20260321_081359_091600\20260321_081359_091600_1_LinearTransform.h5,1,LinearTransform_1,D:\CodingHHW\Biplane\experiment\transform_snapshots\20260321_081359_091600\20260321_081359_091600_2_LinearTransform_1.h5,1,LinearTransform_2,D:\CodingHHW\Biplane\experiment\transform_snapshots\20260321_081359_091600\20260321_081359_091600_3_LinearTransform_2.h5,1,3,1,0.064088993,0.064088993,4.58E-14,0,0,0.071185689,0.071185689,8.42E-13,0,0,0.069169009,0.069169009,1.78E-13,1,1,0.063333543,1,0,0,0,30,0.069853879,1,1,0,0,30,0.067692405,1,0,0,0,30,NA,NA,NA,NA,NA,NA,NA,NA,NA,NA,NA,NA,NA,NA,NA,NA,NA,NA,426.925,519.246,386.11,10.557,593.222,55.343,28.22,NA,3.276,95.884,0.563,0.568
2026-03-21T08:17:38+08:00,20260321_081738_608592,D:\CodingHHW\Biplane\experiment\experiment_results.csv,CTChest,perspective,Current mode: Perspective,1,1,0,1,1,1,46.99,43.1,67.87,0.05,0.06,0,0.05 mm,0.06 px,0.00 mm,testPoint,TargetP3D,blackCenter2,PointGreen,PointRed,PointGreen,testPoint,30,0,1,0,1,-13.69535542,90.66418457,-182.1198578,35.44597248,48.50962628,68.81453892,50.92337923,0,6,10,D:\CodingHHW\Biplane\experiment\transform_snapshots\20260321_081738_608592,LinearTransform,D:\CodingHHW\Biplane\experiment\transform_snapshots\20260321_081738_608592\20260321_081738_608592_1_LinearTransform.h5,1,LinearTransform_1,D:\CodingHHW\Biplane\experiment\transform_snapshots\20260321_081738_608592\20260321_081738_608592_2_LinearTransform_1.h5,1,LinearTransform_2,D:\CodingHHW\Biplane\experiment\transform_snapshots\20260321_081738_608592\20260321_081738_608592_3_LinearTransform_2.h5,1,3,1,0.054704194,0.054704194,9.94E-15,0,0,0.035454719,0.035454719,4.08E-14,0,0,0.067822801,0.067822801,1.91E-13,0,0,0.049197287,1,0,0,0,30,0.031271055,1,1,0,0,30,0.067243656,0,0,0,0,30,NA,NA,NA,NA,NA,NA,NA,NA,NA,NA,NA,NA,NA,NA,NA,NA,NA,NA,476.709,485.808,391.196,10.13,600.119,58.341,30.211,NA,1.78,2.306,0.465,0.586
2026-03-21T08:21:07+08:00,20260321_082107_060525,D:\CodingHHW\Biplane\experiment\experiment_results.csv,CTChest,perspective,Current mode: Perspective,1,1,0,1,1,1,46.99,43.1,67.87,0.06,0.1,0,0.06 mm,0.10 px,0.00 mm,testPoint,TargetP3D,blackCenter2,PointGreen,PointRed,PointGreen,testPoint,30,0,1,0,1,-13.69535542,90.66418457,-182.1198578,35.44597248,48.50962628,68.81453892,50.92337923,0,6,10,D:\CodingHHW\Biplane\experiment\transform_snapshots\20260321_082107_060525,LinearTransform,D:\CodingHHW\Biplane\experiment\transform_snapshots\20260321_082107_060525\20260321_082107_060525_1_LinearTransform.h5,1,LinearTransform_1,D:\CodingHHW\Biplane\experiment\transform_snapshots\20260321_082107_060525\20260321_082107_060525_2_LinearTransform_1.h5,1,LinearTransform_2,D:\CodingHHW\Biplane\experiment\transform_snapshots\20260321_082107_060525\20260321_082107_060525_3_LinearTransform_2.h5,1,3,1,0.077609674,0.077609674,5.79E-13,0,0,0.062805747,0.062805747,6.46E-13,1,1,0.072786905,0.072786905,1.04E-14,0,0,0.067820114,1,0,0,0,30,0.062471523,1,0,0,0,30,0.07251719,1,1,0,0,30,NA,NA,NA,NA,NA,NA,NA,NA,NA,NA,NA,NA,NA,NA,NA,NA,NA,NA,429.921,425.368,387.809,11.516,593.431,55.983,28.851,NA,2.029,1.667,0.506,0.625
2026-03-21T08:22:28+08:00,20260321_082228_939381,D:\CodingHHW\Biplane\experiment\experiment_results.csv,CTChest,perspective,Current mode: Perspective,1,1,0,1,1,1,46.99,43.1,67.87,0.12,0.21,0,0.12 mm,0.21 px,0.00 mm,testPoint,TargetP3D,blackCenter2,PointGreen,PointRed,PointGreen,testPoint,30,0,1,0,1,-13.69535542,90.66418457,-182.1198578,35.44597248,48.50962628,68.81453892,50.92337923,0,6,10,D:\CodingHHW\Biplane\experiment\transform_snapshots\20260321_082228_939381,LinearTransform,D:\CodingHHW\Biplane\experiment\transform_snapshots\20260321_082228_939381\20260321_082228_939381_1_LinearTransform.h5,1,LinearTransform_1,D:\CodingHHW\Biplane\experiment\transform_snapshots\20260321_082228_939381\20260321_082228_939381_2_LinearTransform_1.h5,1,LinearTransform_2,D:\CodingHHW\Biplane\experiment\transform_snapshots\20260321_082228_939381\20260321_082228_939381_3_LinearTransform_2.h5,1,3,1,0.072644377,0.072644377,7.58E-13,0,0,0.046399584,0.046399584,1.28E-13,1,1,0.066781596,0.066781596,2.17E-14,0,0,0.067444459,0,0,0,0,30,0.046285037,0,0,0,0,30,0.066407754,0,0,0,0,30,NA,NA,NA,NA,NA,NA,NA,NA,NA,NA,NA,NA,NA,NA,NA,NA,NA,NA,486.131,518.701,414.827,10.045,594.794,56.61,29.436,NA,1.713,1.647,0.535,0.526
2026-03-21T08:23:04+08:00,20260321_082304_463118,D:\CodingHHW\Biplane\experiment\experiment_results.csv,CTChest,perspective,Current mode: Perspective,1,1,0,1,1,1,46.99,43.1,67.87,0.01,0.01,0,0.01 mm,0.01 px,0.00 mm,testPoint,TargetP3D,blackCenter2,PointGreen,PointRed,PointGreen,testPoint,30,0,1,0,1,-13.69535542,90.66418457,-182.1198578,35.44597248,48.50962628,68.81453892,50.92337923,0,6,10,D:\CodingHHW\Biplane\experiment\transform_snapshots\20260321_082304_463118,LinearTransform,D:\CodingHHW\Biplane\experiment\transform_snapshots\20260321_082304_463118\20260321_082304_463118_1_LinearTransform.h5,1,LinearTransform_1,D:\CodingHHW\Biplane\experiment\transform_snapshots\20260321_082304_463118\20260321_082304_463118_2_LinearTransform_1.h5,1,LinearTransform_2,D:\CodingHHW\Biplane\experiment\transform_snapshots\20260321_082304_463118\20260321_082304_463118_3_LinearTransform_2.h5,1,3,1,0.064348353,0.064348353,2.41E-13,1,1,0.062644024,0.062644024,7.29E-14,0,0,0.081803826,0.081803826,7.57E-14,0,0,0.062418984,1,0,0,0,30,0.062230802,0,0,0,0,30,0.076903273,1,1,0,0,30,NA,NA,NA,NA,NA,NA,NA,NA,NA,NA,NA,NA,NA,NA,NA,NA,NA,NA,381.914,434.82,390.361,9.719,587.599,56.042,28.438,NA,1.685,2.322,0.517,0.684
2026-03-21T08:24:54+08:00,20260321_082454_602835,D:\CodingHHW\Biplane\experiment\experiment_results.csv,CTChest,orthographic,Current mode: Orthographic,1,0,1,1,1,1,46.99,43.1,67.87,0.06,0.08,0,0.06 mm,0.08 px,0.00 mm,testPoint,TargetP3D,blackCenter2,PointGreen,PointRed,PointGreen,testPoint,30,1,1,0,1,-13.69535542,90.66418457,-182.1198578,35.44597248,48.50962628,68.81453891,50.92337922,0,6,10,D:\CodingHHW\Biplane\experiment\transform_snapshots\20260321_082454_602835,LinearTransform,D:\CodingHHW\Biplane\experiment\transform_snapshots\20260321_082454_602835\20260321_082454_602835_1_LinearTransform.h5,1,LinearTransform_1,D:\CodingHHW\Biplane\experiment\transform_snapshots\20260321_082454_602835\20260321_082454_602835_2_LinearTransform_1.h5,1,LinearTransform_2,D:\CodingHHW\Biplane\experiment\transform_snapshots\20260321_082454_602835\20260321_082454_602835_3_LinearTransform_2.h5,1,3,1,0.826742983,0.826742983,3.33E-15,1,0,0.909262066,0.909262066,6.10E-13,0,1,0.785512957,0.785512957,4.78E-13,0,0,NA,NA,NA,NA,NA,NA,NA,NA,NA,NA,NA,NA,NA,NA,NA,NA,NA,NA,0.061834258,0,1,0,0,30,0.061460217,0,0,0,0,30,0.046482693,1,1,0,0,30,509.276,452.24,434.391,9.603,565.876,29.343,28.438,3.026,2.266,1.921,0.499,0.557
2026-03-21T08:25:35+08:00,20260321_082535_684700,D:\CodingHHW\Biplane\experiment\experiment_results.csv,CTChest,orthographic,Current mode: Orthographic,1,0,1,1,1,1,46.99,43.1,67.87,0.09,0.18,0,0.09 mm,0.18 px,0.00 mm,testPoint,TargetP3D,blackCenter2,PointGreen,PointRed,PointGreen,testPoint,30,1,1,0,1,-13.69535542,90.66418457,-182.1198578,35.44597248,48.50962628,68.81453891,50.92337922,0,6,10,D:\CodingHHW\Biplane\experiment\transform_snapshots\20260321_082535_684700,LinearTransform,D:\CodingHHW\Biplane\experiment\transform_snapshots\20260321_082535_684700\20260321_082535_684700_1_LinearTransform.h5,1,LinearTransform_1,D:\CodingHHW\Biplane\experiment\transform_snapshots\20260321_082535_684700\20260321_082535_684700_2_LinearTransform_1.h5,1,LinearTransform_2,D:\CodingHHW\Biplane\experiment\transform_snapshots\20260321_082535_684700\20260321_082535_684700_3_LinearTransform_2.h5,1,3,1,0.839429572,0.839429572,4.18E-13,0,0,0.798396378,0.798396378,1.28E-13,0,1,0.759285892,0.759285892,4.10E-13,1,1,NA,NA,NA,NA,NA,NA,NA,NA,NA,NA,NA,NA,NA,NA,NA,NA,NA,NA,0.072017855,1,1,0,0,30,0.062072591,0,0,0,0,30,0.076124558,0,1,0,0,30,550.905,485.108,417.058,9.93,563.22,29.393,28.438,3.245,1.812,1.969,0.505,0.62
2026-03-21T08:26:20+08:00,20260321_082620_688483,D:\CodingHHW\Biplane\experiment\experiment_results.csv,CTChest,orthographic,Current mode: Orthographic,1,0,1,1,1,1,46.99,43.1,67.87,0.1,0.03,0,0.10 mm,0.03 px,0.00 mm,testPoint,TargetP3D,blackCenter2,PointGreen,PointRed,PointGreen,testPoint,30,1,1,0,1,-13.69535542,90.66418457,-182.1198578,35.44597248,48.50962628,68.81453891,50.92337922,0,6,10,D:\CodingHHW\Biplane\experiment\transform_snapshots\20260321_082620_688483,LinearTransform,D:\CodingHHW\Biplane\experiment\transform_snapshots\20260321_082620_688483\20260321_082620_688483_1_LinearTransform.h5,1,LinearTransform_1,D:\CodingHHW\Biplane\experiment\transform_snapshots\20260321_082620_688483\20260321_082620_688483_2_LinearTransform_1.h5,1,LinearTransform_2,D:\CodingHHW\Biplane\experiment\transform_snapshots\20260321_082620_688483\20260321_082620_688483_3_LinearTransform_2.h5,1,3,1,0.842199132,0.842199132,1.21E-14,0,0,0.951472218,0.951472218,3.44E-13,1,1,0.86304208,0.86304208,4.62E-13,1,1,NA,NA,NA,NA,NA,NA,NA,NA,NA,NA,NA,NA,NA,NA,NA,NA,NA,NA,0.066892641,1,1,0,0,30,0.055743173,0,1,0,0,30,0.075992498,0,1,0,0,30,483.814,486.019,480.023,9.843,566.101,30.413,28.438,3.346,1.363,1.591,0.502,0.537
2026-03-21T08:27:11+08:00,20260321_082711_460227,D:\CodingHHW\Biplane\experiment\experiment_results.csv,CTChest,orthographic,Current mode: Orthographic,1,0,1,1,1,1,46.99,43.1,67.87,0.11,0.19,0,0.11 mm,0.19 px,0.00 mm,testPoint,TargetP3D,blackCenter2,PointGreen,PointRed,PointGreen,testPoint,30,1,1,0,1,-13.69535542,90.66418457,-182.1198578,35.44597248,48.50962628,68.81453891,50.92337922,0,6,10,D:\CodingHHW\Biplane\experiment\transform_snapshots\20260321_082711_460227,LinearTransform,D:\CodingHHW\Biplane\experiment\transform_snapshots\20260321_082711_460227\20260321_082711_460227_1_LinearTransform.h5,1,LinearTransform_1,D:\CodingHHW\Biplane\experiment\transform_snapshots\20260321_082711_460227\20260321_082711_460227_2_LinearTransform_1.h5,1,LinearTransform_2,D:\CodingHHW\Biplane\experiment\transform_snapshots\20260321_082711_460227\20260321_082711_460227_3_LinearTransform_2.h5,1,3,1,0.755547923,0.755547923,2.58E-14,0,0,1.008365886,1.008365886,3.95E-14,1,1,0.873966807,0.873966807,5.76E-14,0,0,NA,NA,NA,NA,NA,NA,NA,NA,NA,NA,NA,NA,NA,NA,NA,NA,NA,NA,0.057100211,0,1,0,0,30,0.046946397,1,0,0,0,30,0.03413473,0,1,0,0,30,490.479,492.907,440.806,9.98,569.857,30.403,28.438,2.729,2.609,1.856,0.523,0.542
2026-03-21T08:27:45+08:00,20260321_082745_520779,D:\CodingHHW\Biplane\experiment\experiment_results.csv,CTChest,orthographic,Current mode: Orthographic,1,0,1,1,1,1,46.99,43.1,67.87,0.07,0.04,0,0.07 mm,0.04 px,0.00 mm,testPoint,TargetP3D,blackCenter2,PointGreen,PointRed,PointGreen,testPoint,30,1,1,0,1,-13.69535542,90.66418457,-182.1198578,35.44597248,48.50962628,68.81453891,50.92337922,0,6,10,D:\CodingHHW\Biplane\experiment\transform_snapshots\20260321_082745_520779,LinearTransform,D:\CodingHHW\Biplane\experiment\transform_snapshots\20260321_082745_520779\20260321_082745_520779_1_LinearTransform.h5,1,LinearTransform_1,D:\CodingHHW\Biplane\experiment\transform_snapshots\20260321_082745_520779\20260321_082745_520779_2_LinearTransform_1.h5,1,LinearTransform_2,D:\CodingHHW\Biplane\experiment\transform_snapshots\20260321_082745_520779\20260321_082745_520779_3_LinearTransform_2.h5,1,3,1,0.82870674,0.82870674,4.77E-15,0,0,1.233574523,1.233574523,9.99E-15,0,0,0.999328608,0.999328608,5.35E-13,0,0,NA,NA,NA,NA,NA,NA,NA,NA,NA,NA,NA,NA,NA,NA,NA,NA,NA,NA,0.056063469,1,1,0,0,30,0.030777174,1,1,0,0,30,0.063285165,1,1,0,0,30,504.79,583.869,460.407,10.049,568.845,30.346,28.438,3.464,2.567,1.692,0.526,0.718
2026-03-21T08:50:52+08:00,20260321_085052_694274,D:\CodingHHW\Biplane\experiment\experiment_results.csv,CTChest,perspective,Current mode: Perspective,1,1,0,1,1,1,16.17,0.4,15.89,0.16,0.08,0,0.16 mm,0.08 px,0.00 mm,testPoint,TargetP3D,blackCenter2,PointGreen,PointRed,PointGreen,testPoint,30,0,1,0,1,-13.69535542,90.66418457,-182.1198578,35.44597248,46.17896858,64.21130325,48.61208144,0,6,10,D:\CodingHHW\Biplane\experiment\transform_snapshots\20260321_085052_694274,LinearTransform,D:\CodingHHW\Biplane\experiment\transform_snapshots\20260321_085052_694274\20260321_085052_694274_1_LinearTransform.h5,1,LinearTransform_1,D:\CodingHHW\Biplane\experiment\transform_snapshots\20260321_085052_694274\20260321_085052_694274_2_LinearTransform_1.h5,1,LinearTransform_2,D:\CodingHHW\Biplane\experiment\transform_snapshots\20260321_085052_694274\20260321_085052_694274_3_LinearTransform_2.h5,1,3,1,0.040185403,0.040185403,1.19E-15,0,0,0.045499868,0.045499868,1.92E-14,0,0,0.078702968,0.078702968,1.51E-14,0,0,0.039848255,0,1,0,0,30,0.044981984,0,0,0,0,30,0.071261087,1,0,0,0,30,NA,NA,NA,NA,NA,NA,NA,NA,NA,NA,NA,NA,NA,NA,NA,NA,NA,NA,456.371,414.282,429.577,10.013,581.731,57.992,29.625,NA,2.2,1.648,0.507,0.571
2026-03-21T08:52:34+08:00,20260321_085234_430076,D:\CodingHHW\Biplane\experiment\experiment_results.csv,CTChest,perspective,Current mode: Perspective,1,1,0,1,1,1,16.17,0.4,15.89,0.05,0.11,0,0.05 mm,0.11 px,0.00 mm,testPoint,TargetP3D,blackCenter2,PointGreen,PointRed,PointGreen,testPoint,30,0,1,0,1,-13.69535542,90.66418457,-182.1198578,35.44597248,46.17896858,64.21130325,48.61208144,0,6,10,D:\CodingHHW\Biplane\experiment\transform_snapshots\20260321_085234_430076,LinearTransform,D:\CodingHHW\Biplane\experiment\transform_snapshots\20260321_085234_430076\20260321_085234_430076_1_LinearTransform.h5,1,LinearTransform_1,D:\CodingHHW\Biplane\experiment\transform_snapshots\20260321_085234_430076\20260321_085234_430076_2_LinearTransform_1.h5,1,LinearTransform_2,D:\CodingHHW\Biplane\experiment\transform_snapshots\20260321_085234_430076\20260321_085234_430076_3_LinearTransform_2.h5,1,3,1,0.032955711,0.032955711,2.27E-14,0,0,0.069591983,0.069591983,1.15E-14,1,1,0.085595085,0.085595085,3.00E-14,1,1,0.032600678,0,1,0,0,30,0.069457083,0,1,0,0,30,0.083708498,1,0,0,0,30,NA,NA,NA,NA,NA,NA,NA,NA,NA,NA,NA,NA,NA,NA,NA,NA,NA,NA,390.228,350.36,397.615,9.83,578.337,59.323,31.191,NA,1.905,1.896,0.727,0.749
2026-03-21T08:53:29+08:00,20260321_085329_983434,D:\CodingHHW\Biplane\experiment\experiment_results.csv,CTChest,perspective,Current mode: Perspective,1,1,0,1,1,1,16.17,0.4,15.89,0.15,0.07,0,0.15 mm,0.07 px,0.00 mm,testPoint,TargetP3D,blackCenter2,PointGreen,PointRed,PointGreen,testPoint,30,0,1,0,1,-13.69535542,90.66418457,-182.1198578,35.44597248,46.17896858,64.21130325,48.61208144,0,6,10,D:\CodingHHW\Biplane\experiment\transform_snapshots\20260321_085329_983434,LinearTransform,D:\CodingHHW\Biplane\experiment\transform_snapshots\20260321_085329_983434\20260321_085329_983434_1_LinearTransform.h5,1,LinearTransform_1,D:\CodingHHW\Biplane\experiment\transform_snapshots\20260321_085329_983434\20260321_085329_983434_2_LinearTransform_1.h5,1,LinearTransform_2,D:\CodingHHW\Biplane\experiment\transform_snapshots\20260321_085329_983434\20260321_085329_983434_3_LinearTransform_2.h5,1,3,1,0.069366295,0.069366295,8.88E-15,0,0,0.057953956,0.057953956,4.97E-15,1,1,0.039602398,0.039602398,1.78E-13,1,1,0.067627641,0,0,0,0,30,0.057708082,1,0,0,0,30,0.039013875,0,0,0,0,30,NA,NA,NA,NA,NA,NA,NA,NA,NA,NA,NA,NA,NA,NA,NA,NA,NA,NA,459.636,487.918,443.615,9.941,582.46,58.138,30.635,NA,1.817,1.775,0.613,0.541
2026-03-21T08:54:08+08:00,20260321_085408_580195,D:\CodingHHW\Biplane\experiment\experiment_results.csv,CTChest,perspective,Current mode: Perspective,1,1,0,1,1,1,16.17,0.4,15.89,0.08,0.1,0,0.08 mm,0.10 px,0.00 mm,testPoint,TargetP3D,blackCenter2,PointGreen,PointRed,PointGreen,testPoint,30,0,1,0,1,-13.69535542,90.66418457,-182.1198578,35.44597248,46.17896858,64.21130325,48.61208144,0,6,10,D:\CodingHHW\Biplane\experiment\transform_snapshots\20260321_085408_580195,LinearTransform,D:\CodingHHW\Biplane\experiment\transform_snapshots\20260321_085408_580195\20260321_085408_580195_1_LinearTransform.h5,1,LinearTransform_1,D:\CodingHHW\Biplane\experiment\transform_snapshots\20260321_085408_580195\20260321_085408_580195_2_LinearTransform_1.h5,1,LinearTransform_2,D:\CodingHHW\Biplane\experiment\transform_snapshots\20260321_085408_580195\20260321_085408_580195_3_LinearTransform_2.h5,1,3,1,0.090871664,0.090871664,1.95E-14,0,0,0.061854475,0.061854475,2.04E-13,0,0,0.051336401,0.051336401,2.41E-14,1,1,0.090609279,0,1,0,0,30,0.061234277,0,1,0,0,30,0.050307686,0,0,0,0,30,NA,NA,NA,NA,NA,NA,NA,NA,NA,NA,NA,NA,NA,NA,NA,NA,NA,NA,443.426,429.837,412.785,9.846,576.637,56.51,29.612,NA,1.811,1.6,0.525,0.486
2026-03-21T08:54:47+08:00,20260321_085447_708168,D:\CodingHHW\Biplane\experiment\experiment_results.csv,CTChest,perspective,Current mode: Perspective,1,1,0,1,1,1,16.17,0.4,15.89,0.06,0.1,0,0.06 mm,0.10 px,0.00 mm,testPoint,TargetP3D,blackCenter2,PointGreen,PointRed,PointGreen,testPoint,30,0,1,0,1,-13.69535542,90.66418457,-182.1198578,35.44597248,46.17896858,64.21130325,48.61208144,0,6,10,D:\CodingHHW\Biplane\experiment\transform_snapshots\20260321_085447_708168,LinearTransform,D:\CodingHHW\Biplane\experiment\transform_snapshots\20260321_085447_708168\20260321_085447_708168_1_LinearTransform.h5,1,LinearTransform_1,D:\CodingHHW\Biplane\experiment\transform_snapshots\20260321_085447_708168\20260321_085447_708168_2_LinearTransform_1.h5,1,LinearTransform_2,D:\CodingHHW\Biplane\experiment\transform_snapshots\20260321_085447_708168\20260321_085447_708168_3_LinearTransform_2.h5,1,3,1,0.07527206,0.07527206,7.67E-14,1,1,0.057572064,0.057572064,4.12E-14,1,1,0.055737627,0.055737627,4.65E-14,0,0,0.067177881,0,0,0,0,30,0.056159683,1,1,0,0,30,0.052608181,0,1,0,0,30,NA,NA,NA,NA,NA,NA,NA,NA,NA,NA,NA,NA,NA,NA,NA,NA,NA,NA,484.443,457.421,563.033,10.41,583.227,59.219,31.46,NA,1.741,1.795,0.529,0.452
2026-03-21T08:57:45+08:00,20260321_085745_432781,D:\CodingHHW\Biplane\experiment\experiment_results.csv,CTChest,orthographic,Current mode: Orthographic,1,0,1,1,1,1,16.17,0.4,15.89,0.19,0.17,0,0.19 mm,0.17 px,0.00 mm,testPoint,TargetP3D,blackCenter2,PointGreen,PointRed,PointGreen,testPoint,30,1,1,0,1,-13.69535542,90.66418457,-182.1198578,35.44597248,46.17896858,64.21130325,48.61208144,0,6,10,D:\CodingHHW\Biplane\experiment\transform_snapshots\20260321_085745_432781,LinearTransform,D:\CodingHHW\Biplane\experiment\transform_snapshots\20260321_085745_432781\20260321_085745_432781_1_LinearTransform.h5,1,LinearTransform_1,D:\CodingHHW\Biplane\experiment\transform_snapshots\20260321_085745_432781\20260321_085745_432781_2_LinearTransform_1.h5,1,LinearTransform_2,D:\CodingHHW\Biplane\experiment\transform_snapshots\20260321_085745_432781\20260321_085745_432781_3_LinearTransform_2.h5,1,3,1,0.849645919,0.849645919,1.62E-14,1,1,0.806331662,0.806331662,8.33E-15,0,0,0.826956205,0.826956205,1.44E-14,0,0,NA,NA,NA,NA,NA,NA,NA,NA,NA,NA,NA,NA,NA,NA,NA,NA,NA,NA,0.071481829,1,0,0,0,30,0.054379032,0,0,0,0,30,0.047233962,0,0,0,0,30,500.205,545.747,489.98,10.345,553.661,29.822,31.46,3.393,1.923,1.937,0.536,0.587
2026-03-21T08:58:27+08:00,20260321_085827_469181,D:\CodingHHW\Biplane\experiment\experiment_results.csv,CTChest,orthographic,Current mode: Orthographic,1,0,1,1,1,1,16.17,0.4,15.89,0.24,0.12,0,0.24 mm,0.12 px,0.00 mm,testPoint,TargetP3D,blackCenter2,PointGreen,PointRed,PointGreen,testPoint,30,1,1,0,1,-13.69535542,90.66418457,-182.1198578,35.44597248,46.17896858,64.21130325,48.61208144,0,6,10,D:\CodingHHW\Biplane\experiment\transform_snapshots\20260321_085827_469181,LinearTransform,D:\CodingHHW\Biplane\experiment\transform_snapshots\20260321_085827_469181\20260321_085827_469181_1_LinearTransform.h5,1,LinearTransform_1,D:\CodingHHW\Biplane\experiment\transform_snapshots\20260321_085827_469181\20260321_085827_469181_2_LinearTransform_1.h5,1,LinearTransform_2,D:\CodingHHW\Biplane\experiment\transform_snapshots\20260321_085827_469181\20260321_085827_469181_3_LinearTransform_2.h5,1,3,1,0.624003025,0.624003025,8.22E-15,1,1,0.627086701,0.627086701,5.22E-15,0,0,0.647156816,0.647156816,2.24E-14,0,0,NA,NA,NA,NA,NA,NA,NA,NA,NA,NA,NA,NA,NA,NA,NA,NA,NA,NA,0.057415819,1,1,0,0,30,0.043042959,0,0,0,0,30,0.089212955,0,1,0,0,30,432.623,485.022,441.492,9.745,548.298,29.47,31.46,3.21,1.867,1.707,0.586,0.568
2026-03-21T08:59:03+08:00,20260321_085903_842252,D:\CodingHHW\Biplane\experiment\experiment_results.csv,CTChest,orthographic,Current mode: Orthographic,1,0,1,1,1,1,16.17,0.4,15.89,0.06,0.16,0,0.06 mm,0.16 px,0.00 mm,testPoint,TargetP3D,blackCenter2,PointGreen,PointRed,PointGreen,testPoint,30,1,1,0,1,-13.69535542,90.66418457,-182.1198578,35.44597248,46.17896858,64.21130325,48.61208144,0,6,10,D:\CodingHHW\Biplane\experiment\transform_snapshots\20260321_085903_842252,LinearTransform,D:\CodingHHW\Biplane\experiment\transform_snapshots\20260321_085903_842252\20260321_085903_842252_1_LinearTransform.h5,1,LinearTransform_1,D:\CodingHHW\Biplane\experiment\transform_snapshots\20260321_085903_842252\20260321_085903_842252_2_LinearTransform_1.h5,1,LinearTransform_2,D:\CodingHHW\Biplane\experiment\transform_snapshots\20260321_085903_842252\20260321_085903_842252_3_LinearTransform_2.h5,1,3,1,0.601860709,0.601860709,5.88E-15,1,1,0.68757561,0.68757561,4.77E-15,0,0,0.637190149,0.637190149,1.78E-15,1,1,NA,NA,NA,NA,NA,NA,NA,NA,NA,NA,NA,NA,NA,NA,NA,NA,NA,NA,0.058223953,0,0,0,0,30,0.056771932,1,0,0,0,30,0.050027855,1,1,0,0,30,487.742,479.472,491.823,9.903,549.615,29.346,31.46,3.089,2.148,1.491,0.517,0.748
2026-03-21T08:59:43+08:00,20260321_085943_802657,D:\CodingHHW\Biplane\experiment\experiment_results.csv,CTChest,orthographic,Current mode: Orthographic,1,0,1,1,1,1,16.17,0.4,15.89,0.15,0.02,0,0.15 mm,0.02 px,0.00 mm,testPoint,TargetP3D,blackCenter2,PointGreen,PointRed,PointGreen,testPoint,30,1,1,0,1,-13.69535542,90.66418457,-182.1198578,35.44597248,46.17896858,64.21130325,48.61208144,0,6,10,D:\CodingHHW\Biplane\experiment\transform_snapshots\20260321_085943_802657,LinearTransform,D:\CodingHHW\Biplane\experiment\transform_snapshots\20260321_085943_802657\20260321_085943_802657_1_LinearTransform.h5,1,LinearTransform_1,D:\CodingHHW\Biplane\experiment\transform_snapshots\20260321_085943_802657\20260321_085943_802657_2_LinearTransform_1.h5,1,LinearTransform_2,D:\CodingHHW\Biplane\experiment\transform_snapshots\20260321_085943_802657\20260321_085943_802657_3_LinearTransform_2.h5,1,3,1,0.857933746,0.857933746,1.99E-14,1,0,0.92768165,0.92768165,1.22E-15,0,0,0.706031472,0.706031472,7.11E-15,1,1,NA,NA,NA,NA,NA,NA,NA,NA,NA,NA,NA,NA,NA,NA,NA,NA,NA,NA,0.078226113,0,0,0,0,30,0.063058109,0,1,0,0,30,0.077513631,1,0,0,0,30,479.359,532.464,459.618,9.943,556.711,30.285,31.46,3.404,1.724,1.547,0.555,0.531
2026-03-21T09:00:25+08:00,20260321_090025_167661,D:\CodingHHW\Biplane\experiment\experiment_results.csv,CTChest,orthographic,Current mode: Orthographic,1,0,1,1,1,1,16.17,0.4,15.89,0.09,0.07,0,0.09 mm,0.07 px,0.00 mm,testPoint,TargetP3D,blackCenter2,PointGreen,PointRed,PointGreen,testPoint,30,1,1,0,1,-13.69535542,90.66418457,-182.1198578,35.44597248,46.17896858,64.21130325,48.61208144,0,6,10,D:\CodingHHW\Biplane\experiment\transform_snapshots\20260321_090025_167661,LinearTransform,D:\CodingHHW\Biplane\experiment\transform_snapshots\20260321_090025_167661\20260321_090025_167661_1_LinearTransform.h5,1,LinearTransform_1,D:\CodingHHW\Biplane\experiment\transform_snapshots\20260321_090025_167661\20260321_090025_167661_2_LinearTransform_1.h5,1,LinearTransform_2,D:\CodingHHW\Biplane\experiment\transform_snapshots\20260321_090025_167661\20260321_090025_167661_3_LinearTransform_2.h5,1,3,1,0.799710428,0.799710428,1.68E-14,1,1,0.852187267,0.852187267,1.22E-14,0,0,0.746547382,0.746547382,1.53E-14,0,0,NA,NA,NA,NA,NA,NA,NA,NA,NA,NA,NA,NA,NA,NA,NA,NA,NA,NA,0.053592359,0,0,0,0,30,0.066699891,1,0,0,0,30,0.048794886,0,1,0,0,30,472.367,577.114,487.666,9.852,555.992,30.433,31.46,3.283,1.605,1.569,0.627,0.768
2026-03-21T09:04:14+08:00,20260321_090414_479279,D:\CodingHHW\Biplane\experiment\experiment_results.csv,CTChest,orthographic,Current mode: Orthographic,1,0,1,1,1,1,79.61,73.6,85.47,0.04,0.07,0,0.04 mm,0.07 px,0.00 mm,testPoint,TargetP3D,blackCenter2,PointGreen,PointRed,PointGreen,testPoint,30,1,1,0,1,-13.69535542,90.66418457,-182.1198578,35.44597248,54.08210386,74.43547385,54.65451673,0,6,10,D:\CodingHHW\Biplane\experiment\transform_snapshots\20260321_090414_479279,LinearTransform,D:\CodingHHW\Biplane\experiment\transform_snapshots\20260321_090414_479279\20260321_090414_479279_1_LinearTransform.h5,1,LinearTransform_1,D:\CodingHHW\Biplane\experiment\transform_snapshots\20260321_090414_479279\20260321_090414_479279_2_LinearTransform_1.h5,1,LinearTransform_2,D:\CodingHHW\Biplane\experiment\transform_snapshots\20260321_090414_479279\20260321_090414_479279_3_LinearTransform_2.h5,1,3,1,0.82106114,0.82106114,3.00E-15,0,0,1.067425931,1.067425931,2.33E-14,0,0,0.930026481,0.930026481,1.68E-12,0,0,NA,NA,NA,NA,NA,NA,NA,NA,NA,NA,NA,NA,NA,NA,NA,NA,NA,NA,0.05164547,1,1,0,0,30,0.050283872,0,0,0,0,30,0.062244496,0,0,0,0,30,558.126,537.228,388.451,10.828,564.65,28.758,31.46,2.705,1.752,1.668,0.542,0.479
2026-03-21T09:07:02+08:00,20260321_090702_897514,D:\CodingHHW\Biplane\experiment\experiment_results.csv,CTChest,orthographic,Current mode: Orthographic,1,0,1,1,1,1,79.61,73.6,85.47,0.03,0.06,0,0.03 mm,0.06 px,0.00 mm,testPoint,TargetP3D,blackCenter2,PointGreen,PointRed,PointGreen,testPoint,30,1,1,0,1,-13.69535542,90.66418457,-182.1198578,35.44597248,54.08210386,74.43547385,54.65451673,0,6,10,D:\CodingHHW\Biplane\experiment\transform_snapshots\20260321_090702_897514,LinearTransform,D:\CodingHHW\Biplane\experiment\transform_snapshots\20260321_090702_897514\20260321_090702_897514_1_LinearTransform.h5,1,LinearTransform_1,D:\CodingHHW\Biplane\experiment\transform_snapshots\20260321_090702_897514\20260321_090702_897514_2_LinearTransform_1.h5,1,LinearTransform_2,D:\CodingHHW\Biplane\experiment\transform_snapshots\20260321_090702_897514\20260321_090702_897514_3_LinearTransform_2.h5,1,3,1,0.658486844,0.658486844,8.33E-15,1,1,1.170843279,1.170843279,1.01E-12,0,1,0.809224236,0.809224236,1.20E-13,1,1,NA,NA,NA,NA,NA,NA,NA,NA,NA,NA,NA,NA,NA,NA,NA,NA,NA,NA,0.078617664,0,1,0,0,30,0.060097116,1,1,0,0,30,0.051512497,1,1,0,0,30,502.456,448.664,363.852,10.143,567.704,28.842,31.46,3.002,1.758,1.594,0.636,0.677
2026-03-21T09:07:46+08:00,20260321_090746_877910,D:\CodingHHW\Biplane\experiment\experiment_results.csv,CTChest,orthographic,Current mode: Orthographic,1,0,1,1,1,1,79.61,73.6,85.47,0.08,0.02,0,0.08 mm,0.02 px,0.00 mm,testPoint,TargetP3D,blackCenter2,PointGreen,PointRed,PointGreen,testPoint,30,1,1,0,1,-13.69535542,90.66418457,-182.1198578,35.44597248,54.08210386,74.43547385,54.65451673,0,6,10,D:\CodingHHW\Biplane\experiment\transform_snapshots\20260321_090746_877910,LinearTransform,D:\CodingHHW\Biplane\experiment\transform_snapshots\20260321_090746_877910\20260321_090746_877910_1_LinearTransform.h5,1,LinearTransform_1,D:\CodingHHW\Biplane\experiment\transform_snapshots\20260321_090746_877910\20260321_090746_877910_2_LinearTransform_1.h5,1,LinearTransform_2,D:\CodingHHW\Biplane\experiment\transform_snapshots\20260321_090746_877910\20260321_090746_877910_3_LinearTransform_2.h5,1,3,1,0.638664305,0.638664305,3.22E-15,0,0,1.098057093,1.098057093,1.49E-12,0,0,0.829273884,0.829273884,2.84E-13,0,0,NA,NA,NA,NA,NA,NA,NA,NA,NA,NA,NA,NA,NA,NA,NA,NA,NA,NA,0.069408016,0,0,0,0,30,0.081919206,0,1,0,0,30,0.061073013,0,0,0,0,30,463.296,450.298,353.589,9.916,565.186,30.748,31.46,3.655,1.755,1.84,0.633,0.52
2026-03-21T09:08:23+08:00,20260321_090823_561063,D:\CodingHHW\Biplane\experiment\experiment_results.csv,CTChest,orthographic,Current mode: Orthographic,1,0,1,1,1,1,79.61,73.6,85.47,0.09,0.08,0,0.09 mm,0.08 px,0.00 mm,testPoint,TargetP3D,blackCenter2,PointGreen,PointRed,PointGreen,testPoint,30,1,1,0,1,-13.69535542,90.66418457,-182.1198578,35.44597248,54.08210386,74.43547385,54.65451673,0,6,10,D:\CodingHHW\Biplane\experiment\transform_snapshots\20260321_090823_561063,LinearTransform,D:\CodingHHW\Biplane\experiment\transform_snapshots\20260321_090823_561063\20260321_090823_561063_1_LinearTransform.h5,1,LinearTransform_1,D:\CodingHHW\Biplane\experiment\transform_snapshots\20260321_090823_561063\20260321_090823_561063_2_LinearTransform_1.h5,1,LinearTransform_2,D:\CodingHHW\Biplane\experiment\transform_snapshots\20260321_090823_561063\20260321_090823_561063_3_LinearTransform_2.h5,1,3,1,0.660836337,0.660836337,1.32E-13,0,0,0.915350648,0.915350648,4.30E-14,0,0,0.854074741,0.854074741,2.82E-12,1,1,NA,NA,NA,NA,NA,NA,NA,NA,NA,NA,NA,NA,NA,NA,NA,NA,NA,NA,0.062877297,1,0,0,0,30,0.091355335,0,0,0,0,30,0.053756622,1,0,0,0,30,473.682,490.652,361.035,9.707,566.987,29.246,31.46,3.452,1.675,1.568,0.518,0.51
2026-03-21T09:08:59+08:00,20260321_090859_846108,D:\CodingHHW\Biplane\experiment\experiment_results.csv,CTChest,orthographic,Current mode: Orthographic,1,0,1,1,1,1,79.61,73.6,85.47,0.05,0.09,0,0.05 mm,0.09 px,0.00 mm,testPoint,TargetP3D,blackCenter2,PointGreen,PointRed,PointGreen,testPoint,30,1,1,0,1,-13.69535542,90.66418457,-182.1198578,35.44597248,54.08210386,74.43547385,54.65451673,0,6,10,D:\CodingHHW\Biplane\experiment\transform_snapshots\20260321_090859_846108,LinearTransform,D:\CodingHHW\Biplane\experiment\transform_snapshots\20260321_090859_846108\20260321_090859_846108_1_LinearTransform.h5,1,LinearTransform_1,D:\CodingHHW\Biplane\experiment\transform_snapshots\20260321_090859_846108\20260321_090859_846108_2_LinearTransform_1.h5,1,LinearTransform_2,D:\CodingHHW\Biplane\experiment\transform_snapshots\20260321_090859_846108\20260321_090859_846108_3_LinearTransform_2.h5,1,3,1,0.866288002,0.866288002,1.49E-14,1,1,0.889612936,0.889612936,4.98E-14,0,0,0.945351616,0.945351616,1.99E-12,0,1,NA,NA,NA,NA,NA,NA,NA,NA,NA,NA,NA,NA,NA,NA,NA,NA,NA,NA,0.075996899,1,1,0,0,30,0.036602413,0,1,0,0,30,0.03531922,1,0,0,0,30,552.244,439.178,379.963,10.585,564.137,29.488,31.46,3.178,1.709,2.09,0.618,0.645
2026-03-21T09:09:33+08:00,20260321_090933_984299,D:\CodingHHW\Biplane\experiment\experiment_results.csv,CTChest,orthographic,Current mode: Orthographic,1,0,1,1,1,1,79.61,73.6,85.47,0.07,0.02,0,0.07 mm,0.02 px,0.00 mm,testPoint,TargetP3D,blackCenter2,PointGreen,PointRed,PointGreen,testPoint,30,1,1,0,1,-13.69535542,90.66418457,-182.1198578,35.44597248,54.08210386,74.43547385,54.65451673,0,6,10,D:\CodingHHW\Biplane\experiment\transform_snapshots\20260321_090933_984299,LinearTransform,D:\CodingHHW\Biplane\experiment\transform_snapshots\20260321_090933_984299\20260321_090933_984299_1_LinearTransform.h5,1,LinearTransform_1,D:\CodingHHW\Biplane\experiment\transform_snapshots\20260321_090933_984299\20260321_090933_984299_2_LinearTransform_1.h5,1,LinearTransform_2,D:\CodingHHW\Biplane\experiment\transform_snapshots\20260321_090933_984299\20260321_090933_984299_3_LinearTransform_2.h5,1,3,1,0.414483453,0.414483453,3.24E-14,0,0,0.672435541,0.672435541,1.01E-12,0,0,0.668192545,0.668192545,1.68E-13,0,0,NA,NA,NA,NA,NA,NA,NA,NA,NA,NA,NA,NA,NA,NA,NA,NA,NA,NA,0.061202321,0,0,0,0,30,0.071289897,1,1,0,0,30,0.060174732,0,0,0,0,30,383.563,405.407,349.365,9.722,566.656,28.962,31.46,3.32,1.799,1.646,0.516,0.557
2026-03-21T09:13:24+08:00,20260321_091324_546706,D:\CodingHHW\Biplane\experiment\experiment_results.csv,CTChest,perspective,Current mode: Perspective,1,1,0,1,1,1,79.61,73.6,85.47,0.06,0.13,0,0.06 mm,0.13 px,0.00 mm,testPoint,TargetP3D,blackCenter2,PointGreen,PointRed,PointGreen,testPoint,30,0,1,0,1,-13.69535542,90.66418457,-182.1198578,35.44597248,54.08210386,74.43547385,54.65451673,0,6,10,D:\CodingHHW\Biplane\experiment\transform_snapshots\20260321_091324_546706,LinearTransform,D:\CodingHHW\Biplane\experiment\transform_snapshots\20260321_091324_546706\20260321_091324_546706_1_LinearTransform.h5,1,LinearTransform_1,D:\CodingHHW\Biplane\experiment\transform_snapshots\20260321_091324_546706\20260321_091324_546706_2_LinearTransform_1.h5,1,LinearTransform_2,D:\CodingHHW\Biplane\experiment\transform_snapshots\20260321_091324_546706\20260321_091324_546706_3_LinearTransform_2.h5,1,3,1,0.073595039,0.073595039,2.12E-13,1,1,0.050137438,0.050137438,1.04E-14,0,0,0.097643182,0.097643182,1.64E-14,0,0,0.071973897,0,1,0,0,30,0.047856686,1,1,0,0,30,0.096028036,0,0,0,0,30,NA,NA,NA,NA,NA,NA,NA,NA,NA,NA,NA,NA,NA,NA,NA,NA,NA,NA,462.099,499.373,381.732,9.708,590.373,55.836,29.328,3.32,2.187,1.754,0.519,0.516
2026-03-21T09:14:03+08:00,20260321_091403_330383,D:\CodingHHW\Biplane\experiment\experiment_results.csv,CTChest,perspective,Current mode: Perspective,1,1,0,1,1,1,79.61,73.6,85.47,0.07,0.05,0,0.07 mm,0.05 px,0.00 mm,testPoint,TargetP3D,blackCenter2,PointGreen,PointRed,PointGreen,testPoint,30,0,1,0,1,-13.69535542,90.66418457,-182.1198578,35.44597248,54.08210386,74.43547385,54.65451673,0,6,10,D:\CodingHHW\Biplane\experiment\transform_snapshots\20260321_091403_330383,LinearTransform,D:\CodingHHW\Biplane\experiment\transform_snapshots\20260321_091403_330383\20260321_091403_330383_1_LinearTransform.h5,1,LinearTransform_1,D:\CodingHHW\Biplane\experiment\transform_snapshots\20260321_091403_330383\20260321_091403_330383_2_LinearTransform_1.h5,1,LinearTransform_2,D:\CodingHHW\Biplane\experiment\transform_snapshots\20260321_091403_330383\20260321_091403_330383_3_LinearTransform_2.h5,1,3,1,0.036259352,0.036259352,3.89E-14,1,1,0.038922683,0.038922683,1.87E-13,0,0,0.076575753,0.076575753,3.44E-14,1,1,0.033661648,0,1,0,0,30,0.0388364,0,1,0,0,30,0.073580772,1,0,0,0,30,NA,NA,NA,NA,NA,NA,NA,NA,NA,NA,NA,NA,NA,NA,NA,NA,NA,NA,481.773,567.319,437.923,10.622,592.19,56.11,29.317,3.32,2.053,1.769,0.512,0.513
2026-03-21T09:14:51+08:00,20260321_091451_181229,D:\CodingHHW\Biplane\experiment\experiment_results.csv,CTChest,perspective,Current mode: Perspective,1,1,0,1,1,1,79.61,73.6,85.47,0.05,0.16,0,0.05 mm,0.16 px,0.00 mm,testPoint,TargetP3D,blackCenter2,PointGreen,PointRed,PointGreen,testPoint,30,0,1,0,1,-13.69535542,90.66418457,-182.1198578,35.44597248,54.08210386,74.43547385,54.65451673,0,6,10,D:\CodingHHW\Biplane\experiment\transform_snapshots\20260321_091451_181229,LinearTransform,D:\CodingHHW\Biplane\experiment\transform_snapshots\20260321_091451_181229\20260321_091451_181229_1_LinearTransform.h5,1,LinearTransform_1,D:\CodingHHW\Biplane\experiment\transform_snapshots\20260321_091451_181229\20260321_091451_181229_2_LinearTransform_1.h5,1,LinearTransform_2,D:\CodingHHW\Biplane\experiment\transform_snapshots\20260321_091451_181229\20260321_091451_181229_3_LinearTransform_2.h5,1,3,1,0.05693589,0.05693589,1.04E-14,1,1,0.074819671,0.074819671,2.39E-14,0,0,0.070570266,0.070570266,2.08E-12,0,0,0.05569183,0,1,0,0,30,0.071972768,1,0,0,0,30,0.062087174,0,0,0,0,30,NA,NA,NA,NA,NA,NA,NA,NA,NA,NA,NA,NA,NA,NA,NA,NA,NA,NA,516.852,490.24,379.585,10.211,593.107,56.183,28.933,3.32,2.562,1.966,0.511,0.499
2026-03-21T09:15:33+08:00,20260321_091533_418400,D:\CodingHHW\Biplane\experiment\experiment_results.csv,CTChest,perspective,Current mode: Perspective,1,1,0,1,1,1,79.61,73.6,85.47,0.05,0.11,0,0.05 mm,0.11 px,0.00 mm,testPoint,TargetP3D,blackCenter2,PointGreen,PointRed,PointGreen,testPoint,30,0,1,0,1,-13.69535542,90.66418457,-182.1198578,35.44597248,54.08210386,74.43547385,54.65451673,0,6,10,D:\CodingHHW\Biplane\experiment\transform_snapshots\20260321_091533_418400,LinearTransform,D:\CodingHHW\Biplane\experiment\transform_snapshots\20260321_091533_418400\20260321_091533_418400_1_LinearTransform.h5,1,LinearTransform_1,D:\CodingHHW\Biplane\experiment\transform_snapshots\20260321_091533_418400\20260321_091533_418400_2_LinearTransform_1.h5,1,LinearTransform_2,D:\CodingHHW\Biplane\experiment\transform_snapshots\20260321_091533_418400\20260321_091533_418400_3_LinearTransform_2.h5,1,3,1,0.057058645,0.057058645,3.35E-15,1,1,0.072728877,0.072728877,6.04E-13,0,0,0.084028562,0.084028562,9.54E-14,0,0,0.056358268,1,0,0,0,30,0.069357407,1,0,0,0,30,0.082210526,0,0,0,0,30,NA,NA,NA,NA,NA,NA,NA,NA,NA,NA,NA,NA,NA,NA,NA,NA,NA,NA,460.249,536.701,399.285,10.233,592.487,58.493,31.1,3.32,1.837,1.629,0.544,0.815
2026-03-21T09:16:13+08:00,20260321_091613_548635,D:\CodingHHW\Biplane\experiment\experiment_results.csv,CTChest,perspective,Current mode: Perspective,1,1,0,1,1,1,79.61,73.6,85.47,0.02,0,0,0.02 mm,0.00 px,0.00 mm,testPoint,TargetP3D,blackCenter2,PointGreen,PointRed,PointGreen,testPoint,30,0,1,0,1,-13.69535542,90.66418457,-182.1198578,35.44597248,54.08210386,74.43547385,54.65451673,0,6,10,D:\CodingHHW\Biplane\experiment\transform_snapshots\20260321_091613_548635,LinearTransform,D:\CodingHHW\Biplane\experiment\transform_snapshots\20260321_091613_548635\20260321_091613_548635_1_LinearTransform.h5,1,LinearTransform_1,D:\CodingHHW\Biplane\experiment\transform_snapshots\20260321_091613_548635\20260321_091613_548635_2_LinearTransform_1.h5,1,LinearTransform_2,D:\CodingHHW\Biplane\experiment\transform_snapshots\20260321_091613_548635\20260321_091613_548635_3_LinearTransform_2.h5,1,3,1,0.061357287,0.061357287,4.74E-14,1,1,0.050952514,0.050952514,9.76E-13,1,1,0.047395979,0.047395979,3.02E-13,0,0,0.046901353,0,0,0,0,30,0.049177851,1,0,0,0,30,0.045101877,1,1,0,0,30,NA,NA,NA,NA,NA,NA,NA,NA,NA,NA,NA,NA,NA,NA,NA,NA,NA,NA,532.688,608.206,381.964,10.391,591.789,58.518,30.683,3.32,1.751,1.687,0.519,0.478
2026-03-21T09:23:35+08:00,20260321_092335_682882,D:\CodingHHW\Biplane\experiment\experiment_results.csv,CTChest,perspective,Current mode: Perspective,1,1,0,1,1,1,79.61,73.6,85.47,0.04,0.04,0,0.04 mm,0.04 px,0.00 mm,testPoint,TargetP3D,blackCenter2,PointGreen,PointRed,PointGreen,testPoint,30,0,1,0,1,2.75492382,90.16196442,-138.8507233,69.94339943,75.07946356,99.3725787,81.46514723,0,6,10,D:\CodingHHW\Biplane\experiment\transform_snapshots\20260321_092335_682882,LinearTransform,D:\CodingHHW\Biplane\experiment\transform_snapshots\20260321_092335_682882\20260321_092335_682882_1_LinearTransform.h5,1,LinearTransform_1,D:\CodingHHW\Biplane\experiment\transform_snapshots\20260321_092335_682882\20260321_092335_682882_2_LinearTransform_1.h5,1,LinearTransform_2,D:\CodingHHW\Biplane\experiment\transform_snapshots\20260321_092335_682882\20260321_092335_682882_3_LinearTransform_2.h5,1,3,1,0.052886182,0.052886182,1.72E-15,1,1,0.088713021,0.088713021,2.42E-12,0,0,0.047395695,0.047395695,2.41E-13,0,0,0.052874929,1,0,0,0,30,0.083731308,1,1,0,0,30,0.046497303,1,0,0,0,30,NA,NA,NA,NA,NA,NA,NA,NA,NA,NA,NA,NA,NA,NA,NA,NA,NA,NA,430.294,422.733,365.548,9.788,589.83,57.022,30.059,3.32,1.699,1.88,0.577,0.887
2026-03-21T09:24:25+08:00,20260321_092425_679483,D:\CodingHHW\Biplane\experiment\experiment_results.csv,CTChest,perspective,Current mode: Perspective,1,1,0,1,1,1,79.61,73.6,85.47,0.08,0.01,0,0.08 mm,0.01 px,0.00 mm,testPoint,TargetP3D,blackCenter2,PointGreen,PointRed,PointGreen,testPoint,30,0,1,0,1,2.75492382,90.16196442,-138.8507233,69.94339943,75.07946356,99.3725787,81.46514723,0,6,10,D:\CodingHHW\Biplane\experiment\transform_snapshots\20260321_092425_679483,LinearTransform,D:\CodingHHW\Biplane\experiment\transform_snapshots\20260321_092425_679483\20260321_092425_679483_1_LinearTransform.h5,1,LinearTransform_1,D:\CodingHHW\Biplane\experiment\transform_snapshots\20260321_092425_679483\20260321_092425_679483_2_LinearTransform_1.h5,1,LinearTransform_2,D:\CodingHHW\Biplane\experiment\transform_snapshots\20260321_092425_679483\20260321_092425_679483_3_LinearTransform_2.h5,1,3,1,0.073137641,0.073137641,4.94E-14,0,0,0.07421124,0.07421124,4.74E-13,1,1,0.05128922,0.05128922,5.85E-15,0,0,0.068032265,0,1,0,0,30,0.073877638,0,0,0,0,30,0.051186428,1,0,0,0,30,NA,NA,NA,NA,NA,NA,NA,NA,NA,NA,NA,NA,NA,NA,NA,NA,NA,NA,434.648,432.242,408.261,10.02,599.794,58.659,31.446,3.32,1.732,2.099,0.783,0.471
2026-03-21T09:25:04+08:00,20260321_092504_540485,D:\CodingHHW\Biplane\experiment\experiment_results.csv,CTChest,perspective,Current mode: Perspective,1,1,0,1,1,1,79.61,73.6,85.47,0.06,0.02,0,0.06 mm,0.02 px,0.00 mm,testPoint,TargetP3D,blackCenter2,PointGreen,PointRed,PointGreen,testPoint,30,0,1,0,1,2.75492382,90.16196442,-138.8507233,69.94339943,75.07946356,99.3725787,81.46514723,0,6,10,D:\CodingHHW\Biplane\experiment\transform_snapshots\20260321_092504_540485,LinearTransform,D:\CodingHHW\Biplane\experiment\transform_snapshots\20260321_092504_540485\20260321_092504_540485_1_LinearTransform.h5,1,LinearTransform_1,D:\CodingHHW\Biplane\experiment\transform_snapshots\20260321_092504_540485\20260321_092504_540485_2_LinearTransform_1.h5,1,LinearTransform_2,D:\CodingHHW\Biplane\experiment\transform_snapshots\20260321_092504_540485\20260321_092504_540485_3_LinearTransform_2.h5,1,3,1,0.084144565,0.084144565,1.80E-14,0,0,0.108869818,0.108869818,7.09E-14,0,0,0.081095497,0.081095497,5.54E-14,0,0,0.079364571,0,1,0,0,30,0.094520328,0,0,0,0,30,0.080117744,1,0,0,0,30,NA,NA,NA,NA,NA,NA,NA,NA,NA,NA,NA,NA,NA,NA,NA,NA,NA,NA,427.151,419.745,408.564,9.982,596.555,57.852,30.242,3.32,2.149,1.787,0.56,0.542
2026-03-21T09:25:47+08:00,20260321_092547_343366,D:\CodingHHW\Biplane\experiment\experiment_results.csv,CTChest,perspective,Current mode: Perspective,1,1,0,1,1,1,79.61,73.6,85.47,0.05,0.02,0,0.05 mm,0.02 px,0.00 mm,testPoint,TargetP3D,blackCenter2,PointGreen,PointRed,PointGreen,testPoint,30,0,1,0,1,2.75492382,90.16196442,-138.8507233,69.94339943,75.07946356,99.3725787,81.46514723,0,6,10,D:\CodingHHW\Biplane\experiment\transform_snapshots\20260321_092547_343366,LinearTransform,D:\CodingHHW\Biplane\experiment\transform_snapshots\20260321_092547_343366\20260321_092547_343366_1_LinearTransform.h5,1,LinearTransform_1,D:\CodingHHW\Biplane\experiment\transform_snapshots\20260321_092547_343366\20260321_092547_343366_2_LinearTransform_1.h5,1,LinearTransform_2,D:\CodingHHW\Biplane\experiment\transform_snapshots\20260321_092547_343366\20260321_092547_343366_3_LinearTransform_2.h5,1,3,1,0.10645802,0.10645802,6.09E-13,1,1,0.06159857,0.06159857,4.91E-13,0,0,0.067125395,0.067125395,2.95E-13,1,1,0.104415654,1,0,0,0,30,0.061086864,1,0,0,0,30,0.06573704,1,1,0,0,30,NA,NA,NA,NA,NA,NA,NA,NA,NA,NA,NA,NA,NA,NA,NA,NA,NA,NA,424.975,457.142,424.326,9.534,594.577,58.5,30.523,3.32,1.89,1.992,0.781,0.524
2026-03-21T09:26:25+08:00,20260321_092625_393799,D:\CodingHHW\Biplane\experiment\experiment_results.csv,CTChest,perspective,Current mode: Perspective,1,1,0,1,1,1,79.61,73.6,85.47,0.01,0,0,0.01 mm,0.00 px,0.00 mm,testPoint,TargetP3D,blackCenter2,PointGreen,PointRed,PointGreen,testPoint,30,0,1,0,1,2.75492382,90.16196442,-138.8507233,69.94339943,75.07946356,99.3725787,81.46514723,0,6,10,D:\CodingHHW\Biplane\experiment\transform_snapshots\20260321_092625_393799,LinearTransform,D:\CodingHHW\Biplane\experiment\transform_snapshots\20260321_092625_393799\20260321_092625_393799_1_LinearTransform.h5,1,LinearTransform_1,D:\CodingHHW\Biplane\experiment\transform_snapshots\20260321_092625_393799\20260321_092625_393799_2_LinearTransform_1.h5,1,LinearTransform_2,D:\CodingHHW\Biplane\experiment\transform_snapshots\20260321_092625_393799\20260321_092625_393799_3_LinearTransform_2.h5,1,3,1,0.053753979,0.053753979,4.02E-14,1,1,0.065495436,0.065495436,8.06E-14,1,1,0.07122686,0.07122686,1.02E-12,1,1,0.049459724,0,1,0,0,30,0.053788542,1,1,0,0,30,0.069210451,1,1,0,0,30,NA,NA,NA,NA,NA,NA,NA,NA,NA,NA,NA,NA,NA,NA,NA,NA,NA,NA,499.647,481.987,415.481,10.619,595.157,56.753,29.921,3.32,2.408,1.874,0.522,0.505
2026-03-21T09:27:03+08:00,20260321_092703_326662,D:\CodingHHW\Biplane\experiment\experiment_results.csv,CTChest,perspective,Current mode: Perspective,1,1,0,1,1,1,79.61,73.6,85.47,0.07,0.08,0,0.07 mm,0.08 px,0.00 mm,testPoint,TargetP3D,blackCenter2,PointGreen,PointRed,PointGreen,testPoint,30,0,1,0,1,2.75492382,90.16196442,-138.8507233,69.94339943,75.07946356,99.3725787,81.46514723,0,6,10,D:\CodingHHW\Biplane\experiment\transform_snapshots\20260321_092703_326662,LinearTransform,D:\CodingHHW\Biplane\experiment\transform_snapshots\20260321_092703_326662\20260321_092703_326662_1_LinearTransform.h5,1,LinearTransform_1,D:\CodingHHW\Biplane\experiment\transform_snapshots\20260321_092703_326662\20260321_092703_326662_2_LinearTransform_1.h5,1,LinearTransform_2,D:\CodingHHW\Biplane\experiment\transform_snapshots\20260321_092703_326662\20260321_092703_326662_3_LinearTransform_2.h5,1,3,1,0.042478355,0.042478355,1.71E-14,0,0,0.057144903,0.057144903,2.40E-14,1,1,0.068616506,0.068616506,1.38E-13,1,1,0.040146975,1,1,0,0,30,0.056151423,0,0,0,0,30,0.068047607,1,0,0,0,30,NA,NA,NA,NA,NA,NA,NA,NA,NA,NA,NA,NA,NA,NA,NA,NA,NA,NA,536.278,456.209,459.356,10.114,592.166,58.972,31.957,3.32,2.1,1.646,0.517,0.549
2026-03-21T09:32:26+08:00,20260321_093226_868765,D:\CodingHHW\Biplane\experiment\experiment_results.csv,CTChest,orthographic,Current mode: Orthographic,1,0,1,1,1,1,79.61,73.6,85.47,0.07,0.12,0,0.07 mm,0.12 px,0.00 mm,testPoint,TargetP3D,blackCenter2,PointGreen,PointRed,PointGreen,testPoint,30,1,1,0,1,2.75492382,90.16196442,-138.8507233,69.94339943,75.07946356,99.3725787,81.46514723,0,6,10,D:\CodingHHW\Biplane\experiment\transform_snapshots\20260321_093226_868765,LinearTransform,D:\CodingHHW\Biplane\experiment\transform_snapshots\20260321_093226_868765\20260321_093226_868765_1_LinearTransform.h5,1,LinearTransform_1,D:\CodingHHW\Biplane\experiment\transform_snapshots\20260321_093226_868765\20260321_093226_868765_2_LinearTransform_1.h5,1,LinearTransform_2,D:\CodingHHW\Biplane\experiment\transform_snapshots\20260321_093226_868765\20260321_093226_868765_3_LinearTransform_2.h5,1,3,1,0.67004444,0.67004444,3.11E-15,0,0,1.179427268,1.179427268,8.66E-15,1,1,1.150464467,1.150464467,4.13E-13,1,1,NA,NA,NA,NA,NA,NA,NA,NA,NA,NA,NA,NA,NA,NA,NA,NA,NA,NA,0.098686554,0,0,0,0,30,0.048601874,1,0,0,0,30,0.052899568,0,0,0,0,30,470.478,437.968,371.299,10.076,567.036,29.161,31.957,3.001,1.791,1.689,0.607,0.583
2026-03-21T09:33:11+08:00,20260321_093311_182605,D:\CodingHHW\Biplane\experiment\experiment_results.csv,CTChest,orthographic,Current mode: Orthographic,1,0,1,1,1,1,79.61,73.6,85.47,0.06,0.06,0,0.06 mm,0.06 px,0.00 mm,testPoint,TargetP3D,blackCenter2,PointGreen,PointRed,PointGreen,testPoint,30,1,1,0,1,2.75492382,90.16196442,-138.8507233,69.94339943,75.07946356,99.3725787,81.46514723,0,6,10,D:\CodingHHW\Biplane\experiment\transform_snapshots\20260321_093311_182605,LinearTransform,D:\CodingHHW\Biplane\experiment\transform_snapshots\20260321_093311_182605\20260321_093311_182605_1_LinearTransform.h5,1,LinearTransform_1,D:\CodingHHW\Biplane\experiment\transform_snapshots\20260321_093311_182605\20260321_093311_182605_2_LinearTransform_1.h5,1,LinearTransform_2,D:\CodingHHW\Biplane\experiment\transform_snapshots\20260321_093311_182605\20260321_093311_182605_3_LinearTransform_2.h5,1,3,1,0.707551639,0.707551639,2.23E-14,1,1,1.092986956,1.092986956,1.20E-14,0,0,0.857191855,0.857191855,2.01E-13,0,0,NA,NA,NA,NA,NA,NA,NA,NA,NA,NA,NA,NA,NA,NA,NA,NA,NA,NA,0.064237699,1,1,0,0,30,0.071666103,0,1,0,0,30,0.07456328,0,1,0,0,30,461.026,423.313,374.667,9.896,569.88,30.469,31.957,3.557,1.714,1.839,0.661,0.499
2026-03-21T09:33:47+08:00,20260321_093347_174193,D:\CodingHHW\Biplane\experiment\experiment_results.csv,CTChest,orthographic,Current mode: Orthographic,1,0,1,1,1,1,79.61,73.6,85.47,0.03,0.12,0,0.03 mm,0.12 px,0.00 mm,testPoint,TargetP3D,blackCenter2,PointGreen,PointRed,PointGreen,testPoint,30,1,1,0,1,2.75492382,90.16196442,-138.8507233,69.94339943,75.07946356,99.3725787,81.46514723,0,6,10,D:\CodingHHW\Biplane\experiment\transform_snapshots\20260321_093347_174193,LinearTransform,D:\CodingHHW\Biplane\experiment\transform_snapshots\20260321_093347_174193\20260321_093347_174193_1_LinearTransform.h5,1,LinearTransform_1,D:\CodingHHW\Biplane\experiment\transform_snapshots\20260321_093347_174193\20260321_093347_174193_2_LinearTransform_1.h5,1,LinearTransform_2,D:\CodingHHW\Biplane\experiment\transform_snapshots\20260321_093347_174193\20260321_093347_174193_3_LinearTransform_2.h5,1,3,1,0.798978382,0.798978382,9.33E-15,0,0,1.319807712,1.319807712,1.84E-14,0,0,0.924999418,0.924999418,9.08E-14,0,0,NA,NA,NA,NA,NA,NA,NA,NA,NA,NA,NA,NA,NA,NA,NA,NA,NA,NA,0.062328342,0,0,0,0,30,0.043589356,1,0,0,0,30,0.084917079,1,1,0,0,30,577.77,448.323,370.172,10.844,567.29,29.498,31.957,3.061,1.746,1.833,0.555,0.575
2026-03-21T09:34:21+08:00,20260321_093421_972628,D:\CodingHHW\Biplane\experiment\experiment_results.csv,CTChest,orthographic,Current mode: Orthographic,1,0,1,1,1,1,79.61,73.6,85.47,0.08,0.04,0,0.08 mm,0.04 px,0.00 mm,testPoint,TargetP3D,blackCenter2,PointGreen,PointRed,PointGreen,testPoint,30,1,1,0,1,2.75492382,90.16196442,-138.8507233,69.94339943,75.07946356,99.3725787,81.46514723,0,6,10,D:\CodingHHW\Biplane\experiment\transform_snapshots\20260321_093421_972628,LinearTransform,D:\CodingHHW\Biplane\experiment\transform_snapshots\20260321_093421_972628\20260321_093421_972628_1_LinearTransform.h5,1,LinearTransform_1,D:\CodingHHW\Biplane\experiment\transform_snapshots\20260321_093421_972628\20260321_093421_972628_2_LinearTransform_1.h5,1,LinearTransform_2,D:\CodingHHW\Biplane\experiment\transform_snapshots\20260321_093421_972628\20260321_093421_972628_3_LinearTransform_2.h5,1,3,1,0.738462584,0.738462584,6.33E-15,0,0,1.242109349,1.242109349,2.53E-14,0,0,0.807222078,0.807222078,2.04E-13,0,0,NA,NA,NA,NA,NA,NA,NA,NA,NA,NA,NA,NA,NA,NA,NA,NA,NA,NA,0.069394973,0,0,0,0,30,0.025722693,1,1,0,0,30,0.066366821,1,1,0,0,30,572.11,441.05,383.632,9.754,567.866,31.077,31.957,3.219,1.786,1.977,0.56,0.622
2026-03-21T09:34:57+08:00,20260321_093457_657720,D:\CodingHHW\Biplane\experiment\experiment_results.csv,CTChest,orthographic,Current mode: Orthographic,1,0,1,1,1,1,79.61,73.6,85.47,0.02,0.05,0,0.02 mm,0.05 px,0.00 mm,testPoint,TargetP3D,blackCenter2,PointGreen,PointRed,PointGreen,testPoint,30,1,1,0,1,2.75492382,90.16196442,-138.8507233,69.94339943,75.07946356,99.3725787,81.46514723,0,6,10,D:\CodingHHW\Biplane\experiment\transform_snapshots\20260321_093457_657720,LinearTransform,D:\CodingHHW\Biplane\experiment\transform_snapshots\20260321_093457_657720\20260321_093457_657720_1_LinearTransform.h5,1,LinearTransform_1,D:\CodingHHW\Biplane\experiment\transform_snapshots\20260321_093457_657720\20260321_093457_657720_2_LinearTransform_1.h5,1,LinearTransform_2,D:\CodingHHW\Biplane\experiment\transform_snapshots\20260321_093457_657720\20260321_093457_657720_3_LinearTransform_2.h5,1,3,1,0.768810422,0.768810422,2.56E-14,0,0,1.373879544,1.373879544,8.26E-14,0,0,0.973680168,0.973680168,4.83E-13,0,0,NA,NA,NA,NA,NA,NA,NA,NA,NA,NA,NA,NA,NA,NA,NA,NA,NA,NA,0.063324315,1,1,0,0,30,0.072852812,1,0,0,0,30,0.08032931,1,0,0,0,30,484.187,474.626,397.192,9.722,561.341,28.929,31.957,3.025,2.124,1.642,0.51,0.636
2026-03-21T09:35:32+08:00,20260321_093532_876369,D:\CodingHHW\Biplane\experiment\experiment_results.csv,CTChest,orthographic,Current mode: Orthographic,1,0,1,1,1,1,79.61,73.6,85.47,0.07,0.01,0,0.07 mm,0.01 px,0.00 mm,testPoint,TargetP3D,blackCenter2,PointGreen,PointRed,PointGreen,testPoint,30,1,1,0,1,2.75492382,90.16196442,-138.8507233,69.94339943,75.07946356,99.3725787,81.46514723,0,6,10,D:\CodingHHW\Biplane\experiment\transform_snapshots\20260321_093532_876369,LinearTransform,D:\CodingHHW\Biplane\experiment\transform_snapshots\20260321_093532_876369\20260321_093532_876369_1_LinearTransform.h5,1,LinearTransform_1,D:\CodingHHW\Biplane\experiment\transform_snapshots\20260321_093532_876369\20260321_093532_876369_2_LinearTransform_1.h5,1,LinearTransform_2,D:\CodingHHW\Biplane\experiment\transform_snapshots\20260321_093532_876369\20260321_093532_876369_3_LinearTransform_2.h5,1,3,1,0.95557498,0.95557498,2.78E-15,0,0,1.271404342,1.271404342,3.84E-14,0,0,1.010265449,1.010265449,1.15E-12,1,1,NA,NA,NA,NA,NA,NA,NA,NA,NA,NA,NA,NA,NA,NA,NA,NA,NA,NA,0.053969975,1,0,0,0,30,0.09032462,0,0,0,0,30,0.0553206,1,1,0,0,30,516.605,467.139,374.671,9.884,566.788,28.825,31.957,3.21,1.677,1.726,0.597,0.62
2026-03-21T09:36:07+08:00,20260321_093607_765642,D:\CodingHHW\Biplane\experiment\experiment_results.csv,CTChest,orthographic,Current mode: Orthographic,1,0,1,1,1,1,79.61,73.6,85.47,0.06,0.07,0,0.06 mm,0.07 px,0.00 mm,testPoint,TargetP3D,blackCenter2,PointGreen,PointRed,PointGreen,testPoint,30,1,1,0,1,2.75492382,90.16196442,-138.8507233,69.94339943,75.07946356,99.3725787,81.46514723,0,6,10,D:\CodingHHW\Biplane\experiment\transform_snapshots\20260321_093607_765642,LinearTransform,D:\CodingHHW\Biplane\experiment\transform_snapshots\20260321_093607_765642\20260321_093607_765642_1_LinearTransform.h5,1,LinearTransform_1,D:\CodingHHW\Biplane\experiment\transform_snapshots\20260321_093607_765642\20260321_093607_765642_2_LinearTransform_1.h5,1,LinearTransform_2,D:\CodingHHW\Biplane\experiment\transform_snapshots\20260321_093607_765642\20260321_093607_765642_3_LinearTransform_2.h5,1,3,1,0.935180774,0.935180774,3.23E-14,1,1,1.350184091,1.350184091,9.70E-14,1,1,1.119002389,1.119002389,3.67E-13,1,1,NA,NA,NA,NA,NA,NA,NA,NA,NA,NA,NA,NA,NA,NA,NA,NA,NA,NA,0.061853497,1,1,0,0,30,0.063174527,0,0,0,0,30,0.076092462,0,0,0,0,30,514.48,536.394,367.572,11.463,564.883,30.035,31.957,3.242,1.897,1.681,0.537,0.527
2026-03-21T09:43:37+08:00,20260321_094337_162178,D:\CodingHHW\Biplane\experiment\experiment_results.csv,CTChest,perspective,Current mode: Perspective,1,1,0,1,1,1,46.99,43.1,67.87,0.09,0.05,0,0.09 mm,0.05 px,0.00 mm,testPoint,TargetP3D,blackCenter2,PointGreen,PointRed,PointGreen,testPoint,30,0,1,0,1,2.755,90.162,-138.8507233,69.94340141,72.33416981,93.58199237,78.61985453,0,6,10,D:\CodingHHW\Biplane\experiment\transform_snapshots\20260321_094337_162178,LinearTransform,D:\CodingHHW\Biplane\experiment\transform_snapshots\20260321_094337_162178\20260321_094337_162178_1_LinearTransform.h5,1,LinearTransform_1,D:\CodingHHW\Biplane\experiment\transform_snapshots\20260321_094337_162178\20260321_094337_162178_2_LinearTransform_1.h5,1,LinearTransform_2,D:\CodingHHW\Biplane\experiment\transform_snapshots\20260321_094337_162178\20260321_094337_162178_3_LinearTransform_2.h5,1,3,1,0.090577801,0.090577801,2.74E-14,1,1,0.040781366,0.040781366,1.45E-14,0,0,0.084353492,0.084353492,1.53E-12,1,1,0.088995121,0,1,0,0,30,0.039943437,0,1,0,0,30,0.080385154,0,0,0,0,30,NA,NA,NA,NA,NA,NA,NA,NA,NA,NA,NA,NA,NA,NA,NA,NA,NA,NA,475.16,477.029,443.378,10.2,591.511,56.857,29.436,3.242,3.391,2.036,0.506,0.474
2026-03-21T09:45:16+08:00,20260321_094516_347854,D:\CodingHHW\Biplane\experiment\experiment_results.csv,CTChest,perspective,Current mode: Perspective,1,1,0,1,1,1,46.99,43.1,67.87,0.06,0.04,0,0.06 mm,0.04 px,0.00 mm,testPoint,TargetP3D,blackCenter2,PointGreen,PointRed,PointGreen,testPoint,30,0,1,0,1,2.755,90.162,-138.8507233,69.94340141,72.33416981,93.58199237,78.61985453,0,6,10,D:\CodingHHW\Biplane\experiment\transform_snapshots\20260321_094516_347854,LinearTransform,D:\CodingHHW\Biplane\experiment\transform_snapshots\20260321_094516_347854\20260321_094516_347854_1_LinearTransform.h5,1,LinearTransform_1,D:\CodingHHW\Biplane\experiment\transform_snapshots\20260321_094516_347854\20260321_094516_347854_2_LinearTransform_1.h5,1,LinearTransform_2,D:\CodingHHW\Biplane\experiment\transform_snapshots\20260321_094516_347854\20260321_094516_347854_3_LinearTransform_2.h5,1,3,1,0.066449218,0.066449218,8.84E-14,1,1,0.072325756,0.072325756,6.90E-13,0,0,0.046803723,0.046803723,1.57E-12,0,0,0.062434964,1,1,0,0,30,0.070473724,0,0,0,0,30,0.044635372,0,1,0,0,30,NA,NA,NA,NA,NA,NA,NA,NA,NA,NA,NA,NA,NA,NA,NA,NA,NA,NA,491.575,528.293,448.917,10.407,603.459,57.949,30.109,3.242,3.299,2.116,0.548,0.735
2026-03-21T09:46:01+08:00,20260321_094601_942945,D:\CodingHHW\Biplane\experiment\experiment_results.csv,CTChest,perspective,Current mode: Perspective,1,1,0,1,1,1,46.99,43.1,67.87,0.14,0.1,0,0.14 mm,0.10 px,0.00 mm,testPoint,TargetP3D,blackCenter2,PointGreen,PointRed,PointGreen,testPoint,30,0,1,0,1,2.755,90.162,-138.8507233,69.94340141,72.33416981,93.58199237,78.61985453,0,6,10,D:\CodingHHW\Biplane\experiment\transform_snapshots\20260321_094601_942945,LinearTransform,D:\CodingHHW\Biplane\experiment\transform_snapshots\20260321_094601_942945\20260321_094601_942945_1_LinearTransform.h5,1,LinearTransform_1,D:\CodingHHW\Biplane\experiment\transform_snapshots\20260321_094601_942945\20260321_094601_942945_2_LinearTransform_1.h5,1,LinearTransform_2,D:\CodingHHW\Biplane\experiment\transform_snapshots\20260321_094601_942945\20260321_094601_942945_3_LinearTransform_2.h5,1,3,1,0.076046016,0.076046016,1.87E-14,0,0,0.097901129,0.097901129,6.92E-14,0,0,0.093381627,0.093381627,1.64E-13,1,1,0.070188925,1,1,0,0,30,0.093442863,0,1,0,0,30,0.09134642,1,0,0,0,30,NA,NA,NA,NA,NA,NA,NA,NA,NA,NA,NA,NA,NA,NA,NA,NA,NA,NA,384.166,432.223,404.859,9.809,591.455,55.818,29.225,3.242,3.171,2.34,0.586,0.49
2026-03-21T09:46:43+08:00,20260321_094643_231353,D:\CodingHHW\Biplane\experiment\experiment_results.csv,CTChest,perspective,Current mode: Perspective,1,1,0,1,1,1,46.99,43.1,67.87,0.05,0.01,0,0.05 mm,0.01 px,0.00 mm,testPoint,TargetP3D,blackCenter2,PointGreen,PointRed,PointGreen,testPoint,30,0,1,0,1,2.755,90.162,-138.8507233,69.94340141,72.33416981,93.58199237,78.61985453,0,6,10,D:\CodingHHW\Biplane\experiment\transform_snapshots\20260321_094643_231353,LinearTransform,D:\CodingHHW\Biplane\experiment\transform_snapshots\20260321_094643_231353\20260321_094643_231353_1_LinearTransform.h5,1,LinearTransform_1,D:\CodingHHW\Biplane\experiment\transform_snapshots\20260321_094643_231353\20260321_094643_231353_2_LinearTransform_1.h5,1,LinearTransform_2,D:\CodingHHW\Biplane\experiment\transform_snapshots\20260321_094643_231353\20260321_094643_231353_3_LinearTransform_2.h5,1,3,1,0.057845628,0.057845628,1.25E-13,0,0,0.080743634,0.080743634,5.73E-14,0,0,0.076978591,0.076978591,8.12E-14,1,1,0.057584407,1,0,0,0,30,0.068173246,0,0,0,0,30,0.072167153,1,0,0,0,30,NA,NA,NA,NA,NA,NA,NA,NA,NA,NA,NA,NA,NA,NA,NA,NA,NA,NA,533.153,483.095,434.131,9.593,590.97,56.54,29.552,3.242,3.54,2.164,0.798,0.519
2026-03-21T09:47:16+08:00,20260321_094716_184836,D:\CodingHHW\Biplane\experiment\experiment_results.csv,CTChest,perspective,Current mode: Perspective,1,1,0,1,1,1,46.99,43.1,67.87,0.06,0.04,0,0.06 mm,0.04 px,0.00 mm,testPoint,TargetP3D,blackCenter2,PointGreen,PointRed,PointGreen,testPoint,30,0,1,0,1,2.755,90.162,-138.8507233,69.94340141,72.33416981,93.58199237,78.61985453,0,6,10,D:\CodingHHW\Biplane\experiment\transform_snapshots\20260321_094716_184836,LinearTransform,D:\CodingHHW\Biplane\experiment\transform_snapshots\20260321_094716_184836\20260321_094716_184836_1_LinearTransform.h5,1,LinearTransform_1,D:\CodingHHW\Biplane\experiment\transform_snapshots\20260321_094716_184836\20260321_094716_184836_2_LinearTransform_1.h5,1,LinearTransform_2,D:\CodingHHW\Biplane\experiment\transform_snapshots\20260321_094716_184836\20260321_094716_184836_3_LinearTransform_2.h5,1,3,1,0.087384008,0.087384008,2.70E-13,1,1,0.066157638,0.066157638,1.56E-14,1,1,0.069172707,0.069172707,1.06E-13,1,1,0.084677851,0,1,0,0,30,0.066047321,0,0,0,0,30,0.064469994,0,0,0,0,30,NA,NA,NA,NA,NA,NA,NA,NA,NA,NA,NA,NA,NA,NA,NA,NA,NA,NA,463.738,491.158,424.497,9.775,588.916,57.095,29.355,3.242,3.165,2.12,0.514,0.523
2026-03-21T09:48:07+08:00,20260321_094807_281103,D:\CodingHHW\Biplane\experiment\experiment_results.csv,CTChest,orthographic,Current mode: Orthographic,1,0,1,1,1,1,46.99,43.1,67.87,0.13,0.11,0,0.13 mm,0.11 px,0.00 mm,testPoint,TargetP3D,blackCenter2,PointGreen,PointRed,PointGreen,testPoint,30,1,1,0,1,2.755,90.162,-138.8507233,69.94340141,72.33416981,93.58199237,78.61985453,0,6,10,D:\CodingHHW\Biplane\experiment\transform_snapshots\20260321_094807_281103,LinearTransform,D:\CodingHHW\Biplane\experiment\transform_snapshots\20260321_094807_281103\20260321_094807_281103_1_LinearTransform.h5,1,LinearTransform_1,D:\CodingHHW\Biplane\experiment\transform_snapshots\20260321_094807_281103\20260321_094807_281103_2_LinearTransform_1.h5,1,LinearTransform_2,D:\CodingHHW\Biplane\experiment\transform_snapshots\20260321_094807_281103\20260321_094807_281103_3_LinearTransform_2.h5,1,3,1,0.839556357,0.839556357,2.56E-14,0,0,1.054014438,1.054014438,1.40E-13,0,1,0.888846113,0.888846113,4.48E-13,0,0,NA,NA,NA,NA,NA,NA,NA,NA,NA,NA,NA,NA,NA,NA,NA,NA,NA,NA,0.074918807,0,0,0,0,30,0.070086276,0,0,0,0,30,0.046421128,1,1,0,0,30,510.794,599.095,494.974,9.682,563.014,28.83,29.355,2.964,2.936,2.264,0.546,0.614
2026-03-21T09:48:37+08:00,20260321_094837_681124,D:\CodingHHW\Biplane\experiment\experiment_results.csv,CTChest,orthographic,Current mode: Orthographic,1,0,1,1,1,1,46.99,43.1,67.87,0.08,0.04,0,0.08 mm,0.04 px,0.00 mm,testPoint,TargetP3D,blackCenter2,PointGreen,PointRed,PointGreen,testPoint,30,1,1,0,1,2.755,90.162,-138.8507233,69.94340141,72.33416981,93.58199237,78.61985453,0,6,10,D:\CodingHHW\Biplane\experiment\transform_snapshots\20260321_094837_681124,LinearTransform,D:\CodingHHW\Biplane\experiment\transform_snapshots\20260321_094837_681124\20260321_094837_681124_1_LinearTransform.h5,1,LinearTransform_1,D:\CodingHHW\Biplane\experiment\transform_snapshots\20260321_094837_681124\20260321_094837_681124_2_LinearTransform_1.h5,1,LinearTransform_2,D:\CodingHHW\Biplane\experiment\transform_snapshots\20260321_094837_681124\20260321_094837_681124_3_LinearTransform_2.h5,1,3,1,1.020165855,1.020165855,1.78E-15,0,0,1.504550497,1.504550497,5.97E-14,0,0,1.260888831,1.260888831,8.04E-14,0,0,NA,NA,NA,NA,NA,NA,NA,NA,NA,NA,NA,NA,NA,NA,NA,NA,NA,NA,0.059807839,0,1,0,0,30,0.051122832,1,0,0,0,30,0.064443721,1,1,0,0,30,687.585,572.923,445.976,10.884,569.667,30.019,29.355,3.452,3.041,2.08,0.583,0.516
2026-03-21T09:49:18+08:00,20260321_094918_341242,D:\CodingHHW\Biplane\experiment\experiment_results.csv,CTChest,orthographic,Current mode: Orthographic,1,0,1,1,1,1,46.99,43.1,67.87,0.05,0.04,0,0.05 mm,0.04 px,0.00 mm,testPoint,TargetP3D,blackCenter2,PointGreen,PointRed,PointGreen,testPoint,30,1,1,0,1,2.755,90.162,-138.8507233,69.94340141,72.33416981,93.58199237,78.61985453,0,6,10,D:\CodingHHW\Biplane\experiment\transform_snapshots\20260321_094918_341242,LinearTransform,D:\CodingHHW\Biplane\experiment\transform_snapshots\20260321_094918_341242\20260321_094918_341242_1_LinearTransform.h5,1,LinearTransform_1,D:\CodingHHW\Biplane\experiment\transform_snapshots\20260321_094918_341242\20260321_094918_341242_2_LinearTransform_1.h5,1,LinearTransform_2,D:\CodingHHW\Biplane\experiment\transform_snapshots\20260321_094918_341242\20260321_094918_341242_3_LinearTransform_2.h5,1,3,1,0.806506649,0.806506649,5.03E-14,0,0,1.015000838,1.015000838,1.78E-15,0,0,0.939523708,0.939523708,7.15E-13,1,1,NA,NA,NA,NA,NA,NA,NA,NA,NA,NA,NA,NA,NA,NA,NA,NA,NA,NA,0.054791056,1,0,0,0,30,0.038636147,0,1,0,0,30,0.044785731,0,1,0,0,30,520.349,511.007,462.582,9.646,561.099,29.642,29.355,3.153,2.879,2.219,0.504,0.496
2026-03-21T09:50:11+08:00,20260321_095011_862992,D:\CodingHHW\Biplane\experiment\experiment_results.csv,CTChest,orthographic,Current mode: Orthographic,1,0,1,1,1,1,46.99,43.1,67.87,0.1,0.01,0,0.10 mm,0.01 px,0.00 mm,testPoint,TargetP3D,blackCenter2,PointGreen,PointRed,PointGreen,testPoint,30,1,1,0,1,2.755,90.162,-138.8507233,69.94340141,72.33416981,93.58199237,78.61985453,0,6,10,D:\CodingHHW\Biplane\experiment\transform_snapshots\20260321_095011_862992,LinearTransform,D:\CodingHHW\Biplane\experiment\transform_snapshots\20260321_095011_862992\20260321_095011_862992_1_LinearTransform.h5,1,LinearTransform_1,D:\CodingHHW\Biplane\experiment\transform_snapshots\20260321_095011_862992\20260321_095011_862992_2_LinearTransform_1.h5,1,LinearTransform_2,D:\CodingHHW\Biplane\experiment\transform_snapshots\20260321_095011_862992\20260321_095011_862992_3_LinearTransform_2.h5,1,3,1,0.770033718,0.770033718,1.42E-14,0,0,0.982056928,0.982056928,2.32E-14,0,0,0.808504647,0.808504647,6.65E-13,1,1,NA,NA,NA,NA,NA,NA,NA,NA,NA,NA,NA,NA,NA,NA,NA,NA,NA,NA,0.050143873,0,1,0,0,30,0.064887869,1,0,0,0,30,0.06352108,0,0,0,0,30,549.815,491.561,429.84,10.053,562.097,29.202,29.355,2.797,2.987,2.085,0.55,0.503
2026-03-21T09:50:49+08:00,20260321_095049_510690,D:\CodingHHW\Biplane\experiment\experiment_results.csv,CTChest,orthographic,Current mode: Orthographic,1,0,1,1,1,1,46.99,43.1,67.87,0.14,0.06,0,0.14 mm,0.06 px,0.00 mm,testPoint,TargetP3D,blackCenter2,PointGreen,PointRed,PointGreen,testPoint,30,1,1,0,1,2.755,90.162,-138.8507233,69.94340141,72.33416981,93.58199237,78.61985453,0,6,10,D:\CodingHHW\Biplane\experiment\transform_snapshots\20260321_095049_510690,LinearTransform,D:\CodingHHW\Biplane\experiment\transform_snapshots\20260321_095049_510690\20260321_095049_510690_1_LinearTransform.h5,1,LinearTransform_1,D:\CodingHHW\Biplane\experiment\transform_snapshots\20260321_095049_510690\20260321_095049_510690_2_LinearTransform_1.h5,1,LinearTransform_2,D:\CodingHHW\Biplane\experiment\transform_snapshots\20260321_095049_510690\20260321_095049_510690_3_LinearTransform_2.h5,1,3,1,0.653548619,0.653548619,1.71E-14,0,0,1.27649867,1.27649867,3.84E-13,1,1,1.027829066,1.027829066,1.46E-12,0,0,NA,NA,NA,NA,NA,NA,NA,NA,NA,NA,NA,NA,NA,NA,NA,NA,NA,NA,0.042669181,1,1,0,0,30,0.081501381,1,0,0,0,30,0.063283066,0,1,0,0,30,485.751,554.247,522.213,9.769,565.84,28.692,29.355,2.753,3.496,2.131,0.569,0.482
2026-03-21T09:56:46+08:00,20260321_095646_291973,D:\CodingHHW\Biplane\experiment\experiment_results.csv,CTChest,perspective,Current mode: Perspective,1,1,0,1,1,1,16.17,0.4,15.89,0.24,0.06,0,0.24 mm,0.06 px,0.00 mm,testPoint,TargetP3D,blackCenter2,PointGreen,PointRed,PointGreen,testPoint,30,0,1,0,1,2.755,90.162,-138.8507233,69.94340141,72.36027404,86.33171209,76.21179585,0,6,10,D:\CodingHHW\Biplane\experiment\transform_snapshots\20260321_095646_291973,LinearTransform,D:\CodingHHW\Biplane\experiment\transform_snapshots\20260321_095646_291973\20260321_095646_291973_1_LinearTransform.h5,1,LinearTransform_1,D:\CodingHHW\Biplane\experiment\transform_snapshots\20260321_095646_291973\20260321_095646_291973_2_LinearTransform_1.h5,1,LinearTransform_2,D:\CodingHHW\Biplane\experiment\transform_snapshots\20260321_095646_291973\20260321_095646_291973_3_LinearTransform_2.h5,1,3,1,0.068628907,0.068628907,1.50E-12,1,1,0.075751852,0.075751852,1.30E-12,1,1,0.062667113,0.062667113,7.23E-15,0,0,0.058783501,0,0,0,0,30,0.072267788,0,1,0,0,30,0.062559487,0,1,0,0,30,NA,NA,NA,NA,NA,NA,NA,NA,NA,NA,NA,NA,NA,NA,NA,NA,NA,NA,462.864,384.829,364.265,9.825,576.609,56.282,29.163,2.753,3.596,2.548,0.59,0.48
2026-03-21T09:57:21+08:00,20260321_095721_313910,D:\CodingHHW\Biplane\experiment\experiment_results.csv,CTChest,perspective,Current mode: Perspective,1,1,0,1,1,1,16.17,0.4,15.89,0.1,0.03,0,0.10 mm,0.03 px,0.00 mm,testPoint,TargetP3D,blackCenter2,PointGreen,PointRed,PointGreen,testPoint,30,0,1,0,1,2.755,90.162,-138.8507233,69.94340141,72.36027404,86.33171209,76.21179585,0,6,10,D:\CodingHHW\Biplane\experiment\transform_snapshots\20260321_095721_313910,LinearTransform,D:\CodingHHW\Biplane\experiment\transform_snapshots\20260321_095721_313910\20260321_095721_313910_1_LinearTransform.h5,1,LinearTransform_1,D:\CodingHHW\Biplane\experiment\transform_snapshots\20260321_095721_313910\20260321_095721_313910_2_LinearTransform_1.h5,1,LinearTransform_2,D:\CodingHHW\Biplane\experiment\transform_snapshots\20260321_095721_313910\20260321_095721_313910_3_LinearTransform_2.h5,1,3,1,0.056854743,0.056854743,3.59E-14,0,0,0.053227444,0.053227444,5.18E-13,0,0,0.064407203,0.064407203,6.20E-13,0,0,0.056554686,0,1,0,0,30,0.048953991,1,0,0,0,30,0.062396657,1,0,0,0,30,NA,NA,NA,NA,NA,NA,NA,NA,NA,NA,NA,NA,NA,NA,NA,NA,NA,NA,426.679,395.396,406.62,9.655,579.504,58.445,30.69,2.753,3.094,2.089,0.555,0.505
2026-03-21T09:58:18+08:00,20260321_095818_969942,D:\CodingHHW\Biplane\experiment\experiment_results.csv,CTChest,perspective,Current mode: Perspective,1,1,0,1,1,1,16.17,0.4,15.89,0.38,0.04,0,0.38 mm,0.04 px,0.00 mm,testPoint,TargetP3D,blackCenter2,PointGreen,PointRed,PointGreen,testPoint,30,0,1,0,1,2.755,90.162,-138.8507233,69.94340141,72.36027404,86.33171209,76.21179585,0,6,10,D:\CodingHHW\Biplane\experiment\transform_snapshots\20260321_095818_969942,LinearTransform,D:\CodingHHW\Biplane\experiment\transform_snapshots\20260321_095818_969942\20260321_095818_969942_1_LinearTransform.h5,1,LinearTransform_1,D:\CodingHHW\Biplane\experiment\transform_snapshots\20260321_095818_969942\20260321_095818_969942_2_LinearTransform_1.h5,1,LinearTransform_2,D:\CodingHHW\Biplane\experiment\transform_snapshots\20260321_095818_969942\20260321_095818_969942_3_LinearTransform_2.h5,1,3,1,0.083502451,0.083502451,2.15E-14,1,1,0.053705449,0.053705449,5.49E-14,0,0,0.063005108,0.063005108,1.62E-14,0,0,0.08246826,1,0,0,0,30,0.052720426,0,1,0,0,30,0.059812947,1,0,0,0,30,NA,NA,NA,NA,NA,NA,NA,NA,NA,NA,NA,NA,NA,NA,NA,NA,NA,NA,437.224,454.067,403.618,9.62,579.183,56.502,29.43,2.753,3.243,2.908,0.498,0.587
2026-03-21T09:58:56+08:00,20260321_095856_190370,D:\CodingHHW\Biplane\experiment\experiment_results.csv,CTChest,perspective,Current mode: Perspective,1,1,0,1,1,1,16.17,0.4,15.89,0.07,0.16,0,0.07 mm,0.16 px,0.00 mm,testPoint,TargetP3D,blackCenter2,PointGreen,PointRed,PointGreen,testPoint,30,0,1,0,1,2.755,90.162,-138.8507233,69.94340141,72.36027404,86.33171209,76.21179585,0,6,10,D:\CodingHHW\Biplane\experiment\transform_snapshots\20260321_095856_190370,LinearTransform,D:\CodingHHW\Biplane\experiment\transform_snapshots\20260321_095856_190370\20260321_095856_190370_1_LinearTransform.h5,1,LinearTransform_1,D:\CodingHHW\Biplane\experiment\transform_snapshots\20260321_095856_190370\20260321_095856_190370_2_LinearTransform_1.h5,1,LinearTransform_2,D:\CodingHHW\Biplane\experiment\transform_snapshots\20260321_095856_190370\20260321_095856_190370_3_LinearTransform_2.h5,1,3,1,0.052498235,0.052498235,2.89E-14,1,1,0.04445259,0.04445259,6.65E-14,0,0,0.066586767,0.066586767,4.69E-14,1,1,0.051542462,1,0,0,0,30,0.044305317,1,0,0,0,30,0.058761093,1,1,0,0,30,NA,NA,NA,NA,NA,NA,NA,NA,NA,NA,NA,NA,NA,NA,NA,NA,NA,NA,478.988,509.316,438.349,9.766,578.188,58.678,31.104,2.753,2.897,2.086,0.504,0.509
2026-03-21T09:59:37+08:00,20260321_095937_005962,D:\CodingHHW\Biplane\experiment\experiment_results.csv,CTChest,perspective,Current mode: Perspective,1,1,0,1,1,1,16.17,0.4,15.89,0.2,0.01,0,0.20 mm,0.01 px,0.00 mm,testPoint,TargetP3D,blackCenter2,PointGreen,PointRed,PointGreen,testPoint,30,0,1,0,1,2.755,90.162,-138.8507233,69.94340141,72.36027404,86.33171209,76.21179585,0,6,10,D:\CodingHHW\Biplane\experiment\transform_snapshots\20260321_095937_005962,LinearTransform,D:\CodingHHW\Biplane\experiment\transform_snapshots\20260321_095937_005962\20260321_095937_005962_1_LinearTransform.h5,1,LinearTransform_1,D:\CodingHHW\Biplane\experiment\transform_snapshots\20260321_095937_005962\20260321_095937_005962_2_LinearTransform_1.h5,1,LinearTransform_2,D:\CodingHHW\Biplane\experiment\transform_snapshots\20260321_095937_005962\20260321_095937_005962_3_LinearTransform_2.h5,1,3,1,0.058906393,0.058906393,4.08E-15,0,0,0.079485223,0.079485223,1.56E-14,0,0,0.064449403,0.064449403,1.71E-13,1,1,0.058793995,1,0,0,0,30,0.078032102,0,1,0,0,30,0.060328522,1,1,0,0,30,NA,NA,NA,NA,NA,NA,NA,NA,NA,NA,NA,NA,NA,NA,NA,NA,NA,NA,441.903,492.581,446.179,10.289,582.507,58.893,31.59,2.753,3.452,2.255,0.476,0.707
2026-03-21T10:00:08+08:00,20260321_100008_229368,D:\CodingHHW\Biplane\experiment\experiment_results.csv,CTChest,perspective,Current mode: Perspective,1,1,0,1,1,1,16.17,0.4,15.89,0.11,0.16,0,0.11 mm,0.16 px,0.00 mm,testPoint,TargetP3D,blackCenter2,PointGreen,PointRed,PointGreen,testPoint,30,0,1,0,1,2.755,90.162,-138.8507233,69.94340141,72.36027404,86.33171209,76.21179585,0,6,10,D:\CodingHHW\Biplane\experiment\transform_snapshots\20260321_100008_229368,LinearTransform,D:\CodingHHW\Biplane\experiment\transform_snapshots\20260321_100008_229368\20260321_100008_229368_1_LinearTransform.h5,1,LinearTransform_1,D:\CodingHHW\Biplane\experiment\transform_snapshots\20260321_100008_229368\20260321_100008_229368_2_LinearTransform_1.h5,1,LinearTransform_2,D:\CodingHHW\Biplane\experiment\transform_snapshots\20260321_100008_229368\20260321_100008_229368_3_LinearTransform_2.h5,1,3,1,0.069171741,0.069171741,4.11E-14,1,1,0.084520882,0.084520882,2.70E-14,0,0,0.039766987,0.039766987,2.55E-14,1,1,0.062698417,0,1,0,0,30,0.083618349,0,1,0,0,30,0.039306899,1,0,0,0,30,NA,NA,NA,NA,NA,NA,NA,NA,NA,NA,NA,NA,NA,NA,NA,NA,NA,NA,461.053,520.039,418.853,10.202,586.844,57.74,30.876,2.753,3.334,2.089,0.518,0.546
2026-03-21T10:00:53+08:00,20260321_100053_621773,D:\CodingHHW\Biplane\experiment\experiment_results.csv,CTChest,orthographic,Current mode: Orthographic,1,0,1,1,1,1,16.17,0.4,15.89,0.04,0.13,0,0.04 mm,0.13 px,0.00 mm,testPoint,TargetP3D,blackCenter2,PointGreen,PointRed,PointGreen,testPoint,30,1,1,0,1,2.755,90.162,-138.8507233,69.94340141,72.36027404,86.33171209,76.21179585,0,6,10,D:\CodingHHW\Biplane\experiment\transform_snapshots\20260321_100053_621773,LinearTransform,D:\CodingHHW\Biplane\experiment\transform_snapshots\20260321_100053_621773\20260321_100053_621773_1_LinearTransform.h5,1,LinearTransform_1,D:\CodingHHW\Biplane\experiment\transform_snapshots\20260321_100053_621773\20260321_100053_621773_2_LinearTransform_1.h5,1,LinearTransform_2,D:\CodingHHW\Biplane\experiment\transform_snapshots\20260321_100053_621773\20260321_100053_621773_3_LinearTransform_2.h5,1,3,1,0.890499282,0.890499282,8.02E-14,1,1,1.058697524,1.058697524,3.84E-14,0,0,0.797403914,0.797403914,1.45E-14,1,1,NA,NA,NA,NA,NA,NA,NA,NA,NA,NA,NA,NA,NA,NA,NA,NA,NA,NA,0.064943493,0,1,0,0,30,0.060176433,0,1,0,0,30,0.079253754,0,1,0,0,30,593.867,567.961,512.221,9.771,557.052,31.131,30.876,3.27,2.995,2.405,0.519,0.531
2026-03-21T10:01:28+08:00,20260321_100128_587024,D:\CodingHHW\Biplane\experiment\experiment_results.csv,CTChest,orthographic,Current mode: Orthographic,1,0,1,1,1,1,16.17,0.4,15.89,0.06,0.02,0,0.06 mm,0.02 px,0.00 mm,testPoint,TargetP3D,blackCenter2,PointGreen,PointRed,PointGreen,testPoint,30,1,1,0,1,2.755,90.162,-138.8507233,69.94340141,72.36027404,86.33171209,76.21179585,0,6,10,D:\CodingHHW\Biplane\experiment\transform_snapshots\20260321_100128_587024,LinearTransform,D:\CodingHHW\Biplane\experiment\transform_snapshots\20260321_100128_587024\20260321_100128_587024_1_LinearTransform.h5,1,LinearTransform_1,D:\CodingHHW\Biplane\experiment\transform_snapshots\20260321_100128_587024\20260321_100128_587024_2_LinearTransform_1.h5,1,LinearTransform_2,D:\CodingHHW\Biplane\experiment\transform_snapshots\20260321_100128_587024\20260321_100128_587024_3_LinearTransform_2.h5,1,3,1,0.967370839,0.967370839,4.05E-14,1,1,1.092852209,1.092852209,8.88E-15,0,0,1.202643921,1.202643921,7.64E-14,1,1,NA,NA,NA,NA,NA,NA,NA,NA,NA,NA,NA,NA,NA,NA,NA,NA,NA,NA,0.040469466,1,0,0,0,30,0.036143521,0,0,0,0,30,0.049800716,1,0,0,0,30,542.146,539.034,565.448,9.907,554.428,28.646,30.876,3.109,2.964,2.318,0.652,0.482
2026-03-21T10:01:59+08:00,20260321_100159_769088,D:\CodingHHW\Biplane\experiment\experiment_results.csv,CTChest,orthographic,Current mode: Orthographic,1,0,1,1,1,1,16.17,0.4,15.89,0.36,0.2,0,0.36 mm,0.20 px,0.00 mm,testPoint,TargetP3D,blackCenter2,PointGreen,PointRed,PointGreen,testPoint,30,1,1,0,1,2.755,90.162,-138.8507233,69.94340141,72.36027404,86.33171209,76.21179585,0,6,10,D:\CodingHHW\Biplane\experiment\transform_snapshots\20260321_100159_769088,LinearTransform,D:\CodingHHW\Biplane\experiment\transform_snapshots\20260321_100159_769088\20260321_100159_769088_1_LinearTransform.h5,1,LinearTransform_1,D:\CodingHHW\Biplane\experiment\transform_snapshots\20260321_100159_769088\20260321_100159_769088_2_LinearTransform_1.h5,1,LinearTransform_2,D:\CodingHHW\Biplane\experiment\transform_snapshots\20260321_100159_769088\20260321_100159_769088_3_LinearTransform_2.h5,1,3,1,0.621888209,0.621888209,2.11E-15,1,1,0.750113245,0.750113245,9.88E-15,1,1,0.677973274,0.677973274,3.11E-15,0,0,NA,NA,NA,NA,NA,NA,NA,NA,NA,NA,NA,NA,NA,NA,NA,NA,NA,NA,0.057557517,1,0,0,0,30,0.069662341,0,0,0,0,30,0.065050343,0,0,0,0,30,437.053,450.907,444.56,9.869,551.939,29.035,30.876,2.981,3.235,2.466,0.698,0.501
2026-03-21T10:03:29+08:00,20260321_100329_168983,D:\CodingHHW\Biplane\experiment\experiment_results.csv,CTChest,orthographic,Current mode: Orthographic,1,0,1,1,1,1,16.17,0.4,15.89,0.1,0.22,0,0.10 mm,0.22 px,0.00 mm,testPoint,TargetP3D,blackCenter2,PointGreen,PointRed,PointGreen,testPoint,30,1,1,0,1,2.755,90.162,-138.8507233,69.94340141,72.36027404,86.33171209,76.21179585,0,6,10,D:\CodingHHW\Biplane\experiment\transform_snapshots\20260321_100329_168983,LinearTransform,D:\CodingHHW\Biplane\experiment\transform_snapshots\20260321_100329_168983\20260321_100329_168983_1_LinearTransform.h5,1,LinearTransform_1,D:\CodingHHW\Biplane\experiment\transform_snapshots\20260321_100329_168983\20260321_100329_168983_2_LinearTransform_1.h5,1,LinearTransform_2,D:\CodingHHW\Biplane\experiment\transform_snapshots\20260321_100329_168983\20260321_100329_168983_3_LinearTransform_2.h5,1,3,1,0.709606655,0.709606655,5.55E-15,1,1,0.860690245,0.860690245,6.82E-14,0,0,0.756161537,0.756161537,1.62E-14,1,1,NA,NA,NA,NA,NA,NA,NA,NA,NA,NA,NA,NA,NA,NA,NA,NA,NA,NA,0.075435383,0,1,0,0,30,0.067038371,1,0,0,0,30,0.040410392,0,1,0,0,30,557.556,536.451,494.842,11.08,551.085,29.697,30.876,2.99,3.245,2.152,0.607,0.809
2026-03-21T10:03:59+08:00,20260321_100359_698720,D:\CodingHHW\Biplane\experiment\experiment_results.csv,CTChest,orthographic,Current mode: Orthographic,1,0,1,1,1,1,16.17,0.4,15.89,0.08,0.19,0,0.08 mm,0.19 px,0.00 mm,testPoint,TargetP3D,blackCenter2,PointGreen,PointRed,PointGreen,testPoint,30,1,1,0,1,2.755,90.162,-138.8507233,69.94340141,72.36027404,86.33171209,76.21179585,0,6,10,D:\CodingHHW\Biplane\experiment\transform_snapshots\20260321_100359_698720,LinearTransform,D:\CodingHHW\Biplane\experiment\transform_snapshots\20260321_100359_698720\20260321_100359_698720_1_LinearTransform.h5,1,LinearTransform_1,D:\CodingHHW\Biplane\experiment\transform_snapshots\20260321_100359_698720\20260321_100359_698720_2_LinearTransform_1.h5,1,LinearTransform_2,D:\CodingHHW\Biplane\experiment\transform_snapshots\20260321_100359_698720\20260321_100359_698720_3_LinearTransform_2.h5,1,3,1,0.701864994,0.701864994,2.52E-14,1,1,0.850363566,0.850363566,1.11E-16,1,1,0.6876369,0.6876369,2.14E-14,0,0,NA,NA,NA,NA,NA,NA,NA,NA,NA,NA,NA,NA,NA,NA,NA,NA,NA,NA,0.051314196,1,0,0,0,30,0.044244269,1,1,0,0,30,0.070875343,1,0,0,0,30,493.413,480.147,532.364,10.481,556.188,29.366,30.876,3.054,3.07,2.561,0.511,0.587
2026-03-21T10:04:43+08:00,20260321_100443_048018,D:\CodingHHW\Biplane\experiment\experiment_results.csv,CTChest,orthographic,Current mode: Orthographic,1,0,1,1,1,1,16.17,0.4,15.89,0.17,0.13,0,0.17 mm,0.13 px,0.00 mm,testPoint,TargetP3D,blackCenter2,PointGreen,PointRed,PointGreen,testPoint,30,1,1,0,1,2.755,90.162,-138.8507233,69.94340141,72.36027404,86.33171209,76.21179585,0,6,10,D:\CodingHHW\Biplane\experiment\transform_snapshots\20260321_100443_048018,LinearTransform,D:\CodingHHW\Biplane\experiment\transform_snapshots\20260321_100443_048018\20260321_100443_048018_1_LinearTransform.h5,1,LinearTransform_1,D:\CodingHHW\Biplane\experiment\transform_snapshots\20260321_100443_048018\20260321_100443_048018_2_LinearTransform_1.h5,1,LinearTransform_2,D:\CodingHHW\Biplane\experiment\transform_snapshots\20260321_100443_048018\20260321_100443_048018_3_LinearTransform_2.h5,1,3,1,0.920502694,0.920502694,2.19E-14,0,0,1.089976251,1.089976251,8.22E-15,0,0,1.130449155,1.130449155,1.02E-13,1,1,NA,NA,NA,NA,NA,NA,NA,NA,NA,NA,NA,NA,NA,NA,NA,NA,NA,NA,0.026377527,1,0,0,0,30,0.045362844,0,0,0,0,30,0.068657763,0,0,0,0,30,637.834,529.241,522.029,9.719,555.175,29.136,30.876,3.316,2.863,2.046,0.643,0.636
2026-03-21T10:13:45+08:00,20260321_101345_693148,D:\CodingHHW\Biplane\experiment\experiment_results.csv,CTChest,orthographic,Current mode: Orthographic,1,0,1,1,1,1,16.17,0.4,15.89,0.22,0.16,0,0.22 mm,0.16 px,0.00 mm,testPoint,TargetP3D,blackCenter2,PointGreen,PointRed,PointGreen,testPoint,30,1,1,0,1,-141.1487427,-53.01185989,-92.40821838,241.0864704,253.562404,268.6024673,254.4171139,0,6,10,D:\CodingHHW\Biplane\experiment\transform_snapshots\20260321_101345_693148,LinearTransform,D:\CodingHHW\Biplane\experiment\transform_snapshots\20260321_101345_693148\20260321_101345_693148_1_LinearTransform.h5,1,LinearTransform_1,D:\CodingHHW\Biplane\experiment\transform_snapshots\20260321_101345_693148\20260321_101345_693148_2_LinearTransform_1.h5,1,LinearTransform_2,D:\CodingHHW\Biplane\experiment\transform_snapshots\20260321_101345_693148\20260321_101345_693148_3_LinearTransform_2.h5,1,3,1,1.016544096,1.016544096,2.13E-14,1,1,1.012176269,1.012176269,2.08E-13,1,1,0.964592619,0.964592619,6.22E-15,1,1,NA,NA,NA,NA,NA,NA,NA,NA,NA,NA,NA,NA,NA,NA,NA,NA,NA,NA,0.068806406,1,1,0,0,30,0.066502798,1,1,0,0,30,0.058133582,0,0,0,0,30,800.408,646.971,559.977,10.101,552.285,29.682,30.876,3.069,3.279,3.601,0.562,0.505
2026-03-21T10:15:12+08:00,20260321_101512_455063,D:\CodingHHW\Biplane\experiment\experiment_results.csv,CTChest,orthographic,Current mode: Orthographic,1,0,1,1,1,1,16.17,0.4,15.89,0.65,0.09,0,0.65 mm,0.09 px,0.00 mm,testPoint,TargetP3D,blackCenter2,PointGreen,PointRed,PointGreen,testPoint,30,1,1,0,1,-141.1487427,-53.01185989,-92.40821838,241.0864704,253.562404,268.6024673,254.4171139,0,6,10,D:\CodingHHW\Biplane\experiment\transform_snapshots\20260321_101512_455063,LinearTransform,D:\CodingHHW\Biplane\experiment\transform_snapshots\20260321_101512_455063\20260321_101512_455063_1_LinearTransform.h5,1,LinearTransform_1,D:\CodingHHW\Biplane\experiment\transform_snapshots\20260321_101512_455063\20260321_101512_455063_2_LinearTransform_1.h5,1,LinearTransform_2,D:\CodingHHW\Biplane\experiment\transform_snapshots\20260321_101512_455063\20260321_101512_455063_3_LinearTransform_2.h5,1,3,1,0.842177141,0.842177141,2.81E-14,1,1,0.934749338,0.934749338,8.66E-15,0,0,0.830065944,0.830065944,3.15E-14,1,1,NA,NA,NA,NA,NA,NA,NA,NA,NA,NA,NA,NA,NA,NA,NA,NA,NA,NA,0.060631403,0,0,0,0,30,0.059369218,1,1,0,0,30,0.059400557,0,1,0,0,30,514.25,623.723,590.924,10.074,554.542,28.977,30.876,2.99,3.009,2.22,0.691,0.498
2026-03-21T10:15:51+08:00,20260321_101551_850213,D:\CodingHHW\Biplane\experiment\experiment_results.csv,CTChest,orthographic,Current mode: Orthographic,1,0,1,1,1,1,16.17,0.4,15.89,0.42,0.55,0,0.42 mm,0.55 px,0.00 mm,testPoint,TargetP3D,blackCenter2,PointGreen,PointRed,PointGreen,testPoint,30,1,1,0,1,-141.1487427,-53.01185989,-92.40821838,241.0864704,253.562404,268.6024673,254.4171139,0,6,10,D:\CodingHHW\Biplane\experiment\transform_snapshots\20260321_101551_850213,LinearTransform,D:\CodingHHW\Biplane\experiment\transform_snapshots\20260321_101551_850213\20260321_101551_850213_1_LinearTransform.h5,1,LinearTransform_1,D:\CodingHHW\Biplane\experiment\transform_snapshots\20260321_101551_850213\20260321_101551_850213_2_LinearTransform_1.h5,1,LinearTransform_2,D:\CodingHHW\Biplane\experiment\transform_snapshots\20260321_101551_850213\20260321_101551_850213_3_LinearTransform_2.h5,1,3,1,1.202865237,1.202865237,7.99E-15,0,0,1.390281351,1.390281351,9.55E-15,1,1,1.419997116,1.419997116,1.40E-13,1,1,NA,NA,NA,NA,NA,NA,NA,NA,NA,NA,NA,NA,NA,NA,NA,NA,NA,NA,0.06396752,0,1,0,0,30,0.041986347,1,1,0,0,30,0.064453575,1,1,0,0,30,590.999,590.265,583.488,10.027,550.764,29.126,30.876,3.25,3.278,2.068,0.665,0.496
2026-03-21T10:16:27+08:00,20260321_101627_253948,D:\CodingHHW\Biplane\experiment\experiment_results.csv,CTChest,orthographic,Current mode: Orthographic,1,0,1,1,1,1,16.17,0.4,15.89,0.39,0.37,0,0.39 mm,0.37 px,0.00 mm,testPoint,TargetP3D,blackCenter2,PointGreen,PointRed,PointGreen,testPoint,30,1,1,0,1,-141.1487427,-53.01185989,-92.40821838,241.0864704,253.562404,268.6024673,254.4171139,0,6,10,D:\CodingHHW\Biplane\experiment\transform_snapshots\20260321_101627_253948,LinearTransform,D:\CodingHHW\Biplane\experiment\transform_snapshots\20260321_101627_253948\20260321_101627_253948_1_LinearTransform.h5,1,LinearTransform_1,D:\CodingHHW\Biplane\experiment\transform_snapshots\20260321_101627_253948\20260321_101627_253948_2_LinearTransform_1.h5,1,LinearTransform_2,D:\CodingHHW\Biplane\experiment\transform_snapshots\20260321_101627_253948\20260321_101627_253948_3_LinearTransform_2.h5,1,3,1,1.339157897,1.339157897,2.38E-14,1,1,1.823790765,1.823790765,4.22E-14,1,1,1.730439243,1.730439243,3.42E-14,1,1,NA,NA,NA,NA,NA,NA,NA,NA,NA,NA,NA,NA,NA,NA,NA,NA,NA,NA,0.038278262,0,1,0,0,30,0.03925568,0,0,0,0,30,0.035515188,1,1,0,0,30,595.482,624.294,648.677,10.027,549.283,29.778,30.876,3.382,3.282,2.671,0.542,0.702
2026-03-21T10:17:51+08:00,20260321_101751_762430,D:\CodingHHW\Biplane\experiment\experiment_results.csv,CTChest,orthographic,Current mode: Orthographic,1,0,1,1,1,1,16.17,0.4,15.89,0.13,0.12,0,0.13 mm,0.12 px,0.00 mm,testPoint,TargetP3D,blackCenter2,PointGreen,PointRed,PointGreen,testPoint,30,1,1,0,1,-141.1487427,-53.01185989,-92.40821838,241.0864704,253.562404,268.6024673,254.4171139,0,6,10,D:\CodingHHW\Biplane\experiment\transform_snapshots\20260321_101751_762430,LinearTransform,D:\CodingHHW\Biplane\experiment\transform_snapshots\20260321_101751_762430\20260321_101751_762430_1_LinearTransform.h5,1,LinearTransform_1,D:\CodingHHW\Biplane\experiment\transform_snapshots\20260321_101751_762430\20260321_101751_762430_2_LinearTransform_1.h5,1,LinearTransform_2,D:\CodingHHW\Biplane\experiment\transform_snapshots\20260321_101751_762430\20260321_101751_762430_3_LinearTransform_2.h5,1,3,1,1.159581343,1.159581343,5.26E-14,0,0,1.221792722,1.221792722,3.33E-15,0,0,1.223295823,1.223295823,6.22E-15,1,1,NA,NA,NA,NA,NA,NA,NA,NA,NA,NA,NA,NA,NA,NA,NA,NA,NA,NA,0.033942977,1,0,0,0,30,0.049489922,1,0,0,0,30,0.05382811,1,0,0,0,30,617.282,710.29,580.489,9.85,553.273,30.386,30.876,3.354,3.013,2.02,0.559,0.592
2026-03-21T10:18:47+08:00,20260321_101847_166270,D:\CodingHHW\Biplane\experiment\experiment_results.csv,CTChest,orthographic,Current mode: Orthographic,1,0,1,1,1,1,16.17,0.4,15.89,0.18,0.56,0,0.18 mm,0.56 px,0.00 mm,testPoint,TargetP3D,blackCenter2,PointGreen,PointRed,PointGreen,testPoint,30,1,1,0,1,-141.1487427,-53.01185989,-92.40821838,241.0864704,253.562404,268.6024673,254.4171139,0,6,10,D:\CodingHHW\Biplane\experiment\transform_snapshots\20260321_101847_166270,LinearTransform,D:\CodingHHW\Biplane\experiment\transform_snapshots\20260321_101847_166270\20260321_101847_166270_1_LinearTransform.h5,1,LinearTransform_1,D:\CodingHHW\Biplane\experiment\transform_snapshots\20260321_101847_166270\20260321_101847_166270_2_LinearTransform_1.h5,1,LinearTransform_2,D:\CodingHHW\Biplane\experiment\transform_snapshots\20260321_101847_166270\20260321_101847_166270_3_LinearTransform_2.h5,1,3,1,1.021344424,1.021344424,9.55E-15,0,0,1.115265999,1.115265999,2.22E-15,1,1,1.047900966,1.047900966,2.38E-12,0,0,NA,NA,NA,NA,NA,NA,NA,NA,NA,NA,NA,NA,NA,NA,NA,NA,NA,NA,0.029856755,1,0,0,0,30,0.051207061,0,1,0,0,30,0.042961245,1,1,0,0,30,584.476,534.84,553.347,9.618,553.83,29.72,30.876,3.242,4.51,2.231,0.742,0.604
2026-03-21T10:19:18+08:00,20260321_101918_705381,D:\CodingHHW\Biplane\experiment\experiment_results.csv,CTChest,orthographic,Current mode: Orthographic,1,0,1,1,1,1,16.17,0.4,15.89,0.83,0.2,0,0.83 mm,0.20 px,0.00 mm,testPoint,TargetP3D,blackCenter2,PointGreen,PointRed,PointGreen,testPoint,30,1,1,0,1,-141.1487427,-53.01185989,-92.40821838,241.0864704,253.562404,268.6024673,254.4171139,0,6,10,D:\CodingHHW\Biplane\experiment\transform_snapshots\20260321_101918_705381,LinearTransform,D:\CodingHHW\Biplane\experiment\transform_snapshots\20260321_101918_705381\20260321_101918_705381_1_LinearTransform.h5,1,LinearTransform_1,D:\CodingHHW\Biplane\experiment\transform_snapshots\20260321_101918_705381\20260321_101918_705381_2_LinearTransform_1.h5,1,LinearTransform_2,D:\CodingHHW\Biplane\experiment\transform_snapshots\20260321_101918_705381\20260321_101918_705381_3_LinearTransform_2.h5,1,3,1,1.046151307,1.046151307,3.31E-14,1,1,1.079082782,1.079082782,1.02E-14,0,0,1.079194706,1.079194706,1.78E-15,1,1,NA,NA,NA,NA,NA,NA,NA,NA,NA,NA,NA,NA,NA,NA,NA,NA,NA,NA,0.064282048,1,1,0,0,30,0.056722467,1,0,0,0,30,0.033861447,0,1,0,0,30,623.366,566.442,544.826,9.795,554.963,29.227,30.876,2.985,3.647,2.162,0.546,0.744
2026-03-21T10:20:56+08:00,20260321_102056_321219,D:\CodingHHW\Biplane\experiment\experiment_results.csv,CTChest,perspective,Current mode: Perspective,1,1,0,1,1,1,16.17,0.4,15.89,0.4,0.36,0,0.40 mm,0.36 px,0.00 mm,testPoint,TargetP3D,blackCenter2,PointGreen,PointRed,PointGreen,testPoint,30,0,1,0,1,-141.1487427,-53.01185989,-92.40821838,241.0864704,253.562404,268.6024673,254.4171139,0,6,10,D:\CodingHHW\Biplane\experiment\transform_snapshots\20260321_102056_321219,LinearTransform,D:\CodingHHW\Biplane\experiment\transform_snapshots\20260321_102056_321219\20260321_102056_321219_1_LinearTransform.h5,1,LinearTransform_1,D:\CodingHHW\Biplane\experiment\transform_snapshots\20260321_102056_321219\20260321_102056_321219_2_LinearTransform_1.h5,1,LinearTransform_2,D:\CodingHHW\Biplane\experiment\transform_snapshots\20260321_102056_321219\20260321_102056_321219_3_LinearTransform_2.h5,1,3,1,0.042856531,0.042856531,6.52E-15,0,0,0.071871184,0.071871184,5.23E-14,0,0,0.057845774,0.057845774,6.74E-13,0,0,0.042641587,0,0,0,0,30,0.068745447,0,0,0,0,30,0.057340272,1,0,0,0,30,NA,NA,NA,NA,NA,NA,NA,NA,NA,NA,NA,NA,NA,NA,NA,NA,NA,NA,534.387,496.555,483.342,9.819,583.143,59.076,30.905,3.399,2.974,2.008,0.707,0.478
2026-03-21T10:21:30+08:00,20260321_102130_705767,D:\CodingHHW\Biplane\experiment\experiment_results.csv,CTChest,perspective,Current mode: Perspective,1,1,0,1,1,1,16.17,0.4,15.89,0.39,0.18,0,0.39 mm,0.18 px,0.00 mm,testPoint,TargetP3D,blackCenter2,PointGreen,PointRed,PointGreen,testPoint,30,0,1,0,1,-141.1487427,-53.01185989,-92.40821838,241.0864704,253.562404,268.6024673,254.4171139,0,6,10,D:\CodingHHW\Biplane\experiment\transform_snapshots\20260321_102130_705767,LinearTransform,D:\CodingHHW\Biplane\experiment\transform_snapshots\20260321_102130_705767\20260321_102130_705767_1_LinearTransform.h5,1,LinearTransform_1,D:\CodingHHW\Biplane\experiment\transform_snapshots\20260321_102130_705767\20260321_102130_705767_2_LinearTransform_1.h5,1,LinearTransform_2,D:\CodingHHW\Biplane\experiment\transform_snapshots\20260321_102130_705767\20260321_102130_705767_3_LinearTransform_2.h5,1,3,1,0.056452115,0.056452115,9.30E-13,0,0,0.074172118,0.074172118,7.36E-14,1,1,0.056659965,0.056659965,3.52E-14,1,1,0.054389891,0,0,0,0,30,0.07158039,0,1,0,0,30,0.055633223,1,0,0,0,30,NA,NA,NA,NA,NA,NA,NA,NA,NA,NA,NA,NA,NA,NA,NA,NA,NA,NA,468.359,511.052,491.546,9.896,585.852,58.533,31.545,3.399,2.986,2.483,0.636,0.518
2026-03-21T10:22:01+08:00,20260321_102201_893226,D:\CodingHHW\Biplane\experiment\experiment_results.csv,CTChest,perspective,Current mode: Perspective,1,1,0,1,1,1,16.17,0.4,15.89,0.56,0.32,0,0.56 mm,0.32 px,0.00 mm,testPoint,TargetP3D,blackCenter2,PointGreen,PointRed,PointGreen,testPoint,30,0,1,0,1,-141.1487427,-53.01185989,-92.40821838,241.0864704,253.562404,268.6024673,254.4171139,0,6,10,D:\CodingHHW\Biplane\experiment\transform_snapshots\20260321_102201_893226,LinearTransform,D:\CodingHHW\Biplane\experiment\transform_snapshots\20260321_102201_893226\20260321_102201_893226_1_LinearTransform.h5,1,LinearTransform_1,D:\CodingHHW\Biplane\experiment\transform_snapshots\20260321_102201_893226\20260321_102201_893226_2_LinearTransform_1.h5,1,LinearTransform_2,D:\CodingHHW\Biplane\experiment\transform_snapshots\20260321_102201_893226\20260321_102201_893226_3_LinearTransform_2.h5,1,3,1,0.048527186,0.048527186,5.34E-14,1,1,0.072132471,0.072132471,1.33E-14,0,0,0.076349518,0.076349518,2.01E-13,0,0,0.044560561,0,1,0,0,30,0.071737907,1,1,0,0,30,0.073759354,0,0,0,0,30,NA,NA,NA,NA,NA,NA,NA,NA,NA,NA,NA,NA,NA,NA,NA,NA,NA,NA,548.326,526.557,479.353,9.926,587.149,58.275,31.728,3.399,3.682,2.176,0.581,0.664
2026-03-21T10:22:38+08:00,20260321_102238_719223,D:\CodingHHW\Biplane\experiment\experiment_results.csv,CTChest,perspective,Current mode: Perspective,1,1,0,1,1,1,16.17,0.4,15.89,0.53,0.13,0,0.53 mm,0.13 px,0.00 mm,testPoint,TargetP3D,blackCenter2,PointGreen,PointRed,PointGreen,testPoint,30,0,1,0,1,-141.1487427,-53.01185989,-92.40821838,241.0864704,253.562404,268.6024673,254.4171139,0,6,10,D:\CodingHHW\Biplane\experiment\transform_snapshots\20260321_102238_719223,LinearTransform,D:\CodingHHW\Biplane\experiment\transform_snapshots\20260321_102238_719223\20260321_102238_719223_1_LinearTransform.h5,1,LinearTransform_1,D:\CodingHHW\Biplane\experiment\transform_snapshots\20260321_102238_719223\20260321_102238_719223_2_LinearTransform_1.h5,1,LinearTransform_2,D:\CodingHHW\Biplane\experiment\transform_snapshots\20260321_102238_719223\20260321_102238_719223_3_LinearTransform_2.h5,1,3,1,0.04293736,0.04293736,1.94E-11,0,0,0.049024668,0.049024668,4.86E-14,0,0,0.083060479,0.083060479,4.78E-14,1,1,0.041714508,0,0,0,0,30,0.047533379,0,1,0,0,30,0.081458695,1,1,0,0,30,NA,NA,NA,NA,NA,NA,NA,NA,NA,NA,NA,NA,NA,NA,NA,NA,NA,NA,551.488,496.134,458.192,9.48,582.407,59.813,32.063,3.399,3.181,2.389,0.543,0.546
2026-03-21T10:25:24+08:00,20260321_102524_456282,D:\CodingHHW\Biplane\experiment\experiment_results.csv,CTChest,perspective,Current mode: Perspective,1,1,0,1,1,1,16.17,0.4,15.89,0.89,0.14,0,0.89 mm,0.14 px,0.00 mm,testPoint,TargetP3D,blackCenter2,PointGreen,PointRed,PointGreen,testPoint,30,0,1,0,1,-141.1487427,-53.01185989,-92.40821838,241.0864704,253.562404,268.6024673,254.4171139,0,6,10,D:\CodingHHW\Biplane\experiment\transform_snapshots\20260321_102524_456282,LinearTransform,D:\CodingHHW\Biplane\experiment\transform_snapshots\20260321_102524_456282\20260321_102524_456282_1_LinearTransform.h5,1,LinearTransform_1,D:\CodingHHW\Biplane\experiment\transform_snapshots\20260321_102524_456282\20260321_102524_456282_2_LinearTransform_1.h5,1,LinearTransform_2,D:\CodingHHW\Biplane\experiment\transform_snapshots\20260321_102524_456282\20260321_102524_456282_3_LinearTransform_2.h5,1,3,1,0.024908108,0.024908108,1.55E-13,0,0,0.049536661,0.049536661,1.80E-14,1,1,0.048967372,0.048967372,3.67E-13,0,0,0.024587974,0,0,0,0,30,0.048808843,1,0,0,0,30,0.045515854,1,1,0,0,30,NA,NA,NA,NA,NA,NA,NA,NA,NA,NA,NA,NA,NA,NA,NA,NA,NA,NA,559.22,575.017,564.345,9.623,580.468,60.038,33.168,3.399,2.978,2.084,0.546,0.504
2026-03-21T10:26:03+08:00,20260321_102603_115528,D:\CodingHHW\Biplane\experiment\experiment_results.csv,CTChest,perspective,Current mode: Perspective,1,1,0,1,1,1,16.17,0.4,15.89,0.14,0.37,0,0.14 mm,0.37 px,0.00 mm,testPoint,TargetP3D,blackCenter2,PointGreen,PointRed,PointGreen,testPoint,30,0,1,0,1,-141.1487427,-53.01185989,-92.40821838,241.0864704,253.562404,268.6024673,254.4171139,0,6,10,D:\CodingHHW\Biplane\experiment\transform_snapshots\20260321_102603_115528,LinearTransform,D:\CodingHHW\Biplane\experiment\transform_snapshots\20260321_102603_115528\20260321_102603_115528_1_LinearTransform.h5,1,LinearTransform_1,D:\CodingHHW\Biplane\experiment\transform_snapshots\20260321_102603_115528\20260321_102603_115528_2_LinearTransform_1.h5,1,LinearTransform_2,D:\CodingHHW\Biplane\experiment\transform_snapshots\20260321_102603_115528\20260321_102603_115528_3_LinearTransform_2.h5,1,3,1,0.049388746,0.049388746,1.65E-12,0,0,0.071631391,0.071631391,2.03E-14,0,0,0.048854674,0.048854674,6.13E-15,0,0,0.043516738,0,1,0,0,30,0.070602132,1,1,0,0,30,0.048599806,0,0,0,0,30,NA,NA,NA,NA,NA,NA,NA,NA,NA,NA,NA,NA,NA,NA,NA,NA,NA,NA,523.899,594.414,619.576,9.726,586.186,58.567,32.406,3.399,3.021,2.506,0.697,0.773
2026-03-21T10:26:51+08:00,20260321_102651_634285,D:\CodingHHW\Biplane\experiment\experiment_results.csv,CTChest,perspective,Current mode: Perspective,1,1,0,1,1,1,16.17,0.4,15.89,0.47,0.46,0,0.47 mm,0.46 px,0.00 mm,testPoint,TargetP3D,blackCenter2,PointGreen,PointRed,PointGreen,testPoint,30,0,1,0,1,-141.1487427,-53.01185989,-92.40821838,241.0864704,253.562404,268.6024673,254.4171139,0,6,10,D:\CodingHHW\Biplane\experiment\transform_snapshots\20260321_102651_634285,LinearTransform,D:\CodingHHW\Biplane\experiment\transform_snapshots\20260321_102651_634285\20260321_102651_634285_1_LinearTransform.h5,1,LinearTransform_1,D:\CodingHHW\Biplane\experiment\transform_snapshots\20260321_102651_634285\20260321_102651_634285_2_LinearTransform_1.h5,1,LinearTransform_2,D:\CodingHHW\Biplane\experiment\transform_snapshots\20260321_102651_634285\20260321_102651_634285_3_LinearTransform_2.h5,1,3,1,0.062505015,0.062505015,2.99E-14,1,1,0.06759895,0.06759895,5.92E-14,1,1,0.045530314,0.045530314,2.67E-13,1,1,0.054472912,1,1,0,0,30,0.063123724,0,1,0,0,30,0.044551356,1,0,0,0,30,NA,NA,NA,NA,NA,NA,NA,NA,NA,NA,NA,NA,NA,NA,NA,NA,NA,NA,540.027,581.674,600.696,9.776,583.506,60.362,33.508,3.399,3.031,2.004,0.549,0.538
2026-03-21T10:34:27+08:00,20260321_103427_337422,D:\CodingHHW\Biplane\experiment\experiment_results.csv,CTChest,perspective,Current mode: Perspective,1,1,0,1,1,1,46.99,43.1,67.87,0.24,0.26,0,0.24 mm,0.26 px,0.00 mm,testPoint,TargetP3D,blackCenter2,PointGreen,PointRed,PointGreen,testPoint,30,0,1,0,1,-141.149,-53.012,-92.40821838,241.0867079,257.7181863,273.5691102,257.4580015,0,6,10,D:\CodingHHW\Biplane\experiment\transform_snapshots\20260321_103427_337422,LinearTransform,D:\CodingHHW\Biplane\experiment\transform_snapshots\20260321_103427_337422\20260321_103427_337422_1_LinearTransform.h5,1,LinearTransform_1,D:\CodingHHW\Biplane\experiment\transform_snapshots\20260321_103427_337422\20260321_103427_337422_2_LinearTransform_1.h5,1,LinearTransform_2,D:\CodingHHW\Biplane\experiment\transform_snapshots\20260321_103427_337422\20260321_103427_337422_3_LinearTransform_2.h5,1,3,1,0.077911272,0.077911272,2.85E-14,0,0,0.055747219,0.055747219,1.47E-14,1,1,0.062187592,0.062187592,9.75E-14,0,0,0.074096952,1,1,0,0,30,0.05497368,1,1,0,0,30,0.061658936,0,1,0,0,30,NA,NA,NA,NA,NA,NA,NA,NA,NA,NA,NA,NA,NA,NA,NA,NA,NA,NA,502.538,506.669,532.652,10.076,588.784,56.362,29.782,3.399,3.112,2.041,0.721,0.563
2026-03-21T10:35:16+08:00,20260321_103516_275030,D:\CodingHHW\Biplane\experiment\experiment_results.csv,CTChest,perspective,Current mode: Perspective,1,1,0,1,1,1,46.99,43.1,67.87,0.25,0.24,0,0.25 mm,0.24 px,0.00 mm,testPoint,TargetP3D,blackCenter2,PointGreen,PointRed,PointGreen,testPoint,30,0,1,0,1,-141.149,-53.012,-92.40821838,241.0867079,257.7181863,273.5691102,257.4580015,0,6,10,D:\CodingHHW\Biplane\experiment\transform_snapshots\20260321_103516_275030,LinearTransform,D:\CodingHHW\Biplane\experiment\transform_snapshots\20260321_103516_275030\20260321_103516_275030_1_LinearTransform.h5,1,LinearTransform_1,D:\CodingHHW\Biplane\experiment\transform_snapshots\20260321_103516_275030\20260321_103516_275030_2_LinearTransform_1.h5,1,LinearTransform_2,D:\CodingHHW\Biplane\experiment\transform_snapshots\20260321_103516_275030\20260321_103516_275030_3_LinearTransform_2.h5,1,3,1,0.053438675,0.053438675,3.88E-14,1,1,0.066684229,0.066684229,2.93E-14,1,1,0.055350902,0.055350902,6.50E-13,1,1,0.044579061,0,1,0,0,30,0.065205699,0,1,0,0,30,0.053803249,0,0,0,0,30,NA,NA,NA,NA,NA,NA,NA,NA,NA,NA,NA,NA,NA,NA,NA,NA,NA,NA,518.331,539.81,434.648,10.74,597.164,57.15,29.642,3.399,3.147,2.086,0.598,0.495
2026-03-21T10:35:55+08:00,20260321_103555_454200,D:\CodingHHW\Biplane\experiment\experiment_results.csv,CTChest,perspective,Current mode: Perspective,1,1,0,1,1,1,46.99,43.1,67.87,0.16,0.08,0,0.16 mm,0.08 px,0.00 mm,testPoint,TargetP3D,blackCenter2,PointGreen,PointRed,PointGreen,testPoint,30,0,1,0,1,-141.149,-53.012,-92.40821838,241.0867079,257.7181863,273.5691102,257.4580015,0,6,10,D:\CodingHHW\Biplane\experiment\transform_snapshots\20260321_103555_454200,LinearTransform,D:\CodingHHW\Biplane\experiment\transform_snapshots\20260321_103555_454200\20260321_103555_454200_1_LinearTransform.h5,1,LinearTransform_1,D:\CodingHHW\Biplane\experiment\transform_snapshots\20260321_103555_454200\20260321_103555_454200_2_LinearTransform_1.h5,1,LinearTransform_2,D:\CodingHHW\Biplane\experiment\transform_snapshots\20260321_103555_454200\20260321_103555_454200_3_LinearTransform_2.h5,1,3,1,0.067592864,0.067592864,1.75E-14,0,0,0.068065463,0.068065463,1.70E-13,0,0,0.058664557,0.058664557,3.04E-13,1,1,0.066647929,1,0,0,0,30,0.064850988,1,0,0,0,30,0.057175348,0,1,0,0,30,NA,NA,NA,NA,NA,NA,NA,NA,NA,NA,NA,NA,NA,NA,NA,NA,NA,NA,573.668,635.597,448.103,10.619,594.199,59.519,30.748,3.399,3.371,2.455,0.518,0.537
2026-03-21T10:36:46+08:00,20260321_103646_449904,D:\CodingHHW\Biplane\experiment\experiment_results.csv,CTChest,perspective,Current mode: Perspective,1,1,0,1,1,1,46.99,43.1,67.87,0.35,0.06,0,0.35 mm,0.06 px,0.00 mm,testPoint,TargetP3D,blackCenter2,PointGreen,PointRed,PointGreen,testPoint,30,0,1,0,1,-141.149,-53.012,-92.40821838,241.0867079,257.7181863,273.5691102,257.4580015,0,6,10,D:\CodingHHW\Biplane\experiment\transform_snapshots\20260321_103646_449904,LinearTransform,D:\CodingHHW\Biplane\experiment\transform_snapshots\20260321_103646_449904\20260321_103646_449904_1_LinearTransform.h5,1,LinearTransform_1,D:\CodingHHW\Biplane\experiment\transform_snapshots\20260321_103646_449904\20260321_103646_449904_2_LinearTransform_1.h5,1,LinearTransform_2,D:\CodingHHW\Biplane\experiment\transform_snapshots\20260321_103646_449904\20260321_103646_449904_3_LinearTransform_2.h5,1,3,1,0.068503752,0.068503752,1.58E-14,0,0,0.058820781,0.058820781,2.28E-13,0,0,0.068490513,0.068490513,2.57E-13,0,0,0.066689155,1,0,0,0,30,0.057574306,1,0,0,0,30,0.062859291,0,0,0,0,30,NA,NA,NA,NA,NA,NA,NA,NA,NA,NA,NA,NA,NA,NA,NA,NA,NA,NA,645.435,556.286,423.806,10.039,596.583,58.102,30.58,3.399,3.295,2.498,0.552,0.676
2026-03-21T10:37:26+08:00,20260321_103726_218534,D:\CodingHHW\Biplane\experiment\experiment_results.csv,CTChest,perspective,Current mode: Perspective,1,1,0,1,1,1,46.99,43.1,67.87,0.29,0.12,0,0.29 mm,0.12 px,0.00 mm,testPoint,TargetP3D,blackCenter2,PointGreen,PointRed,PointGreen,testPoint,30,0,1,0,1,-141.149,-53.012,-92.40821838,241.0867079,257.7181863,273.5691102,257.4580015,0,6,10,D:\CodingHHW\Biplane\experiment\transform_snapshots\20260321_103726_218534,LinearTransform,D:\CodingHHW\Biplane\experiment\transform_snapshots\20260321_103726_218534\20260321_103726_218534_1_LinearTransform.h5,1,LinearTransform_1,D:\CodingHHW\Biplane\experiment\transform_snapshots\20260321_103726_218534\20260321_103726_218534_2_LinearTransform_1.h5,1,LinearTransform_2,D:\CodingHHW\Biplane\experiment\transform_snapshots\20260321_103726_218534\20260321_103726_218534_3_LinearTransform_2.h5,1,3,1,0.076226384,0.076226384,5.33E-13,0,0,0.050257666,0.050257666,5.63E-14,0,0,0.052901401,0.052901401,9.07E-13,0,0,0.075001217,0,0,0,0,30,0.048129835,1,0,0,0,30,0.048448834,0,1,0,0,30,NA,NA,NA,NA,NA,NA,NA,NA,NA,NA,NA,NA,NA,NA,NA,NA,NA,NA,539.001,587.311,458.595,10.045,589.515,56.026,29.001,3.399,3.013,2.15,0.59,0.686
2026-03-21T10:38:07+08:00,20260321_103807_943441,D:\CodingHHW\Biplane\experiment\experiment_results.csv,CTChest,perspective,Current mode: Perspective,1,1,0,1,1,1,46.99,43.1,67.87,0.35,0.64,0,0.35 mm,0.64 px,0.00 mm,testPoint,TargetP3D,blackCenter2,PointGreen,PointRed,PointGreen,testPoint,30,0,1,0,1,-141.149,-53.012,-92.40821838,241.0867079,257.7181863,273.5691102,257.4580015,0,6,10,D:\CodingHHW\Biplane\experiment\transform_snapshots\20260321_103807_943441,LinearTransform,D:\CodingHHW\Biplane\experiment\transform_snapshots\20260321_103807_943441\20260321_103807_943441_1_LinearTransform.h5,1,LinearTransform_1,D:\CodingHHW\Biplane\experiment\transform_snapshots\20260321_103807_943441\20260321_103807_943441_2_LinearTransform_1.h5,1,LinearTransform_2,D:\CodingHHW\Biplane\experiment\transform_snapshots\20260321_103807_943441\20260321_103807_943441_3_LinearTransform_2.h5,1,3,1,0.065961626,0.065961626,1.31E-13,0,0,0.054938361,0.054938361,2.75E-14,1,1,0.072384462,0.072384462,1.26E-13,0,0,0.063545949,0,0,0,0,30,0.050540524,1,0,0,0,30,0.070978704,1,0,0,0,30,NA,NA,NA,NA,NA,NA,NA,NA,NA,NA,NA,NA,NA,NA,NA,NA,NA,NA,479.56,546.579,449.244,10.37,593.121,55.809,29.281,3.399,3.01,2.425,0.512,0.618
2026-03-21T10:39:53+08:00,20260321_103953_344820,D:\CodingHHW\Biplane\experiment\experiment_results.csv,CTChest,orthographic,Current mode: Orthographic,1,0,1,1,1,1,46.99,43.1,67.87,0.16,0.22,0,0.16 mm,0.22 px,0.00 mm,testPoint,TargetP3D,blackCenter2,PointGreen,PointRed,PointGreen,testPoint,30,1,1,0,1,-141.149,-53.012,-92.40821838,241.0867079,257.7181863,273.5691102,257.4580015,0,6,10,D:\CodingHHW\Biplane\experiment\transform_snapshots\20260321_103953_344820,LinearTransform,D:\CodingHHW\Biplane\experiment\transform_snapshots\20260321_103953_344820\20260321_103953_344820_1_LinearTransform.h5,1,LinearTransform_1,D:\CodingHHW\Biplane\experiment\transform_snapshots\20260321_103953_344820\20260321_103953_344820_2_LinearTransform_1.h5,1,LinearTransform_2,D:\CodingHHW\Biplane\experiment\transform_snapshots\20260321_103953_344820\20260321_103953_344820_3_LinearTransform_2.h5,1,3,1,0.930769449,0.930769449,8.62E-14,0,0,1.363691,1.363691,2.46E-14,0,0,1.149168827,1.149168827,1.65E-12,0,0,NA,NA,NA,NA,NA,NA,NA,NA,NA,NA,NA,NA,NA,NA,NA,NA,NA,NA,0.041488654,0,0,0,0,30,0.040795599,1,0,0,0,30,0.061430364,0,1,0,0,30,636.159,555.499,470.365,10.1,566.748,27.981,29.281,2.689,2.93,2.301,0.518,0.521
2026-03-21T10:40:33+08:00,20260321_104033_741113,D:\CodingHHW\Biplane\experiment\experiment_results.csv,CTChest,orthographic,Current mode: Orthographic,1,0,1,1,1,1,46.99,43.1,67.87,0.1,0.23,0,0.10 mm,0.23 px,0.00 mm,testPoint,TargetP3D,blackCenter2,PointGreen,PointRed,PointGreen,testPoint,30,1,1,0,1,-141.149,-53.012,-92.40821838,241.0867079,257.7181863,273.5691102,257.4580015,0,6,10,D:\CodingHHW\Biplane\experiment\transform_snapshots\20260321_104033_741113,LinearTransform,D:\CodingHHW\Biplane\experiment\transform_snapshots\20260321_104033_741113\20260321_104033_741113_1_LinearTransform.h5,1,LinearTransform_1,D:\CodingHHW\Biplane\experiment\transform_snapshots\20260321_104033_741113\20260321_104033_741113_2_LinearTransform_1.h5,1,LinearTransform_2,D:\CodingHHW\Biplane\experiment\transform_snapshots\20260321_104033_741113\20260321_104033_741113_3_LinearTransform_2.h5,1,3,1,0.95578811,0.95578811,1.02E-14,1,1,1.457117892,1.457117892,1.32E-12,1,1,1.369653003,1.369653003,6.94E-13,0,0,NA,NA,NA,NA,NA,NA,NA,NA,NA,NA,NA,NA,NA,NA,NA,NA,NA,NA,0.048520612,0,1,0,0,30,0.04327934,1,0,0,0,30,0.038416028,0,1,0,0,30,640.565,576.044,503.216,9.6,563.452,30.385,29.281,3.169,3.134,2.109,0.553,0.673
2026-03-21T10:41:19+08:00,20260321_104119_719177,D:\CodingHHW\Biplane\experiment\experiment_results.csv,CTChest,orthographic,Current mode: Orthographic,1,0,1,1,1,1,46.99,43.1,67.87,0.4,0.78,0,0.40 mm,0.78 px,0.00 mm,testPoint,TargetP3D,blackCenter2,PointGreen,PointRed,PointGreen,testPoint,30,1,1,0,1,-141.149,-53.012,-92.40821838,241.0867079,257.7181863,273.5691102,257.4580015,0,6,10,D:\CodingHHW\Biplane\experiment\transform_snapshots\20260321_104119_719177,LinearTransform,D:\CodingHHW\Biplane\experiment\transform_snapshots\20260321_104119_719177\20260321_104119_719177_1_LinearTransform.h5,1,LinearTransform_1,D:\CodingHHW\Biplane\experiment\transform_snapshots\20260321_104119_719177\20260321_104119_719177_2_LinearTransform_1.h5,1,LinearTransform_2,D:\CodingHHW\Biplane\experiment\transform_snapshots\20260321_104119_719177\20260321_104119_719177_3_LinearTransform_2.h5,1,3,1,1.082886828,1.082886828,5.62E-14,0,0,1.498239374,1.498239374,2.44E-14,1,1,1.263719679,1.263719679,2.09E-12,1,1,NA,NA,NA,NA,NA,NA,NA,NA,NA,NA,NA,NA,NA,NA,NA,NA,NA,NA,0.047640088,1,1,0,0,30,0.061666648,1,1,0,0,30,0.059723812,1,1,0,0,30,576.766,672.349,500.071,9.945,563.25,29.86,29.281,3.284,3.232,2.051,0.517,0.496
2026-03-21T10:42:06+08:00,20260321_104206_212466,D:\CodingHHW\Biplane\experiment\experiment_results.csv,CTChest,orthographic,Current mode: Orthographic,1,0,1,1,1,1,46.99,43.1,67.87,0.28,0.05,0,0.28 mm,0.05 px,0.00 mm,testPoint,TargetP3D,blackCenter2,PointGreen,PointRed,PointGreen,testPoint,30,1,1,0,1,-141.149,-53.012,-92.40821838,241.0867079,257.7181863,273.5691102,257.4580015,0,6,10,D:\CodingHHW\Biplane\experiment\transform_snapshots\20260321_104206_212466,LinearTransform,D:\CodingHHW\Biplane\experiment\transform_snapshots\20260321_104206_212466\20260321_104206_212466_1_LinearTransform.h5,1,LinearTransform_1,D:\CodingHHW\Biplane\experiment\transform_snapshots\20260321_104206_212466\20260321_104206_212466_2_LinearTransform_1.h5,1,LinearTransform_2,D:\CodingHHW\Biplane\experiment\transform_snapshots\20260321_104206_212466\20260321_104206_212466_3_LinearTransform_2.h5,1,3,1,0.978557182,0.978557182,8.10E-15,1,1,1.277447698,1.277447698,2.78E-14,0,1,0.954278208,0.954278208,8.65E-13,1,1,NA,NA,NA,NA,NA,NA,NA,NA,NA,NA,NA,NA,NA,NA,NA,NA,NA,NA,0.074791859,0,1,0,0,30,0.06924328,0,1,0,0,30,0.055915239,0,0,0,0,30,641.351,658.117,458.05,9.495,559.912,29.473,29.281,3.055,3.104,2.405,0.568,0.722
2026-03-21T10:42:36+08:00,20260321_104236_267477,D:\CodingHHW\Biplane\experiment\experiment_results.csv,CTChest,orthographic,Current mode: Orthographic,1,0,1,1,1,1,46.99,43.1,67.87,0.27,0.18,0,0.27 mm,0.18 px,0.00 mm,testPoint,TargetP3D,blackCenter2,PointGreen,PointRed,PointGreen,testPoint,30,1,1,0,1,-141.149,-53.012,-92.40821838,241.0867079,257.7181863,273.5691102,257.4580015,0,6,10,D:\CodingHHW\Biplane\experiment\transform_snapshots\20260321_104236_267477,LinearTransform,D:\CodingHHW\Biplane\experiment\transform_snapshots\20260321_104236_267477\20260321_104236_267477_1_LinearTransform.h5,1,LinearTransform_1,D:\CodingHHW\Biplane\experiment\transform_snapshots\20260321_104236_267477\20260321_104236_267477_2_LinearTransform_1.h5,1,LinearTransform_2,D:\CodingHHW\Biplane\experiment\transform_snapshots\20260321_104236_267477\20260321_104236_267477_3_LinearTransform_2.h5,1,3,1,0.870375789,0.870375789,6.88E-15,0,0,1.026231547,1.026231547,2.89E-15,0,0,0.945046805,0.945046805,2.11E-15,1,1,NA,NA,NA,NA,NA,NA,NA,NA,NA,NA,NA,NA,NA,NA,NA,NA,NA,NA,0.057268351,1,0,0,0,30,0.079330522,1,1,0,0,30,0.074912679,1,0,0,0,30,508.75,502.19,455.308,9.677,568.171,29.549,29.281,3.137,4.287,2.021,0.618,0.521
2026-03-21T10:45:52+08:00,20260321_104552_031686,D:\CodingHHW\Biplane\experiment\experiment_results.csv,CTChest,perspective,Current mode: Perspective,1,1,0,1,1,1,79.61,73.6,85.47,0.25,0.28,0,0.25 mm,0.28 px,0.00 mm,testPoint,TargetP3D,blackCenter2,PointGreen,PointRed,PointGreen,testPoint,30,0,1,0,1,-141.149,-53.012,-92.40821838,241.0867079,263.6406137,278.620933,261.1160849,0,6,10,D:\CodingHHW\Biplane\experiment\transform_snapshots\20260321_104552_031686,LinearTransform,D:\CodingHHW\Biplane\experiment\transform_snapshots\20260321_104552_031686\20260321_104552_031686_1_LinearTransform.h5,1,LinearTransform_1,D:\CodingHHW\Biplane\experiment\transform_snapshots\20260321_104552_031686\20260321_104552_031686_2_LinearTransform_1.h5,1,LinearTransform_2,D:\CodingHHW\Biplane\experiment\transform_snapshots\20260321_104552_031686\20260321_104552_031686_3_LinearTransform_2.h5,1,3,1,0.081144423,0.081144423,2.78E-16,0,0,0.047391951,0.047391951,1.82E-12,0,0,0.066484283,0.066484283,2.72E-13,0,0,0.069751857,1,1,0,0,30,0.042609894,1,1,0,0,30,0.065358286,1,0,0,0,30,NA,NA,NA,NA,NA,NA,NA,NA,NA,NA,NA,NA,NA,NA,NA,NA,NA,NA,491.136,512.268,444.333,9.737,596.635,57.198,29.705,3.137,3.028,2.102,0.945,0.553
2026-03-21T10:46:37+08:00,20260321_104637_073485,D:\CodingHHW\Biplane\experiment\experiment_results.csv,CTChest,perspective,Current mode: Perspective,1,1,0,1,1,1,79.61,73.6,85.47,0.09,0.16,0,0.09 mm,0.16 px,0.00 mm,testPoint,TargetP3D,blackCenter2,PointGreen,PointRed,PointGreen,testPoint,30,0,1,0,1,-141.149,-53.012,-92.40821838,241.0867079,263.6406137,278.620933,261.1160849,0,6,10,D:\CodingHHW\Biplane\experiment\transform_snapshots\20260321_104637_073485,LinearTransform,D:\CodingHHW\Biplane\experiment\transform_snapshots\20260321_104637_073485\20260321_104637_073485_1_LinearTransform.h5,1,LinearTransform_1,D:\CodingHHW\Biplane\experiment\transform_snapshots\20260321_104637_073485\20260321_104637_073485_2_LinearTransform_1.h5,1,LinearTransform_2,D:\CodingHHW\Biplane\experiment\transform_snapshots\20260321_104637_073485\20260321_104637_073485_3_LinearTransform_2.h5,1,3,1,0.062505413,0.062505413,1.80E-14,0,0,0.071991848,0.071991848,7.27E-13,1,1,0.075660189,0.075660189,5.28E-13,0,0,0.052891346,1,1,0,0,30,0.070758765,0,0,0,0,30,0.073519646,0,0,0,0,30,NA,NA,NA,NA,NA,NA,NA,NA,NA,NA,NA,NA,NA,NA,NA,NA,NA,NA,815.831,577.431,431.127,9.632,590.982,57.263,30.589,3.137,3.112,2.124,0.523,0.557
2026-03-21T10:47:20+08:00,20260321_104720_103533,D:\CodingHHW\Biplane\experiment\experiment_results.csv,CTChest,perspective,Current mode: Perspective,1,1,0,1,1,1,79.61,73.6,85.47,0.12,0.15,0,0.12 mm,0.15 px,0.00 mm,testPoint,TargetP3D,blackCenter2,PointGreen,PointRed,PointGreen,testPoint,30,0,1,0,1,-141.149,-53.012,-92.40821838,241.0867079,263.6406137,278.620933,261.1160849,0,6,10,D:\CodingHHW\Biplane\experiment\transform_snapshots\20260321_104720_103533,LinearTransform,D:\CodingHHW\Biplane\experiment\transform_snapshots\20260321_104720_103533\20260321_104720_103533_1_LinearTransform.h5,1,LinearTransform_1,D:\CodingHHW\Biplane\experiment\transform_snapshots\20260321_104720_103533\20260321_104720_103533_2_LinearTransform_1.h5,1,LinearTransform_2,D:\CodingHHW\Biplane\experiment\transform_snapshots\20260321_104720_103533\20260321_104720_103533_3_LinearTransform_2.h5,1,3,1,0.046797721,0.046797721,2.87E-15,0,0,0.063633056,0.063633056,2.38E-14,1,1,0.053222679,0.053222679,2.21E-13,1,1,0.045968737,0,0,0,0,30,0.063066614,1,0,0,0,30,0.049579099,0,0,0,0,30,NA,NA,NA,NA,NA,NA,NA,NA,NA,NA,NA,NA,NA,NA,NA,NA,NA,NA,564.751,562.176,438.541,10.314,586.274,55.085,29.598,3.137,2.932,2.065,0.522,0.535
2026-03-21T10:48:42+08:00,20260321_104842_902164,D:\CodingHHW\Biplane\experiment\experiment_results.csv,CTChest,perspective,Current mode: Perspective,1,1,0,1,1,1,79.61,73.6,85.47,0.31,0.35,0,0.31 mm,0.35 px,0.00 mm,testPoint,TargetP3D,blackCenter2,PointGreen,PointRed,PointGreen,testPoint,30,0,1,0,1,-141.149,-53.012,-92.40821838,241.0867079,263.6406137,278.620933,261.1160849,0,6,10,D:\CodingHHW\Biplane\experiment\transform_snapshots\20260321_104842_902164,LinearTransform,D:\CodingHHW\Biplane\experiment\transform_snapshots\20260321_104842_902164\20260321_104842_902164_1_LinearTransform.h5,1,LinearTransform_1,D:\CodingHHW\Biplane\experiment\transform_snapshots\20260321_104842_902164\20260321_104842_902164_2_LinearTransform_1.h5,1,LinearTransform_2,D:\CodingHHW\Biplane\experiment\transform_snapshots\20260321_104842_902164\20260321_104842_902164_3_LinearTransform_2.h5,1,3,1,0.060014888,0.060014888,6.56E-14,0,0,0.063500619,0.063500619,1.41E-14,1,1,0.061529635,0.061529635,6.71E-14,0,0,0.059798983,1,0,0,0,30,0.060623462,0,0,0,0,30,0.059311719,1,0,0,0,30,NA,NA,NA,NA,NA,NA,NA,NA,NA,NA,NA,NA,NA,NA,NA,NA,NA,NA,604.221,543.561,428.376,9.739,601.339,57.148,29.954,3.137,2.993,2.602,0.513,0.496
2026-03-21T10:49:29+08:00,20260321_104929_273746,D:\CodingHHW\Biplane\experiment\experiment_results.csv,CTChest,perspective,Current mode: Perspective,1,1,0,1,1,1,79.61,73.6,85.47,0.39,0.79,0,0.39 mm,0.79 px,0.00 mm,testPoint,TargetP3D,blackCenter2,PointGreen,PointRed,PointGreen,testPoint,30,0,1,0,1,-141.149,-53.012,-92.40821838,241.0867079,263.6406137,278.620933,261.1160849,0,6,10,D:\CodingHHW\Biplane\experiment\transform_snapshots\20260321_104929_273746,LinearTransform,D:\CodingHHW\Biplane\experiment\transform_snapshots\20260321_104929_273746\20260321_104929_273746_1_LinearTransform.h5,1,LinearTransform_1,D:\CodingHHW\Biplane\experiment\transform_snapshots\20260321_104929_273746\20260321_104929_273746_2_LinearTransform_1.h5,1,LinearTransform_2,D:\CodingHHW\Biplane\experiment\transform_snapshots\20260321_104929_273746\20260321_104929_273746_3_LinearTransform_2.h5,1,3,1,0.062982989,0.062982989,1.23E-13,1,1,0.059368815,0.059368815,6.79E-15,1,1,0.06150821,0.06150821,1.02E-13,1,1,0.055483393,0,1,0,0,30,0.058916429,0,1,0,0,30,0.060879168,0,0,0,0,30,NA,NA,NA,NA,NA,NA,NA,NA,NA,NA,NA,NA,NA,NA,NA,NA,NA,NA,665.086,590.485,429.621,9.783,592.365,57.724,30.313,3.137,3.75,2.394,0.535,0.503
2026-03-21T10:50:12+08:00,20260321_105012_539574,D:\CodingHHW\Biplane\experiment\experiment_results.csv,CTChest,perspective,Current mode: Perspective,1,1,0,1,1,1,79.61,73.6,85.47,0.12,0.16,0,0.12 mm,0.16 px,0.00 mm,testPoint,TargetP3D,blackCenter2,PointGreen,PointRed,PointGreen,testPoint,30,0,1,0,1,-141.149,-53.012,-92.40821838,241.0867079,263.6406137,278.620933,261.1160849,0,6,10,D:\CodingHHW\Biplane\experiment\transform_snapshots\20260321_105012_539574,LinearTransform,D:\CodingHHW\Biplane\experiment\transform_snapshots\20260321_105012_539574\20260321_105012_539574_1_LinearTransform.h5,1,LinearTransform_1,D:\CodingHHW\Biplane\experiment\transform_snapshots\20260321_105012_539574\20260321_105012_539574_2_LinearTransform_1.h5,1,LinearTransform_2,D:\CodingHHW\Biplane\experiment\transform_snapshots\20260321_105012_539574\20260321_105012_539574_3_LinearTransform_2.h5,1,3,1,0.053812472,0.053812472,4.64E-14,1,1,0.057678551,0.057678551,5.02E-13,0,0,0.060786573,0.060786573,2.38E-14,1,1,0.05306969,1,0,0,0,30,0.051061463,1,1,0,0,30,0.060457977,0,0,0,0,30,NA,NA,NA,NA,NA,NA,NA,NA,NA,NA,NA,NA,NA,NA,NA,NA,NA,NA,519.409,533.191,445.607,10.867,595.865,58.594,30.729,3.137,2.929,2.133,0.523,0.544
2026-03-21T10:50:47+08:00,20260321_105047_363582,D:\CodingHHW\Biplane\experiment\experiment_results.csv,CTChest,perspective,Current mode: Perspective,1,1,0,1,1,1,79.61,73.6,85.47,0.07,0.36,0,0.07 mm,0.36 px,0.00 mm,testPoint,TargetP3D,blackCenter2,PointGreen,PointRed,PointGreen,testPoint,30,0,1,0,1,-141.149,-53.012,-92.40821838,241.0867079,263.6406137,278.620933,261.1160849,0,6,10,D:\CodingHHW\Biplane\experiment\transform_snapshots\20260321_105047_363582,LinearTransform,D:\CodingHHW\Biplane\experiment\transform_snapshots\20260321_105047_363582\20260321_105047_363582_1_LinearTransform.h5,1,LinearTransform_1,D:\CodingHHW\Biplane\experiment\transform_snapshots\20260321_105047_363582\20260321_105047_363582_2_LinearTransform_1.h5,1,LinearTransform_2,D:\CodingHHW\Biplane\experiment\transform_snapshots\20260321_105047_363582\20260321_105047_363582_3_LinearTransform_2.h5,1,3,1,0.049177516,0.049177516,7.27E-15,0,0,0.087291894,0.087291894,1.47E-14,1,1,0.066441127,0.066441127,1.92E-13,0,0,0.047579126,0,1,0,0,30,0.070874202,1,1,0,0,30,0.065606424,0,0,0,0,30,NA,NA,NA,NA,NA,NA,NA,NA,NA,NA,NA,NA,NA,NA,NA,NA,NA,NA,529.598,511.66,394.561,10.134,595.334,57.05,29.743,3.137,3.042,2.263,0.584,0.676
2026-03-21T10:51:22+08:00,20260321_105122_282924,D:\CodingHHW\Biplane\experiment\experiment_results.csv,CTChest,perspective,Current mode: Perspective,1,1,0,1,1,1,79.61,73.6,85.47,0.17,0.33,0,0.17 mm,0.33 px,0.00 mm,testPoint,TargetP3D,blackCenter2,PointGreen,PointRed,PointGreen,testPoint,30,0,1,0,1,-141.149,-53.012,-92.40821838,241.0867079,263.6406137,278.620933,261.1160849,0,6,10,D:\CodingHHW\Biplane\experiment\transform_snapshots\20260321_105122_282924,LinearTransform,D:\CodingHHW\Biplane\experiment\transform_snapshots\20260321_105122_282924\20260321_105122_282924_1_LinearTransform.h5,1,LinearTransform_1,D:\CodingHHW\Biplane\experiment\transform_snapshots\20260321_105122_282924\20260321_105122_282924_2_LinearTransform_1.h5,1,LinearTransform_2,D:\CodingHHW\Biplane\experiment\transform_snapshots\20260321_105122_282924\20260321_105122_282924_3_LinearTransform_2.h5,1,3,1,0.057003551,0.057003551,7.63E-15,1,1,0.065193653,0.065193653,1.06E-14,0,0,0.072173289,0.072173289,3.22E-13,1,1,0.056869356,0,0,0,0,30,0.062940215,0,1,0,0,30,0.065585978,0,0,0,0,30,NA,NA,NA,NA,NA,NA,NA,NA,NA,NA,NA,NA,NA,NA,NA,NA,NA,NA,615.295,558.769,464.585,9.753,596.67,56.723,29.818,3.137,3.25,2.782,0.708,0.635
2026-03-21T10:52:20+08:00,20260321_105220_519904,D:\CodingHHW\Biplane\experiment\experiment_results.csv,CTChest,orthographic,Current mode: Orthographic,1,0,1,1,1,1,79.61,73.6,85.47,0.29,0.34,0,0.29 mm,0.34 px,0.00 mm,testPoint,TargetP3D,blackCenter2,PointGreen,PointRed,PointGreen,testPoint,30,1,1,0,1,-141.149,-53.012,-92.40821838,241.0867079,263.6406137,278.620933,261.1160849,0,6,10,D:\CodingHHW\Biplane\experiment\transform_snapshots\20260321_105220_519904,LinearTransform,D:\CodingHHW\Biplane\experiment\transform_snapshots\20260321_105220_519904\20260321_105220_519904_1_LinearTransform.h5,1,LinearTransform_1,D:\CodingHHW\Biplane\experiment\transform_snapshots\20260321_105220_519904\20260321_105220_519904_2_LinearTransform_1.h5,1,LinearTransform_2,D:\CodingHHW\Biplane\experiment\transform_snapshots\20260321_105220_519904\20260321_105220_519904_3_LinearTransform_2.h5,1,3,1,1.01954797,1.01954797,1.15E-14,1,1,1.99248748,1.99248748,1.59E-13,0,0,1.179128947,1.179128947,1.29E-14,0,0,NA,NA,NA,NA,NA,NA,NA,NA,NA,NA,NA,NA,NA,NA,NA,NA,NA,NA,0.061741261,0,1,0,0,30,0.04620886,1,0,0,0,30,0.058230706,1,0,0,0,30,550.806,660.058,429.493,10.067,567.968,29.958,29.818,3.183,3.026,2.092,0.758,0.579
2026-03-21T10:53:05+08:00,20260321_105305_075941,D:\CodingHHW\Biplane\experiment\experiment_results.csv,CTChest,orthographic,Current mode: Orthographic,1,0,1,1,1,1,79.61,73.6,85.47,0.29,0.55,0,0.29 mm,0.55 px,0.00 mm,testPoint,TargetP3D,blackCenter2,PointGreen,PointRed,PointGreen,testPoint,30,1,1,0,1,-141.149,-53.012,-92.40821838,241.0867079,263.6406137,278.620933,261.1160849,0,6,10,D:\CodingHHW\Biplane\experiment\transform_snapshots\20260321_105305_075941,LinearTransform,D:\CodingHHW\Biplane\experiment\transform_snapshots\20260321_105305_075941\20260321_105305_075941_1_LinearTransform.h5,1,LinearTransform_1,D:\CodingHHW\Biplane\experiment\transform_snapshots\20260321_105305_075941\20260321_105305_075941_2_LinearTransform_1.h5,1,LinearTransform_2,D:\CodingHHW\Biplane\experiment\transform_snapshots\20260321_105305_075941\20260321_105305_075941_3_LinearTransform_2.h5,1,3,1,1.312117335,1.312117335,2.00E-14,1,1,1.581825247,1.581825247,1.07E-13,1,0,1.307554831,1.307554831,4.16E-13,1,1,NA,NA,NA,NA,NA,NA,NA,NA,NA,NA,NA,NA,NA,NA,NA,NA,NA,NA,0.06805064,0,0,0,0,30,0.058390804,1,0,0,0,30,0.038611951,1,1,0,0,30,661.742,562.709,409.48,10.214,566.345,30.036,29.818,3.621,2.954,2.531,0.499,0.562
2026-03-21T10:53:40+08:00,20260321_105340_563195,D:\CodingHHW\Biplane\experiment\experiment_results.csv,CTChest,orthographic,Current mode: Orthographic,1,0,1,1,1,1,79.61,73.6,85.47,0.25,0.17,0,0.25 mm,0.17 px,0.00 mm,testPoint,TargetP3D,blackCenter2,PointGreen,PointRed,PointGreen,testPoint,30,1,1,0,1,-141.149,-53.012,-92.40821838,241.0867079,263.6406137,278.620933,261.1160849,0,6,10,D:\CodingHHW\Biplane\experiment\transform_snapshots\20260321_105340_563195,LinearTransform,D:\CodingHHW\Biplane\experiment\transform_snapshots\20260321_105340_563195\20260321_105340_563195_1_LinearTransform.h5,1,LinearTransform_1,D:\CodingHHW\Biplane\experiment\transform_snapshots\20260321_105340_563195\20260321_105340_563195_2_LinearTransform_1.h5,1,LinearTransform_2,D:\CodingHHW\Biplane\experiment\transform_snapshots\20260321_105340_563195\20260321_105340_563195_3_LinearTransform_2.h5,1,3,1,1.0999627,1.0999627,1.55E-15,1,1,1.533673661,1.533673661,5.39E-13,1,0,1.273990586,1.273990586,9.12E-13,0,0,NA,NA,NA,NA,NA,NA,NA,NA,NA,NA,NA,NA,NA,NA,NA,NA,NA,NA,0.050741912,1,1,0,0,30,0.058242247,1,1,0,0,30,0.044059928,0,0,0,0,30,638.213,555.219,436.633,9.67,560.979,29.208,29.818,2.684,2.966,2.188,0.579,0.502
2026-03-21T10:54:15+08:00,20260321_105415_633633,D:\CodingHHW\Biplane\experiment\experiment_results.csv,CTChest,orthographic,Current mode: Orthographic,1,0,1,1,1,1,79.61,73.6,85.47,0.14,0.38,0,0.14 mm,0.38 px,0.00 mm,testPoint,TargetP3D,blackCenter2,PointGreen,PointRed,PointGreen,testPoint,30,1,1,0,1,-141.149,-53.012,-92.40821838,241.0867079,263.6406137,278.620933,261.1160849,0,6,10,D:\CodingHHW\Biplane\experiment\transform_snapshots\20260321_105415_633633,LinearTransform,D:\CodingHHW\Biplane\experiment\transform_snapshots\20260321_105415_633633\20260321_105415_633633_1_LinearTransform.h5,1,LinearTransform_1,D:\CodingHHW\Biplane\experiment\transform_snapshots\20260321_105415_633633\20260321_105415_633633_2_LinearTransform_1.h5,1,LinearTransform_2,D:\CodingHHW\Biplane\experiment\transform_snapshots\20260321_105415_633633\20260321_105415_633633_3_LinearTransform_2.h5,1,3,1,1.043556129,1.043556129,1.49E-14,1,1,1.706033804,1.706033804,1.01E-12,0,0,1.474449813,1.474449813,7.68E-13,1,1,NA,NA,NA,NA,NA,NA,NA,NA,NA,NA,NA,NA,NA,NA,NA,NA,NA,NA,0.036119256,1,0,0,0,30,0.061492234,0,0,0,0,30,0.055738906,0,1,0,0,30,638.893,552.744,417.394,9.794,563.643,28.932,29.818,2.796,3.058,2.188,0.538,0.622
2026-03-21T10:54:51+08:00,20260321_105451_248647,D:\CodingHHW\Biplane\experiment\experiment_results.csv,CTChest,orthographic,Current mode: Orthographic,1,0,1,1,1,1,79.61,73.6,85.47,0.22,0.24,0,0.22 mm,0.24 px,0.00 mm,testPoint,TargetP3D,blackCenter2,PointGreen,PointRed,PointGreen,testPoint,30,1,1,0,1,-141.149,-53.012,-92.40821838,241.0867079,263.6406137,278.620933,261.1160849,0,6,10,D:\CodingHHW\Biplane\experiment\transform_snapshots\20260321_105451_248647,LinearTransform,D:\CodingHHW\Biplane\experiment\transform_snapshots\20260321_105451_248647\20260321_105451_248647_1_LinearTransform.h5,1,LinearTransform_1,D:\CodingHHW\Biplane\experiment\transform_snapshots\20260321_105451_248647\20260321_105451_248647_2_LinearTransform_1.h5,1,LinearTransform_2,D:\CodingHHW\Biplane\experiment\transform_snapshots\20260321_105451_248647\20260321_105451_248647_3_LinearTransform_2.h5,1,3,1,0.975161487,0.975161487,1.64E-14,1,0,1.652820853,1.652820853,4.16E-13,0,0,1.094220253,1.094220253,2.47E-13,0,0,NA,NA,NA,NA,NA,NA,NA,NA,NA,NA,NA,NA,NA,NA,NA,NA,NA,NA,0.067367234,0,0,0,0,30,0.048656519,0,0,0,0,30,0.045405762,1,1,0,0,30,552.524,487.751,421.418,10.072,569.295,29.811,29.818,3.072,3.196,2.121,0.544,0.827
2026-03-21T10:55:24+08:00,20260321_105524_763657,D:\CodingHHW\Biplane\experiment\experiment_results.csv,CTChest,orthographic,Current mode: Orthographic,1,0,1,1,1,1,79.61,73.6,85.47,0.28,0.17,0,0.28 mm,0.17 px,0.00 mm,testPoint,TargetP3D,blackCenter2,PointGreen,PointRed,PointGreen,testPoint,30,1,1,0,1,-141.149,-53.012,-92.40821838,241.0867079,263.6406137,278.620933,261.1160849,0,6,10,D:\CodingHHW\Biplane\experiment\transform_snapshots\20260321_105524_763657,LinearTransform,D:\CodingHHW\Biplane\experiment\transform_snapshots\20260321_105524_763657\20260321_105524_763657_1_LinearTransform.h5,1,LinearTransform_1,D:\CodingHHW\Biplane\experiment\transform_snapshots\20260321_105524_763657\20260321_105524_763657_2_LinearTransform_1.h5,1,LinearTransform_2,D:\CodingHHW\Biplane\experiment\transform_snapshots\20260321_105524_763657\20260321_105524_763657_3_LinearTransform_2.h5,1,3,1,1.038276562,1.038276562,6.66E-15,1,0,1.658243705,1.658243705,1.03E-13,0,0,1.082680448,1.082680448,6.06E-13,1,1,NA,NA,NA,NA,NA,NA,NA,NA,NA,NA,NA,NA,NA,NA,NA,NA,NA,NA,0.051263813,1,1,0,0,30,0.052393793,1,0,0,0,30,0.061036221,0,1,0,0,30,609.699,488.749,422.78,10.496,560.751,29.395,29.818,2.989,2.857,2.144,0.489,0.577
2026-03-21T11:01:27+08:00,20260321_110127_937509,D:\CodingHHW\Biplane\experiment\experiment_results.csv,CTChest,perspective,Current mode: Perspective,1,1,0,1,1,1,79.61,73.6,85.47,0.41,0.86,0,0.41 mm,0.86 px,0.00 mm,testPoint,TargetP3D,blackCenter2,PointGreen,PointRed,PointGreen,testPoint,30,0,1,0,1,-112.8845978,-61.86017609,-40.0840416,262.2716387,281.0095255,299.2987463,280.8599702,0,6,10,D:\CodingHHW\Biplane\experiment\transform_snapshots\20260321_110127_937509,LinearTransform,D:\CodingHHW\Biplane\experiment\transform_snapshots\20260321_110127_937509\20260321_110127_937509_1_LinearTransform.h5,1,LinearTransform_1,D:\CodingHHW\Biplane\experiment\transform_snapshots\20260321_110127_937509\20260321_110127_937509_2_LinearTransform_1.h5,1,LinearTransform_2,D:\CodingHHW\Biplane\experiment\transform_snapshots\20260321_110127_937509\20260321_110127_937509_3_LinearTransform_2.h5,1,3,1,0.045559522,0.045559522,5.37E-13,1,1,0.057744566,0.057744566,2.27E-13,0,0,0.046882913,0.046882913,1.17E-12,1,1,0.044605853,1,0,0,0,30,0.055618567,1,1,0,0,30,0.043785465,1,1,0,0,30,NA,NA,NA,NA,NA,NA,NA,NA,NA,NA,NA,NA,NA,NA,NA,NA,NA,NA,537.503,538.235,452.141,9.808,591.919,57.617,29.81,2.989,3.114,2.581,0.538,0.496
2026-03-21T11:02:11+08:00,20260321_110211_477160,D:\CodingHHW\Biplane\experiment\experiment_results.csv,CTChest,perspective,Current mode: Perspective,1,1,0,1,1,1,79.61,73.6,85.47,0.11,0.16,0,0.11 mm,0.16 px,0.00 mm,testPoint,TargetP3D,blackCenter2,PointGreen,PointRed,PointGreen,testPoint,30,0,1,0,1,-112.8845978,-61.86017609,-40.0840416,262.2716387,281.0095255,299.2987463,280.8599702,0,6,10,D:\CodingHHW\Biplane\experiment\transform_snapshots\20260321_110211_477160,LinearTransform,D:\CodingHHW\Biplane\experiment\transform_snapshots\20260321_110211_477160\20260321_110211_477160_1_LinearTransform.h5,1,LinearTransform_1,D:\CodingHHW\Biplane\experiment\transform_snapshots\20260321_110211_477160\20260321_110211_477160_2_LinearTransform_1.h5,1,LinearTransform_2,D:\CodingHHW\Biplane\experiment\transform_snapshots\20260321_110211_477160\20260321_110211_477160_3_LinearTransform_2.h5,1,3,1,0.043421931,0.043421931,2.36E-14,1,1,0.081560457,0.081560457,8.98E-13,1,1,0.049615939,0.049615939,4.74E-13,1,1,0.039459944,0,0,0,0,30,0.077022967,0,0,0,0,30,0.047380621,1,0,0,0,30,NA,NA,NA,NA,NA,NA,NA,NA,NA,NA,NA,NA,NA,NA,NA,NA,NA,NA,542.818,538.876,400.795,9.693,596.083,58.685,31.491,2.989,3.004,2.29,0.506,0.511
2026-03-21T11:02:45+08:00,20260321_110245_950256,D:\CodingHHW\Biplane\experiment\experiment_results.csv,CTChest,perspective,Current mode: Perspective,1,1,0,1,1,1,79.61,73.6,85.47,0.12,0.22,0,0.12 mm,0.22 px,0.00 mm,testPoint,TargetP3D,blackCenter2,PointGreen,PointRed,PointGreen,testPoint,30,0,1,0,1,-112.8845978,-61.86017609,-40.0840416,262.2716387,281.0095255,299.2987463,280.8599702,0,6,10,D:\CodingHHW\Biplane\experiment\transform_snapshots\20260321_110245_950256,LinearTransform,D:\CodingHHW\Biplane\experiment\transform_snapshots\20260321_110245_950256\20260321_110245_950256_1_LinearTransform.h5,1,LinearTransform_1,D:\CodingHHW\Biplane\experiment\transform_snapshots\20260321_110245_950256\20260321_110245_950256_2_LinearTransform_1.h5,1,LinearTransform_2,D:\CodingHHW\Biplane\experiment\transform_snapshots\20260321_110245_950256\20260321_110245_950256_3_LinearTransform_2.h5,1,3,1,0.044733852,0.044733852,1.11E-13,0,0,0.063285827,0.063285827,5.23E-13,0,0,0.077458676,0.077458676,7.48E-13,0,0,0.042932486,1,1,0,0,30,0.061301951,1,0,0,0,30,0.074360563,0,1,0,0,30,NA,NA,NA,NA,NA,NA,NA,NA,NA,NA,NA,NA,NA,NA,NA,NA,NA,NA,557.678,475.155,396.485,10.349,592.432,56.015,29.225,2.989,3.285,2.267,0.517,0.485
2026-03-21T11:03:19+08:00,20260321_110319_883471,D:\CodingHHW\Biplane\experiment\experiment_results.csv,CTChest,perspective,Current mode: Perspective,1,1,0,1,1,1,79.61,73.6,85.47,0.14,0.2,0,0.14 mm,0.20 px,0.00 mm,testPoint,TargetP3D,blackCenter2,PointGreen,PointRed,PointGreen,testPoint,30,0,1,0,1,-112.8845978,-61.86017609,-40.0840416,262.2716387,281.0095255,299.2987463,280.8599702,0,6,10,D:\CodingHHW\Biplane\experiment\transform_snapshots\20260321_110319_883471,LinearTransform,D:\CodingHHW\Biplane\experiment\transform_snapshots\20260321_110319_883471\20260321_110319_883471_1_LinearTransform.h5,1,LinearTransform_1,D:\CodingHHW\Biplane\experiment\transform_snapshots\20260321_110319_883471\20260321_110319_883471_2_LinearTransform_1.h5,1,LinearTransform_2,D:\CodingHHW\Biplane\experiment\transform_snapshots\20260321_110319_883471\20260321_110319_883471_3_LinearTransform_2.h5,1,3,1,0.046820093,0.046820093,6.08E-13,0,0,0.058355682,0.058355682,1.61E-13,0,0,0.053901217,0.053901217,8.49E-14,1,1,0.043697696,1,1,0,0,30,0.056168181,1,0,0,0,30,0.053455429,1,1,0,0,30,NA,NA,NA,NA,NA,NA,NA,NA,NA,NA,NA,NA,NA,NA,NA,NA,NA,NA,592.384,519.773,387.489,9.843,591.918,56.82,30.224,2.989,3.073,2.12,0.52,0.492
2026-03-21T11:04:00+08:00,20260321_110400_310563,D:\CodingHHW\Biplane\experiment\experiment_results.csv,CTChest,perspective,Current mode: Perspective,1,1,0,1,1,1,79.61,73.6,85.47,0.08,0.18,0,0.08 mm,0.18 px,0.00 mm,testPoint,TargetP3D,blackCenter2,PointGreen,PointRed,PointGreen,testPoint,30,0,1,0,1,-112.8845978,-61.86017609,-40.0840416,262.2716387,281.0095255,299.2987463,280.8599702,0,6,10,D:\CodingHHW\Biplane\experiment\transform_snapshots\20260321_110400_310563,LinearTransform,D:\CodingHHW\Biplane\experiment\transform_snapshots\20260321_110400_310563\20260321_110400_310563_1_LinearTransform.h5,1,LinearTransform_1,D:\CodingHHW\Biplane\experiment\transform_snapshots\20260321_110400_310563\20260321_110400_310563_2_LinearTransform_1.h5,1,LinearTransform_2,D:\CodingHHW\Biplane\experiment\transform_snapshots\20260321_110400_310563\20260321_110400_310563_3_LinearTransform_2.h5,1,3,1,0.056831003,0.056831003,7.61E-15,0,0,0.088237413,0.088237413,3.33E-12,1,1,0.080747009,0.080747009,2.97E-14,1,1,0.051697863,1,0,0,0,30,0.080131673,1,0,0,0,30,0.080638558,1,0,0,0,30,NA,NA,NA,NA,NA,NA,NA,NA,NA,NA,NA,NA,NA,NA,NA,NA,NA,NA,517.747,526.148,378.727,9.852,596.286,58.812,30.774,2.989,3.692,2.04,0.544,0.511
2026-03-21T11:04:26+08:00,20260321_110426_799729,D:\CodingHHW\Biplane\experiment\experiment_results.csv,CTChest,perspective,Current mode: Perspective,1,1,0,1,1,1,79.61,73.6,85.47,0.17,0.25,0,0.17 mm,0.25 px,0.00 mm,testPoint,TargetP3D,blackCenter2,PointGreen,PointRed,PointGreen,testPoint,30,0,1,0,1,-112.8845978,-61.86017609,-40.0840416,262.2716387,281.0095255,299.2987463,280.8599702,0,6,10,D:\CodingHHW\Biplane\experiment\transform_snapshots\20260321_110426_799729,LinearTransform,D:\CodingHHW\Biplane\experiment\transform_snapshots\20260321_110426_799729\20260321_110426_799729_1_LinearTransform.h5,1,LinearTransform_1,D:\CodingHHW\Biplane\experiment\transform_snapshots\20260321_110426_799729\20260321_110426_799729_2_LinearTransform_1.h5,1,LinearTransform_2,D:\CodingHHW\Biplane\experiment\transform_snapshots\20260321_110426_799729\20260321_110426_799729_3_LinearTransform_2.h5,1,3,1,0.06733789,0.06733789,8.69E-14,1,1,0.062330548,0.062330548,6.90E-14,0,0,0.079053962,0.079053962,3.14E-14,0,0,0.063128449,1,0,0,0,30,0.051662334,1,0,0,0,30,0.071777091,0,1,0,0,30,NA,NA,NA,NA,NA,NA,NA,NA,NA,NA,NA,NA,NA,NA,NA,NA,NA,NA,485.284,449.21,391.291,10.05,594.698,55.25,28.376,2.989,2.634,2.096,0.697,0.633
2026-03-21T11:05:03+08:00,20260321_110503_450869,D:\CodingHHW\Biplane\experiment\experiment_results.csv,CTChest,perspective,Current mode: Perspective,1,1,0,1,1,1,79.61,73.6,85.47,0.32,0.23,0,0.32 mm,0.23 px,0.00 mm,testPoint,TargetP3D,blackCenter2,PointGreen,PointRed,PointGreen,testPoint,30,0,1,0,1,-112.8845978,-61.86017609,-40.0840416,262.2716387,281.0095255,299.2987463,280.8599702,0,6,10,D:\CodingHHW\Biplane\experiment\transform_snapshots\20260321_110503_450869,LinearTransform,D:\CodingHHW\Biplane\experiment\transform_snapshots\20260321_110503_450869\20260321_110503_450869_1_LinearTransform.h5,1,LinearTransform_1,D:\CodingHHW\Biplane\experiment\transform_snapshots\20260321_110503_450869\20260321_110503_450869_2_LinearTransform_1.h5,1,LinearTransform_2,D:\CodingHHW\Biplane\experiment\transform_snapshots\20260321_110503_450869\20260321_110503_450869_3_LinearTransform_2.h5,1,3,1,0.064106032,0.064106032,5.77E-14,1,1,0.079366088,0.079366088,2.77E-12,0,0,0.064270477,0.064270477,8.89E-14,1,1,0.055413421,1,0,0,0,30,0.074193054,0,0,0,0,30,0.062722423,0,0,0,0,30,NA,NA,NA,NA,NA,NA,NA,NA,NA,NA,NA,NA,NA,NA,NA,NA,NA,NA,483.821,479.527,389.046,9.553,592.981,57.508,29.802,2.989,3.031,2.245,0.527,0.512
2026-03-21T11:05:31+08:00,20260321_110531_287824,D:\CodingHHW\Biplane\experiment\experiment_results.csv,CTChest,perspective,Current mode: Perspective,1,1,0,1,1,1,79.61,73.6,85.47,0.38,0.29,0,0.38 mm,0.29 px,0.00 mm,testPoint,TargetP3D,blackCenter2,PointGreen,PointRed,PointGreen,testPoint,30,0,1,0,1,-112.8845978,-61.86017609,-40.0840416,262.2716387,281.0095255,299.2987463,280.8599702,0,6,10,D:\CodingHHW\Biplane\experiment\transform_snapshots\20260321_110531_287824,LinearTransform,D:\CodingHHW\Biplane\experiment\transform_snapshots\20260321_110531_287824\20260321_110531_287824_1_LinearTransform.h5,1,LinearTransform_1,D:\CodingHHW\Biplane\experiment\transform_snapshots\20260321_110531_287824\20260321_110531_287824_2_LinearTransform_1.h5,1,LinearTransform_2,D:\CodingHHW\Biplane\experiment\transform_snapshots\20260321_110531_287824\20260321_110531_287824_3_LinearTransform_2.h5,1,3,1,0.064053053,0.064053053,7.63E-16,1,1,0.099156629,0.099156629,2.93E-13,0,0,0.066596723,0.066596723,2.36E-14,1,1,0.063485224,1,0,0,0,30,0.098929981,1,0,0,0,30,0.06633753,1,0,0,0,30,NA,NA,NA,NA,NA,NA,NA,NA,NA,NA,NA,NA,NA,NA,NA,NA,NA,NA,523.463,456.388,400.509,10.098,590.269,55.85,28.944,2.989,2.641,2.259,0.701,0.626
2026-03-21T11:06:35+08:00,20260321_110635_475808,D:\CodingHHW\Biplane\experiment\experiment_results.csv,CTChest,orthographic,Current mode: Orthographic,1,0,1,1,1,1,79.61,73.6,85.47,0.33,0.32,0,0.33 mm,0.32 px,0.00 mm,testPoint,TargetP3D,blackCenter2,PointGreen,PointRed,PointGreen,testPoint,30,1,1,0,1,-112.8845978,-61.86017609,-40.0840416,262.2716387,281.0095255,299.2987463,280.8599702,0,6,10,D:\CodingHHW\Biplane\experiment\transform_snapshots\20260321_110635_475808,LinearTransform,D:\CodingHHW\Biplane\experiment\transform_snapshots\20260321_110635_475808\20260321_110635_475808_1_LinearTransform.h5,1,LinearTransform_1,D:\CodingHHW\Biplane\experiment\transform_snapshots\20260321_110635_475808\20260321_110635_475808_2_LinearTransform_1.h5,1,LinearTransform_2,D:\CodingHHW\Biplane\experiment\transform_snapshots\20260321_110635_475808\20260321_110635_475808_3_LinearTransform_2.h5,1,3,1,0.961350711,0.961350711,6.34E-14,0,1,1.635360724,1.635360724,5.17E-13,1,0,1.057825707,1.057825707,3.99E-13,0,0,NA,NA,NA,NA,NA,NA,NA,NA,NA,NA,NA,NA,NA,NA,NA,NA,NA,NA,0.064855932,0,1,0,0,30,0.045013693,0,0,0,0,30,0.06851316,1,1,0,0,30,630.598,527.282,407.202,10.048,563.605,29.351,28.944,3.293,3.027,1.98,0.585,0.511
2026-03-21T11:07:09+08:00,20260321_110709_079505,D:\CodingHHW\Biplane\experiment\experiment_results.csv,CTChest,orthographic,Current mode: Orthographic,1,0,1,1,1,1,79.61,73.6,85.47,0.23,0.18,0,0.23 mm,0.18 px,0.00 mm,testPoint,TargetP3D,blackCenter2,PointGreen,PointRed,PointGreen,testPoint,30,1,1,0,1,-112.8845978,-61.86017609,-40.0840416,262.2716387,281.0095255,299.2987463,280.8599702,0,6,10,D:\CodingHHW\Biplane\experiment\transform_snapshots\20260321_110709_079505,LinearTransform,D:\CodingHHW\Biplane\experiment\transform_snapshots\20260321_110709_079505\20260321_110709_079505_1_LinearTransform.h5,1,LinearTransform_1,D:\CodingHHW\Biplane\experiment\transform_snapshots\20260321_110709_079505\20260321_110709_079505_2_LinearTransform_1.h5,1,LinearTransform_2,D:\CodingHHW\Biplane\experiment\transform_snapshots\20260321_110709_079505\20260321_110709_079505_3_LinearTransform_2.h5,1,3,1,0.995031666,0.995031666,1.61E-14,1,1,1.194052758,1.194052758,4.82E-14,0,0,1.16860912,1.16860912,1.18E-12,1,1,NA,NA,NA,NA,NA,NA,NA,NA,NA,NA,NA,NA,NA,NA,NA,NA,NA,NA,0.065646964,1,0,0,0,30,0.068600138,1,1,0,0,30,0.072155743,1,0,0,0,30,536.471,506.905,398.911,10.061,562.39,29.594,28.944,3.005,2.931,2.2,0.453,0.526
2026-03-21T11:07:40+08:00,20260321_110740_296202,D:\CodingHHW\Biplane\experiment\experiment_results.csv,CTChest,orthographic,Current mode: Orthographic,1,0,1,1,1,1,79.61,73.6,85.47,0.29,0.56,0,0.29 mm,0.56 px,0.00 mm,testPoint,TargetP3D,blackCenter2,PointGreen,PointRed,PointGreen,testPoint,30,1,1,0,1,-112.8845978,-61.86017609,-40.0840416,262.2716387,281.0095255,299.2987463,280.8599702,0,6,10,D:\CodingHHW\Biplane\experiment\transform_snapshots\20260321_110740_296202,LinearTransform,D:\CodingHHW\Biplane\experiment\transform_snapshots\20260321_110740_296202\20260321_110740_296202_1_LinearTransform.h5,1,LinearTransform_1,D:\CodingHHW\Biplane\experiment\transform_snapshots\20260321_110740_296202\20260321_110740_296202_2_LinearTransform_1.h5,1,LinearTransform_2,D:\CodingHHW\Biplane\experiment\transform_snapshots\20260321_110740_296202\20260321_110740_296202_3_LinearTransform_2.h5,1,3,1,1.281081407,1.281081407,6.66E-15,1,1,2.428285599,2.428285599,4.49E-13,1,1,1.707849473,1.707849473,1.18E-13,0,0,NA,NA,NA,NA,NA,NA,NA,NA,NA,NA,NA,NA,NA,NA,NA,NA,NA,NA,0.047272206,1,1,0,0,30,0.053879308,1,1,0,0,30,0.042863366,1,1,0,0,30,598.869,556.861,466.174,9.879,566.306,29.532,28.944,3.157,2.971,2.442,0.537,0.522
2026-03-21T11:08:30+08:00,20260321_110830_474367,D:\CodingHHW\Biplane\experiment\experiment_results.csv,CTChest,orthographic,Current mode: Orthographic,1,0,1,1,1,1,79.61,73.6,85.47,0.17,0.27,0,0.17 mm,0.27 px,0.00 mm,testPoint,TargetP3D,blackCenter2,PointGreen,PointRed,PointGreen,testPoint,30,1,1,0,1,-112.8845978,-61.86017609,-40.0840416,262.2716387,281.0095255,299.2987463,280.8599702,0,6,10,D:\CodingHHW\Biplane\experiment\transform_snapshots\20260321_110830_474367,LinearTransform,D:\CodingHHW\Biplane\experiment\transform_snapshots\20260321_110830_474367\20260321_110830_474367_1_LinearTransform.h5,1,LinearTransform_1,D:\CodingHHW\Biplane\experiment\transform_snapshots\20260321_110830_474367\20260321_110830_474367_2_LinearTransform_1.h5,1,LinearTransform_2,D:\CodingHHW\Biplane\experiment\transform_snapshots\20260321_110830_474367\20260321_110830_474367_3_LinearTransform_2.h5,1,3,1,1.417293967,1.417293967,5.40E-14,0,0,1.92893103,1.92893103,3.35E-14,0,0,1.088320789,1.088320789,4.12E-13,0,0,NA,NA,NA,NA,NA,NA,NA,NA,NA,NA,NA,NA,NA,NA,NA,NA,NA,NA,0.033806427,1,1,0,0,30,0.060376051,1,0,0,0,30,0.06728734,1,0,0,0,30,597.175,522.864,401.735,9.685,561.329,29.56,28.944,2.92,3.476,2.332,0.592,0.483
2026-03-21T11:09:18+08:00,20260321_110918_226859,D:\CodingHHW\Biplane\experiment\experiment_results.csv,CTChest,orthographic,Current mode: Orthographic,1,0,1,1,1,1,79.61,73.6,85.47,0.38,0.35,0,0.38 mm,0.35 px,0.00 mm,testPoint,TargetP3D,blackCenter2,PointGreen,PointRed,PointGreen,testPoint,30,1,1,0,1,-112.8845978,-61.86017609,-40.0840416,262.2716387,281.0095255,299.2987463,280.8599702,0,6,10,D:\CodingHHW\Biplane\experiment\transform_snapshots\20260321_110918_226859,LinearTransform,D:\CodingHHW\Biplane\experiment\transform_snapshots\20260321_110918_226859\20260321_110918_226859_1_LinearTransform.h5,1,LinearTransform_1,D:\CodingHHW\Biplane\experiment\transform_snapshots\20260321_110918_226859\20260321_110918_226859_2_LinearTransform_1.h5,1,LinearTransform_2,D:\CodingHHW\Biplane\experiment\transform_snapshots\20260321_110918_226859\20260321_110918_226859_3_LinearTransform_2.h5,1,3,1,1.3461633,1.3461633,6.66E-15,1,1,1.43423212,1.43423212,8.66E-15,1,1,1.210308537,1.210308537,3.91E-13,0,0,NA,NA,NA,NA,NA,NA,NA,NA,NA,NA,NA,NA,NA,NA,NA,NA,NA,NA,0.052236192,0,0,0,0,30,0.055156435,1,0,0,0,30,0.047835381,1,0,0,0,30,646.16,495.333,394.25,10.31,571.816,29.355,28.944,3.122,3.02,2.316,0.517,0.501
2026-03-21T11:09:56+08:00,20260321_110956_886973,D:\CodingHHW\Biplane\experiment\experiment_results.csv,CTChest,orthographic,Current mode: Orthographic,1,0,1,1,1,1,79.61,73.6,85.47,0.15,0.03,0,0.15 mm,0.03 px,0.00 mm,testPoint,TargetP3D,blackCenter2,PointGreen,PointRed,PointGreen,testPoint,30,1,1,0,1,-112.8845978,-61.86017609,-40.0840416,262.2716387,281.0095255,299.2987463,280.8599702,0,6,10,D:\CodingHHW\Biplane\experiment\transform_snapshots\20260321_110956_886973,LinearTransform,D:\CodingHHW\Biplane\experiment\transform_snapshots\20260321_110956_886973\20260321_110956_886973_1_LinearTransform.h5,1,LinearTransform_1,D:\CodingHHW\Biplane\experiment\transform_snapshots\20260321_110956_886973\20260321_110956_886973_2_LinearTransform_1.h5,1,LinearTransform_2,D:\CodingHHW\Biplane\experiment\transform_snapshots\20260321_110956_886973\20260321_110956_886973_3_LinearTransform_2.h5,1,3,1,0.923408589,0.923408589,1.85E-14,1,1,1.611957278,1.611957278,7.51E-14,1,1,1.111059562,1.111059562,2.94E-12,0,1,NA,NA,NA,NA,NA,NA,NA,NA,NA,NA,NA,NA,NA,NA,NA,NA,NA,NA,0.075952222,1,0,0,0,30,0.053299138,1,0,0,0,30,0.04058788,0,0,0,0,30,524.204,480.208,407.758,10.481,568.037,30.637,28.944,3.178,3.073,2.045,0.519,0.63
2026-03-21T11:15:21+08:00,20260321_111521_494868,D:\CodingHHW\Biplane\experiment\experiment_results.csv,CTChest,orthographic,Current mode: Orthographic,1,0,1,1,1,1,46.99,43.1,67.87,0.41,0.17,0,0.41 mm,0.17 px,0.00 mm,testPoint,TargetP3D,blackCenter2,PointGreen,PointRed,PointGreen,testPoint,30,1,1,0,1,-112.885,-61.86,-40.0840416,262.2716672,275.8613198,293.8290139,277.320667,0,6,10,D:\CodingHHW\Biplane\experiment\transform_snapshots\20260321_111521_494868,LinearTransform,D:\CodingHHW\Biplane\experiment\transform_snapshots\20260321_111521_494868\20260321_111521_494868_1_LinearTransform.h5,1,LinearTransform_1,D:\CodingHHW\Biplane\experiment\transform_snapshots\20260321_111521_494868\20260321_111521_494868_2_LinearTransform_1.h5,1,LinearTransform_2,D:\CodingHHW\Biplane\experiment\transform_snapshots\20260321_111521_494868\20260321_111521_494868_3_LinearTransform_2.h5,1,3,1,0.957060234,0.957060234,2.78E-14,1,1,1.330584411,1.330584411,1.04E-13,0,0,1.193410228,1.193410228,4.85E-13,1,1,NA,NA,NA,NA,NA,NA,NA,NA,NA,NA,NA,NA,NA,NA,NA,NA,NA,NA,0.06052819,0,1,0,0,30,0.057192198,0,0,0,0,30,0.059845625,0,1,0,0,30,568.778,615.032,470.366,9.61,565.762,30.127,28.944,3.451,3.162,2.106,0.597,0.507
2026-03-21T11:16:03+08:00,20260321_111603_320198,D:\CodingHHW\Biplane\experiment\experiment_results.csv,CTChest,orthographic,Current mode: Orthographic,1,0,1,1,1,1,46.99,43.1,67.87,0.33,0.55,0,0.33 mm,0.55 px,0.00 mm,testPoint,TargetP3D,blackCenter2,PointGreen,PointRed,PointGreen,testPoint,30,1,1,0,1,-112.885,-61.86,-40.0840416,262.2716672,275.8613198,293.8290139,277.320667,0,6,10,D:\CodingHHW\Biplane\experiment\transform_snapshots\20260321_111603_320198,LinearTransform,D:\CodingHHW\Biplane\experiment\transform_snapshots\20260321_111603_320198\20260321_111603_320198_1_LinearTransform.h5,1,LinearTransform_1,D:\CodingHHW\Biplane\experiment\transform_snapshots\20260321_111603_320198\20260321_111603_320198_2_LinearTransform_1.h5,1,LinearTransform_2,D:\CodingHHW\Biplane\experiment\transform_snapshots\20260321_111603_320198\20260321_111603_320198_3_LinearTransform_2.h5,1,3,1,1.065447403,1.065447403,2.71E-14,1,1,1.447555469,1.447555469,3.62E-14,1,1,1.20419509,1.20419509,2.32E-13,1,1,NA,NA,NA,NA,NA,NA,NA,NA,NA,NA,NA,NA,NA,NA,NA,NA,NA,NA,0.0411631,1,0,0,0,30,0.069573654,1,1,0,0,30,0.038129561,0,1,0,0,30,570.021,670.345,492.553,9.827,566.542,29.83,28.944,3.241,3.066,2.079,0.5,0.496
2026-03-21T11:16:45+08:00,20260321_111645_233689,D:\CodingHHW\Biplane\experiment\experiment_results.csv,CTChest,orthographic,Current mode: Orthographic,1,0,1,1,1,1,46.99,43.1,67.87,0.25,0.23,0,0.25 mm,0.23 px,0.00 mm,testPoint,TargetP3D,blackCenter2,PointGreen,PointRed,PointGreen,testPoint,30,1,1,0,1,-112.885,-61.86,-40.0840416,262.2716672,275.8613198,293.8290139,277.320667,0,6,10,D:\CodingHHW\Biplane\experiment\transform_snapshots\20260321_111645_233689,LinearTransform,D:\CodingHHW\Biplane\experiment\transform_snapshots\20260321_111645_233689\20260321_111645_233689_1_LinearTransform.h5,1,LinearTransform_1,D:\CodingHHW\Biplane\experiment\transform_snapshots\20260321_111645_233689\20260321_111645_233689_2_LinearTransform_1.h5,1,LinearTransform_2,D:\CodingHHW\Biplane\experiment\transform_snapshots\20260321_111645_233689\20260321_111645_233689_3_LinearTransform_2.h5,1,3,1,0.857210955,0.857210955,2.95E-14,0,0,1.199158278,1.199158278,3.75E-14,1,1,1.114484316,1.114484316,6.62E-13,0,0,NA,NA,NA,NA,NA,NA,NA,NA,NA,NA,NA,NA,NA,NA,NA,NA,NA,NA,0.093218638,1,0,0,0,30,0.038338281,0,1,0,0,30,0.075207952,0,0,0,0,30,520.221,508.044,479.708,9.596,565.256,30.218,28.944,3.308,3.13,2.409,0.525,0.648
2026-03-21T11:17:29+08:00,20260321_111729_224467,D:\CodingHHW\Biplane\experiment\experiment_results.csv,CTChest,orthographic,Current mode: Orthographic,1,0,1,1,1,1,46.99,43.1,67.87,0.55,0.34,0,0.55 mm,0.34 px,0.00 mm,testPoint,TargetP3D,blackCenter2,PointGreen,PointRed,PointGreen,testPoint,30,1,1,0,1,-112.885,-61.86,-40.0840416,262.2716672,275.8613198,293.8290139,277.320667,0,6,10,D:\CodingHHW\Biplane\experiment\transform_snapshots\20260321_111729_224467,LinearTransform,D:\CodingHHW\Biplane\experiment\transform_snapshots\20260321_111729_224467\20260321_111729_224467_1_LinearTransform.h5,1,LinearTransform_1,D:\CodingHHW\Biplane\experiment\transform_snapshots\20260321_111729_224467\20260321_111729_224467_2_LinearTransform_1.h5,1,LinearTransform_2,D:\CodingHHW\Biplane\experiment\transform_snapshots\20260321_111729_224467\20260321_111729_224467_3_LinearTransform_2.h5,1,3,1,1.137734124,1.137734124,3.33E-15,1,1,1.507501282,1.507501282,8.35E-14,1,0,1.224068227,1.224068227,2.30E-13,0,0,NA,NA,NA,NA,NA,NA,NA,NA,NA,NA,NA,NA,NA,NA,NA,NA,NA,NA,0.056978599,0,0,0,0,30,0.070034917,1,1,0,0,30,0.063202657,1,0,0,0,30,575.753,615.073,544.964,9.727,563.561,31.005,28.944,3.312,2.954,2.178,0.6,0.514
2026-03-21T11:18:27+08:00,20260321_111827_294406,D:\CodingHHW\Biplane\experiment\experiment_results.csv,CTChest,orthographic,Current mode: Orthographic,1,0,1,1,1,1,46.99,43.1,67.87,0.35,0,0,0.35 mm,0.00 px,0.00 mm,testPoint,TargetP3D,blackCenter2,PointGreen,PointRed,PointGreen,testPoint,30,1,1,1,1,-112.885,-61.86,-40.0840416,262.2716672,275.8613198,293.8290139,277.320667,0,6,10,D:\CodingHHW\Biplane\experiment\transform_snapshots\20260321_111827_294406,LinearTransform,D:\CodingHHW\Biplane\experiment\transform_snapshots\20260321_111827_294406\20260321_111827_294406_1_LinearTransform.h5,1,LinearTransform_1,D:\CodingHHW\Biplane\experiment\transform_snapshots\20260321_111827_294406\20260321_111827_294406_2_LinearTransform_1.h5,1,LinearTransform_2,D:\CodingHHW\Biplane\experiment\transform_snapshots\20260321_111827_294406\20260321_111827_294406_3_LinearTransform_2.h5,1,3,1,1.204091029,1.204091029,1.40E-14,1,1,1.249055376,1.249055376,1.62E-13,1,1,1.108854837,1.108854837,2.69E-12,0,0,NA,NA,NA,NA,NA,NA,NA,NA,NA,NA,NA,NA,NA,NA,NA,NA,NA,NA,0.05771939,1,1,0,0,30,0.099702062,0,0,0,0,30,0.058747452,0,0,0,0,30,570.712,563.881,465.96,10.124,567.031,29.242,28.944,3.391,1.652,2.155,0.495,0.509
2026-03-21T11:19:25+08:00,20260321_111925_178351,D:\CodingHHW\Biplane\experiment\experiment_results.csv,CTChest,orthographic,Current mode: Orthographic,1,0,1,1,1,1,46.99,43.1,67.87,0.29,0.24,0,0.29 mm,0.24 px,0.00 mm,testPoint,TargetP3D,blackCenter2,PointGreen,PointRed,PointGreen,testPoint,30,1,1,0,1,-112.885,-61.86,-40.0840416,262.2716672,275.8613198,293.8290139,277.320667,0,6,10,D:\CodingHHW\Biplane\experiment\transform_snapshots\20260321_111925_178351,LinearTransform,D:\CodingHHW\Biplane\experiment\transform_snapshots\20260321_111925_178351\20260321_111925_178351_1_LinearTransform.h5,1,LinearTransform_1,D:\CodingHHW\Biplane\experiment\transform_snapshots\20260321_111925_178351\20260321_111925_178351_2_LinearTransform_1.h5,1,LinearTransform_2,D:\CodingHHW\Biplane\experiment\transform_snapshots\20260321_111925_178351\20260321_111925_178351_3_LinearTransform_2.h5,1,3,1,0.845551847,0.845551847,8.10E-15,1,1,1.214946278,1.214946278,8.77E-14,0,0,0.996162991,0.996162991,1.73E-14,1,1,NA,NA,NA,NA,NA,NA,NA,NA,NA,NA,NA,NA,NA,NA,NA,NA,NA,NA,0.06627611,0,0,0,0,30,0.053924653,1,1,0,0,30,0.075320214,1,0,0,0,30,523.772,515.152,457.168,9.738,568.66,29.724,28.944,2.799,2.868,2.042,0.67,0.475
2026-03-21T11:21:10+08:00,20260321_112110_505791,D:\CodingHHW\Biplane\experiment\experiment_results.csv,CTChest,perspective,Current mode: Perspective,1,1,0,1,1,1,46.99,43.1,67.87,0.29,0.42,0,0.29 mm,0.42 px,0.00 mm,testPoint,TargetP3D,blackCenter2,PointGreen,PointRed,PointGreen,testPoint,30,0,1,0,1,-112.885,-61.86,-40.0840416,262.2716672,275.8613198,293.8290139,277.320667,0,6,10,D:\CodingHHW\Biplane\experiment\transform_snapshots\20260321_112110_505791,LinearTransform,D:\CodingHHW\Biplane\experiment\transform_snapshots\20260321_112110_505791\20260321_112110_505791_1_LinearTransform.h5,1,LinearTransform_1,D:\CodingHHW\Biplane\experiment\transform_snapshots\20260321_112110_505791\20260321_112110_505791_2_LinearTransform_1.h5,1,LinearTransform_2,D:\CodingHHW\Biplane\experiment\transform_snapshots\20260321_112110_505791\20260321_112110_505791_3_LinearTransform_2.h5,1,3,1,0.060637282,0.060637282,1.80E-14,0,0,0.060040635,0.060040635,1.13E-13,0,0,0.05544594,0.05544594,3.35E-13,0,0,0.06008303,1,0,0,0,30,0.047328098,1,1,0,0,30,0.055089094,0,1,0,0,30,NA,NA,NA,NA,NA,NA,NA,NA,NA,NA,NA,NA,NA,NA,NA,NA,NA,NA,490.629,545.252,421.106,9.846,599.863,58.158,29.948,2.799,3.447,2.113,0.569,0.52
2026-03-21T11:21:50+08:00,20260321_112150_110203,D:\CodingHHW\Biplane\experiment\experiment_results.csv,CTChest,perspective,Current mode: Perspective,1,1,0,1,1,1,46.99,43.1,67.87,0.12,0.4,0,0.12 mm,0.40 px,0.00 mm,testPoint,TargetP3D,blackCenter2,PointGreen,PointRed,PointGreen,testPoint,30,0,1,0,1,-112.885,-61.86,-40.0840416,262.2716672,275.8613198,293.8290139,277.320667,0,6,10,D:\CodingHHW\Biplane\experiment\transform_snapshots\20260321_112150_110203,LinearTransform,D:\CodingHHW\Biplane\experiment\transform_snapshots\20260321_112150_110203\20260321_112150_110203_1_LinearTransform.h5,1,LinearTransform_1,D:\CodingHHW\Biplane\experiment\transform_snapshots\20260321_112150_110203\20260321_112150_110203_2_LinearTransform_1.h5,1,LinearTransform_2,D:\CodingHHW\Biplane\experiment\transform_snapshots\20260321_112150_110203\20260321_112150_110203_3_LinearTransform_2.h5,1,3,1,0.042719081,0.042719081,1.44E-14,1,1,0.076759089,0.076759089,1.65E-14,1,1,0.093394651,0.093394651,3.21E-14,0,0,0.041763562,1,0,0,0,30,0.076313216,0,0,0,0,30,0.092886961,0,0,0,0,30,NA,NA,NA,NA,NA,NA,NA,NA,NA,NA,NA,NA,NA,NA,NA,NA,NA,NA,593.805,537.331,418.45,10.363,596.266,58.584,30.699,2.799,3.793,2.564,0.829,0.583
2026-03-21T11:22:24+08:00,20260321_112224_901172,D:\CodingHHW\Biplane\experiment\experiment_results.csv,CTChest,perspective,Current mode: Perspective,1,1,0,1,1,1,46.99,43.1,67.87,0.25,0.03,0,0.25 mm,0.03 px,0.00 mm,testPoint,TargetP3D,blackCenter2,PointGreen,PointRed,PointGreen,testPoint,30,0,1,0,1,-112.885,-61.86,-40.0840416,262.2716672,275.8613198,293.8290139,277.320667,0,6,10,D:\CodingHHW\Biplane\experiment\transform_snapshots\20260321_112224_901172,LinearTransform,D:\CodingHHW\Biplane\experiment\transform_snapshots\20260321_112224_901172\20260321_112224_901172_1_LinearTransform.h5,1,LinearTransform_1,D:\CodingHHW\Biplane\experiment\transform_snapshots\20260321_112224_901172\20260321_112224_901172_2_LinearTransform_1.h5,1,LinearTransform_2,D:\CodingHHW\Biplane\experiment\transform_snapshots\20260321_112224_901172\20260321_112224_901172_3_LinearTransform_2.h5,1,3,1,0.043174897,0.043174897,2.48E-14,1,1,0.075476354,0.075476354,9.88E-15,0,0,0.086151992,0.086151992,2.60E-14,0,0,0.041439981,0,0,0,0,30,0.074626874,1,1,0,0,30,0.084609732,1,1,0,0,30,NA,NA,NA,NA,NA,NA,NA,NA,NA,NA,NA,NA,NA,NA,NA,NA,NA,NA,499.546,546.329,435.016,11.12,594.306,58.008,30.55,2.799,2.983,3.391,0.606,0.513
2026-03-21T11:23:02+08:00,20260321_112302_684337,D:\CodingHHW\Biplane\experiment\experiment_results.csv,CTChest,perspective,Current mode: Perspective,1,1,0,1,1,1,46.99,43.1,67.87,0.32,0.2,0,0.32 mm,0.20 px,0.00 mm,testPoint,TargetP3D,blackCenter2,PointGreen,PointRed,PointGreen,testPoint,30,0,1,0,1,-112.885,-61.86,-40.0840416,262.2716672,275.8613198,293.8290139,277.320667,0,6,10,D:\CodingHHW\Biplane\experiment\transform_snapshots\20260321_112302_684337,LinearTransform,D:\CodingHHW\Biplane\experiment\transform_snapshots\20260321_112302_684337\20260321_112302_684337_1_LinearTransform.h5,1,LinearTransform_1,D:\CodingHHW\Biplane\experiment\transform_snapshots\20260321_112302_684337\20260321_112302_684337_2_LinearTransform_1.h5,1,LinearTransform_2,D:\CodingHHW\Biplane\experiment\transform_snapshots\20260321_112302_684337\20260321_112302_684337_3_LinearTransform_2.h5,1,3,1,0.035706373,0.035706373,1.96E-14,0,0,0.068801581,0.068801581,1.16E-13,0,0,0.074719416,0.074719416,1.27E-13,0,0,0.033054503,1,0,0,0,30,0.064220593,1,1,0,0,30,0.073389416,1,0,0,0,30,NA,NA,NA,NA,NA,NA,NA,NA,NA,NA,NA,NA,NA,NA,NA,NA,NA,NA,503.997,524.232,408.055,9.907,592.979,56.758,28.891,2.799,2.95,2.075,0.504,0.626
2026-03-21T11:23:59+08:00,20260321_112359_141376,D:\CodingHHW\Biplane\experiment\experiment_results.csv,CTChest,perspective,Current mode: Perspective,1,1,0,1,1,1,46.99,43.1,67.87,0.26,0.15,0,0.26 mm,0.15 px,0.00 mm,testPoint,TargetP3D,blackCenter2,PointGreen,PointRed,PointGreen,testPoint,30,0,1,0,1,-112.885,-61.86,-40.0840416,262.2716672,275.8613198,293.8290139,277.320667,0,6,10,D:\CodingHHW\Biplane\experiment\transform_snapshots\20260321_112359_141376,LinearTransform,D:\CodingHHW\Biplane\experiment\transform_snapshots\20260321_112359_141376\20260321_112359_141376_1_LinearTransform.h5,1,LinearTransform_1,D:\CodingHHW\Biplane\experiment\transform_snapshots\20260321_112359_141376\20260321_112359_141376_2_LinearTransform_1.h5,1,LinearTransform_2,D:\CodingHHW\Biplane\experiment\transform_snapshots\20260321_112359_141376\20260321_112359_141376_3_LinearTransform_2.h5,1,3,1,0.076076801,0.076076801,7.00E-14,0,0,0.074746924,0.074746924,4.53E-14,1,1,0.07562696,0.07562696,3.87E-13,1,1,0.075370007,0,0,0,0,30,0.053444412,0,1,0,0,30,0.071809692,1,1,0,0,30,NA,NA,NA,NA,NA,NA,NA,NA,NA,NA,NA,NA,NA,NA,NA,NA,NA,NA,564.233,576.202,453.914,9.638,594.831,59.282,30.975,2.799,3.13,2.033,0.543,0.498
2026-03-21T11:24:26+08:00,20260321_112426_685447,D:\CodingHHW\Biplane\experiment\experiment_results.csv,CTChest,perspective,Current mode: Perspective,1,1,0,1,1,1,46.99,43.1,67.87,0.18,0.03,0,0.18 mm,0.03 px,0.00 mm,testPoint,TargetP3D,blackCenter2,PointGreen,PointRed,PointGreen,testPoint,30,0,1,0,1,-112.885,-61.86,-40.0840416,262.2716672,275.8613198,293.8290139,277.320667,0,6,10,D:\CodingHHW\Biplane\experiment\transform_snapshots\20260321_112426_685447,LinearTransform,D:\CodingHHW\Biplane\experiment\transform_snapshots\20260321_112426_685447\20260321_112426_685447_1_LinearTransform.h5,1,LinearTransform_1,D:\CodingHHW\Biplane\experiment\transform_snapshots\20260321_112426_685447\20260321_112426_685447_2_LinearTransform_1.h5,1,LinearTransform_2,D:\CodingHHW\Biplane\experiment\transform_snapshots\20260321_112426_685447\20260321_112426_685447_3_LinearTransform_2.h5,1,3,1,0.0480232,0.0480232,2.17E-13,0,0,0.083232676,0.083232676,3.02E-14,1,1,0.089347799,0.089347799,2.34E-13,0,0,0.043257091,1,1,0,0,30,0.082348055,0,1,0,0,30,0.087288899,0,1,0,0,30,NA,NA,NA,NA,NA,NA,NA,NA,NA,NA,NA,NA,NA,NA,NA,NA,NA,NA,529.613,533.094,448.795,9.833,599.277,56.504,29.204,2.799,3.084,2.161,0.752,0.539
2026-03-21T11:32:45+08:00,20260321_113245_651371,D:\CodingHHW\Biplane\experiment\experiment_results.csv,CTChest,perspective,Current mode: Perspective,1,1,0,1,1,1,16.17,0.4,15.89,0.5,0.94,0,0.50 mm,0.94 px,0.00 mm,testPoint,TargetP3D,blackCenter2,PointGreen,PointRed,PointGreen,testPoint,30,0,1,0,1,-112.885,-61.86,-40.0840416,262.2716672,272.6748218,287.6954114,274.2139668,0,6,10,D:\CodingHHW\Biplane\experiment\transform_snapshots\20260321_113245_651371,LinearTransform,D:\CodingHHW\Biplane\experiment\transform_snapshots\20260321_113245_651371\20260321_113245_651371_1_LinearTransform.h5,1,LinearTransform_1,D:\CodingHHW\Biplane\experiment\transform_snapshots\20260321_113245_651371\20260321_113245_651371_2_LinearTransform_1.h5,1,LinearTransform_2,D:\CodingHHW\Biplane\experiment\transform_snapshots\20260321_113245_651371\20260321_113245_651371_3_LinearTransform_2.h5,1,3,1,0.06472926,0.06472926,2.80E-13,0,0,0.067727289,0.067727289,5.22E-14,0,0,0.066052338,0.066052338,2.70E-13,0,0,0.062544265,0,0,0,0,30,0.066686483,0,1,0,0,30,0.062294182,1,0,0,0,30,NA,NA,NA,NA,NA,NA,NA,NA,NA,NA,NA,NA,NA,NA,NA,NA,NA,NA,504.186,510.165,489.697,9.6,583.772,59.815,32.037,2.799,4.038,2.276,0.567,0.486
2026-03-21T11:33:33+08:00,20260321_113333_791475,D:\CodingHHW\Biplane\experiment\experiment_results.csv,CTChest,perspective,Current mode: Perspective,1,1,0,1,1,1,16.17,0.4,15.89,0.75,0.34,0,0.75 mm,0.34 px,0.00 mm,testPoint,TargetP3D,blackCenter2,PointGreen,PointRed,PointGreen,testPoint,30,0,1,0,1,-112.885,-61.86,-40.0840416,262.2716672,272.6748218,287.6954114,274.2139668,0,6,10,D:\CodingHHW\Biplane\experiment\transform_snapshots\20260321_113333_791475,LinearTransform,D:\CodingHHW\Biplane\experiment\transform_snapshots\20260321_113333_791475\20260321_113333_791475_1_LinearTransform.h5,1,LinearTransform_1,D:\CodingHHW\Biplane\experiment\transform_snapshots\20260321_113333_791475\20260321_113333_791475_2_LinearTransform_1.h5,1,LinearTransform_2,D:\CodingHHW\Biplane\experiment\transform_snapshots\20260321_113333_791475\20260321_113333_791475_3_LinearTransform_2.h5,1,3,1,0.073972646,0.073972646,8.80E-14,0,0,0.054379366,0.054379366,5.33E-14,1,1,0.060725234,0.060725234,6.74E-14,1,1,0.068865451,0,1,0,0,30,0.05248322,0,1,0,0,30,0.059101455,1,0,0,0,30,NA,NA,NA,NA,NA,NA,NA,NA,NA,NA,NA,NA,NA,NA,NA,NA,NA,NA,540.022,516.185,507.519,10.331,586.195,60.86,33.483,2.799,3.196,2.067,0.547,0.525
2026-03-21T11:34:15+08:00,20260321_113415_940133,D:\CodingHHW\Biplane\experiment\experiment_results.csv,CTChest,perspective,Current mode: Perspective,1,1,0,1,1,1,16.17,0.4,15.89,0.19,0.5,0,0.19 mm,0.50 px,0.00 mm,testPoint,TargetP3D,blackCenter2,PointGreen,PointRed,PointGreen,testPoint,30,0,1,0,1,-112.885,-61.86,-40.0840416,262.2716672,272.6748218,287.6954114,274.2139668,0,6,10,D:\CodingHHW\Biplane\experiment\transform_snapshots\20260321_113415_940133,LinearTransform,D:\CodingHHW\Biplane\experiment\transform_snapshots\20260321_113415_940133\20260321_113415_940133_1_LinearTransform.h5,1,LinearTransform_1,D:\CodingHHW\Biplane\experiment\transform_snapshots\20260321_113415_940133\20260321_113415_940133_2_LinearTransform_1.h5,1,LinearTransform_2,D:\CodingHHW\Biplane\experiment\transform_snapshots\20260321_113415_940133\20260321_113415_940133_3_LinearTransform_2.h5,1,3,1,0.063438415,0.063438415,7.51E-14,0,0,0.059469164,0.059469164,1.79E-14,1,1,0.052245342,0.052245342,1.57E-13,1,1,0.060148603,1,0,0,0,30,0.058371419,0,1,0,0,30,0.050661524,0,1,0,0,30,NA,NA,NA,NA,NA,NA,NA,NA,NA,NA,NA,NA,NA,NA,NA,NA,NA,NA,500.345,527.813,481.143,10.248,583.73,59.128,32.552,2.799,3.033,2.156,0.521,0.484
2026-03-21T11:35:00+08:00,20260321_113500_210143,D:\CodingHHW\Biplane\experiment\experiment_results.csv,CTChest,perspective,Current mode: Perspective,1,1,0,1,1,1,16.17,0.4,15.89,0.62,0.39,0,0.62 mm,0.39 px,0.00 mm,testPoint,TargetP3D,blackCenter2,PointGreen,PointRed,PointGreen,testPoint,30,0,1,0,1,-112.885,-61.86,-40.0840416,262.2716672,272.6748218,287.6954114,274.2139668,0,6,10,D:\CodingHHW\Biplane\experiment\transform_snapshots\20260321_113500_210143,LinearTransform,D:\CodingHHW\Biplane\experiment\transform_snapshots\20260321_113500_210143\20260321_113500_210143_1_LinearTransform.h5,1,LinearTransform_1,D:\CodingHHW\Biplane\experiment\transform_snapshots\20260321_113500_210143\20260321_113500_210143_2_LinearTransform_1.h5,1,LinearTransform_2,D:\CodingHHW\Biplane\experiment\transform_snapshots\20260321_113500_210143\20260321_113500_210143_3_LinearTransform_2.h5,1,3,1,0.076819028,0.076819028,1.44E-14,0,0,0.061750891,0.061750891,6.98E-15,1,1,0.07459612,0.07459612,9.93E-14,1,1,0.075276144,0,0,0,0,30,0.053714168,1,1,0,0,30,0.065141889,0,0,0,0,30,NA,NA,NA,NA,NA,NA,NA,NA,NA,NA,NA,NA,NA,NA,NA,NA,NA,NA,548.816,525.474,483.169,9.609,579.873,58.688,31.819,2.799,2.955,2.298,0.804,0.52
2026-03-21T11:35:43+08:00,20260321_113543_747917,D:\CodingHHW\Biplane\experiment\experiment_results.csv,CTChest,perspective,Current mode: Perspective,1,1,0,1,1,1,16.17,0.4,15.89,0.59,0.24,0,0.59 mm,0.24 px,0.00 mm,testPoint,TargetP3D,blackCenter2,PointGreen,PointRed,PointGreen,testPoint,30,0,1,0,1,-112.885,-61.86,-40.0840416,262.2716672,272.6748218,287.6954114,274.2139668,0,6,10,D:\CodingHHW\Biplane\experiment\transform_snapshots\20260321_113543_747917,LinearTransform,D:\CodingHHW\Biplane\experiment\transform_snapshots\20260321_113543_747917\20260321_113543_747917_1_LinearTransform.h5,1,LinearTransform_1,D:\CodingHHW\Biplane\experiment\transform_snapshots\20260321_113543_747917\20260321_113543_747917_2_LinearTransform_1.h5,1,LinearTransform_2,D:\CodingHHW\Biplane\experiment\transform_snapshots\20260321_113543_747917\20260321_113543_747917_3_LinearTransform_2.h5,1,3,1,0.060331008,0.060331008,7.81E-15,0,0,0.059397905,0.059397905,7.28E-14,0,0,0.064613225,0.064613225,2.46E-13,1,1,0.05869483,0,0,0,0,30,0.056657538,1,1,0,0,30,0.064251081,0,0,0,0,30,NA,NA,NA,NA,NA,NA,NA,NA,NA,NA,NA,NA,NA,NA,NA,NA,NA,NA,491.679,523.615,545.536,10.305,582.202,59.326,32.641,2.799,3.401,2.094,0.529,0.615
2026-03-21T11:36:23+08:00,20260321_113623_653643,D:\CodingHHW\Biplane\experiment\experiment_results.csv,CTChest,perspective,Current mode: Perspective,1,1,0,1,1,1,16.17,0.4,15.89,0.16,0.27,0,0.16 mm,0.27 px,0.00 mm,testPoint,TargetP3D,blackCenter2,PointGreen,PointRed,PointGreen,testPoint,30,0,1,0,1,-112.885,-61.86,-40.0840416,262.2716672,272.6748218,287.6954114,274.2139668,0,6,10,D:\CodingHHW\Biplane\experiment\transform_snapshots\20260321_113623_653643,LinearTransform,D:\CodingHHW\Biplane\experiment\transform_snapshots\20260321_113623_653643\20260321_113623_653643_1_LinearTransform.h5,1,LinearTransform_1,D:\CodingHHW\Biplane\experiment\transform_snapshots\20260321_113623_653643\20260321_113623_653643_2_LinearTransform_1.h5,1,LinearTransform_2,D:\CodingHHW\Biplane\experiment\transform_snapshots\20260321_113623_653643\20260321_113623_653643_3_LinearTransform_2.h5,1,3,1,0.081449549,0.081449549,2.70E-14,1,1,0.055992015,0.055992015,3.26E-14,0,0,0.04286721,0.04286721,5.62E-14,0,0,0.079656825,0,1,0,0,30,0.048832335,1,0,0,0,30,0.041298934,1,0,0,0,30,NA,NA,NA,NA,NA,NA,NA,NA,NA,NA,NA,NA,NA,NA,NA,NA,NA,NA,521.215,514.282,476.418,9.594,590.72,60.155,32.859,2.799,3.72,2.148,0.55,0.559
2026-03-21T11:38:36+08:00,20260321_113836_445502,D:\CodingHHW\Biplane\experiment\experiment_results.csv,CTChest,perspective,Current mode: Perspective,1,1,0,1,1,1,16.17,0.4,15.89,0.62,0.48,0,0.62 mm,0.48 px,0.00 mm,testPoint,TargetP3D,blackCenter2,PointGreen,PointRed,PointGreen,testPoint,30,0,1,0,1,-112.885,-61.86,-40.0840416,262.2716672,272.6748218,287.6954114,274.2139668,0,6,10,D:\CodingHHW\Biplane\experiment\transform_snapshots\20260321_113836_445502,LinearTransform,D:\CodingHHW\Biplane\experiment\transform_snapshots\20260321_113836_445502\20260321_113836_445502_1_LinearTransform.h5,1,LinearTransform_1,D:\CodingHHW\Biplane\experiment\transform_snapshots\20260321_113836_445502\20260321_113836_445502_2_LinearTransform_1.h5,1,LinearTransform_2,D:\CodingHHW\Biplane\experiment\transform_snapshots\20260321_113836_445502\20260321_113836_445502_3_LinearTransform_2.h5,1,3,1,0.046507799,0.046507799,2.43E-14,1,1,0.069846039,0.069846039,2.86E-14,1,1,0.041037754,0.041037754,3.60E-14,0,0,0.045204779,0,1,0,0,30,0.069631149,1,0,0,0,30,0.040842318,0,1,0,0,30,NA,NA,NA,NA,NA,NA,NA,NA,NA,NA,NA,NA,NA,NA,NA,NA,NA,NA,582.343,514.943,507.185,10.009,577.422,58.667,32.052,2.799,3.194,2.455,0.725,0.552
2026-03-21T11:40:02+08:00,20260321_114002_928274,D:\CodingHHW\Biplane\experiment\experiment_results.csv,CTChest,orthographic,Current mode: Orthographic,1,0,1,1,1,1,16.17,0.4,15.89,0.39,0.24,0,0.39 mm,0.24 px,0.00 mm,testPoint,TargetP3D,blackCenter2,PointGreen,PointRed,PointGreen,testPoint,30,1,1,0,1,-112.885,-61.86,-40.0840416,262.2716672,272.6748218,287.6954114,274.2139668,0,6,10,D:\CodingHHW\Biplane\experiment\transform_snapshots\20260321_114002_928274,LinearTransform,D:\CodingHHW\Biplane\experiment\transform_snapshots\20260321_114002_928274\20260321_114002_928274_1_LinearTransform.h5,1,LinearTransform_1,D:\CodingHHW\Biplane\experiment\transform_snapshots\20260321_114002_928274\20260321_114002_928274_2_LinearTransform_1.h5,1,LinearTransform_2,D:\CodingHHW\Biplane\experiment\transform_snapshots\20260321_114002_928274\20260321_114002_928274_3_LinearTransform_2.h5,1,3,1,1.020083234,1.020083234,2.20E-14,0,0,1.277179633,1.277179633,7.77E-15,0,0,1.31761921,1.31761921,4.77E-14,1,1,NA,NA,NA,NA,NA,NA,NA,NA,NA,NA,NA,NA,NA,NA,NA,NA,NA,NA,0.058414539,0,0,0,0,30,0.052043799,0,1,0,0,30,0.081814038,0,1,0,0,30,669.753,593.233,702.978,10.227,554.269,30.364,32.052,3.367,3.032,2.222,0.499,0.51
2026-03-21T11:41:22+08:00,20260321_114122_947702,D:\CodingHHW\Biplane\experiment\experiment_results.csv,CTChest,orthographic,Current mode: Orthographic,1,0,1,1,1,1,16.17,0.4,15.89,0.46,0.53,0,0.46 mm,0.53 px,0.00 mm,testPoint,TargetP3D,blackCenter2,PointGreen,PointRed,PointGreen,testPoint,30,1,1,0,1,-112.885,-61.86,-40.0840416,262.2716672,272.6748218,287.6954114,274.2139668,0,6,10,D:\CodingHHW\Biplane\experiment\transform_snapshots\20260321_114122_947702,LinearTransform,D:\CodingHHW\Biplane\experiment\transform_snapshots\20260321_114122_947702\20260321_114122_947702_1_LinearTransform.h5,1,LinearTransform_1,D:\CodingHHW\Biplane\experiment\transform_snapshots\20260321_114122_947702\20260321_114122_947702_2_LinearTransform_1.h5,1,LinearTransform_2,D:\CodingHHW\Biplane\experiment\transform_snapshots\20260321_114122_947702\20260321_114122_947702_3_LinearTransform_2.h5,1,3,1,1.456073601,1.456073601,5.80E-14,0,0,1.605147972,1.605147972,1.32E-13,0,0,1.378960735,1.378960735,1.44E-14,0,0,NA,NA,NA,NA,NA,NA,NA,NA,NA,NA,NA,NA,NA,NA,NA,NA,NA,NA,0.053121323,1,0,0,0,30,0.036841135,1,0,0,0,30,0.046556956,0,1,0,0,30,665.416,589.214,601.254,9.848,552.292,29.895,32.052,3.186,3.704,2.092,0.501,0.47
2026-03-21T11:41:58+08:00,20260321_114158_112098,D:\CodingHHW\Biplane\experiment\experiment_results.csv,CTChest,orthographic,Current mode: Orthographic,1,0,1,1,1,1,16.17,0.4,15.89,0.28,0.6,0,0.28 mm,0.60 px,0.00 mm,testPoint,TargetP3D,blackCenter2,PointGreen,PointRed,PointGreen,testPoint,30,1,1,0,1,-112.885,-61.86,-40.0840416,262.2716672,272.6748218,287.6954114,274.2139668,0,6,10,D:\CodingHHW\Biplane\experiment\transform_snapshots\20260321_114158_112098,LinearTransform,D:\CodingHHW\Biplane\experiment\transform_snapshots\20260321_114158_112098\20260321_114158_112098_1_LinearTransform.h5,1,LinearTransform_1,D:\CodingHHW\Biplane\experiment\transform_snapshots\20260321_114158_112098\20260321_114158_112098_2_LinearTransform_1.h5,1,LinearTransform_2,D:\CodingHHW\Biplane\experiment\transform_snapshots\20260321_114158_112098\20260321_114158_112098_3_LinearTransform_2.h5,1,3,1,1.456976668,1.456976668,5.24E-14,0,0,1.541724154,1.541724154,3.66E-14,1,1,1.36686649,1.36686649,1.13E-13,0,0,NA,NA,NA,NA,NA,NA,NA,NA,NA,NA,NA,NA,NA,NA,NA,NA,NA,NA,0.033239496,1,0,0,0,30,0.055789913,0,0,0,0,30,0.043471318,0,1,0,0,30,595.867,629.627,589.983,9.587,549.794,29.467,32.052,3.282,3.07,1.957,0.515,0.502
2026-03-21T11:45:00+08:00,20260321_114500_940277,D:\CodingHHW\Biplane\experiment\experiment_results.csv,CTChest,orthographic,Current mode: Orthographic,1,0,1,1,1,1,16.17,0.4,15.89,0.25,0.3,0,0.25 mm,0.30 px,0.00 mm,testPoint,TargetP3D,blackCenter2,PointGreen,PointRed,PointGreen,testPoint,30,1,1,0,1,-112.885,-61.86,-40.0840416,262.2716672,272.6748218,287.6954114,274.2139668,0,6,10,D:\CodingHHW\Biplane\experiment\transform_snapshots\20260321_114500_940277,LinearTransform,D:\CodingHHW\Biplane\experiment\transform_snapshots\20260321_114500_940277\20260321_114500_940277_1_LinearTransform.h5,1,LinearTransform_1,D:\CodingHHW\Biplane\experiment\transform_snapshots\20260321_114500_940277\20260321_114500_940277_2_LinearTransform_1.h5,1,LinearTransform_2,D:\CodingHHW\Biplane\experiment\transform_snapshots\20260321_114500_940277\20260321_114500_940277_3_LinearTransform_2.h5,1,3,1,1.211081907,1.211081907,1.47E-14,1,1,1.371639483,1.371639483,4.77E-14,0,0,1.22061147,1.22061147,2.85E-13,1,1,NA,NA,NA,NA,NA,NA,NA,NA,NA,NA,NA,NA,NA,NA,NA,NA,NA,NA,0.047531071,0,0,0,0,30,0.071457835,1,0,0,0,30,0.060896234,1,0,0,0,30,575.809,577.026,597.863,10.798,550.034,28.981,32.052,2.974,3.851,2.001,0.65,0.504
2026-03-21T11:46:18+08:00,20260321_114618_193299,D:\CodingHHW\Biplane\experiment\experiment_results.csv,CTChest,orthographic,Current mode: Orthographic,1,0,1,1,1,1,16.17,0.4,15.89,0.18,0.18,0,0.18 mm,0.18 px,0.00 mm,testPoint,TargetP3D,blackCenter2,PointGreen,PointRed,PointGreen,testPoint,30,1,1,0,1,-112.885,-61.86,-40.0840416,262.2716672,272.6748218,287.6954114,274.2139668,0,6,10,D:\CodingHHW\Biplane\experiment\transform_snapshots\20260321_114618_193299,LinearTransform,D:\CodingHHW\Biplane\experiment\transform_snapshots\20260321_114618_193299\20260321_114618_193299_1_LinearTransform.h5,1,LinearTransform_1,D:\CodingHHW\Biplane\experiment\transform_snapshots\20260321_114618_193299\20260321_114618_193299_2_LinearTransform_1.h5,1,LinearTransform_2,D:\CodingHHW\Biplane\experiment\transform_snapshots\20260321_114618_193299\20260321_114618_193299_3_LinearTransform_2.h5,1,3,1,1.417822563,1.417822563,3.86E-14,1,1,1.526107633,1.526107633,6.88E-15,1,1,1.305458742,1.305458742,2.11E-14,0,0,NA,NA,NA,NA,NA,NA,NA,NA,NA,NA,NA,NA,NA,NA,NA,NA,NA,NA,0.049747055,0,1,0,0,30,0.024747088,0,1,0,0,30,0.054305138,0,1,0,0,30,693.895,718.052,571.01,9.584,552.5,31.103,32.052,3.734,3.163,2.13,0.544,0.726
2026-03-21T11:46:58+08:00,20260321_114658_425920,D:\CodingHHW\Biplane\experiment\experiment_results.csv,CTChest,orthographic,Current mode: Orthographic,1,0,1,1,1,1,16.17,0.4,15.89,0.71,0.1,0,0.71 mm,0.10 px,0.00 mm,testPoint,TargetP3D,blackCenter2,PointGreen,PointRed,PointGreen,testPoint,30,1,1,0,1,-112.885,-61.86,-40.0840416,262.2716672,272.6748218,287.6954114,274.2139668,0,6,10,D:\CodingHHW\Biplane\experiment\transform_snapshots\20260321_114658_425920,LinearTransform,D:\CodingHHW\Biplane\experiment\transform_snapshots\20260321_114658_425920\20260321_114658_425920_1_LinearTransform.h5,1,LinearTransform_1,D:\CodingHHW\Biplane\experiment\transform_snapshots\20260321_114658_425920\20260321_114658_425920_2_LinearTransform_1.h5,1,LinearTransform_2,D:\CodingHHW\Biplane\experiment\transform_snapshots\20260321_114658_425920\20260321_114658_425920_3_LinearTransform_2.h5,1,3,1,1.215863003,1.215863003,3.57E-14,1,1,1.393148757,1.393148757,1.15E-14,1,1,1.328025383,1.328025383,1.18E-13,1,1,NA,NA,NA,NA,NA,NA,NA,NA,NA,NA,NA,NA,NA,NA,NA,NA,NA,NA,0.061900313,0,0,0,0,30,0.043313997,0,0,0,0,30,0.040740024,0,1,0,0,30,579.753,629.923,577.895,9.564,550.981,29.784,32.052,2.854,3.139,2.102,0.621,0.485
2026-03-21T11:47:40+08:00,20260321_114740_769017,D:\CodingHHW\Biplane\experiment\experiment_results.csv,CTChest,orthographic,Current mode: Orthographic,1,0,1,1,1,1,16.17,0.4,15.89,0.52,0.21,0,0.52 mm,0.21 px,0.00 mm,testPoint,TargetP3D,blackCenter2,PointGreen,PointRed,PointGreen,testPoint,30,1,1,0,1,-112.885,-61.86,-40.0840416,262.2716672,272.6748218,287.6954114,274.2139668,0,6,10,D:\CodingHHW\Biplane\experiment\transform_snapshots\20260321_114740_769017,LinearTransform,D:\CodingHHW\Biplane\experiment\transform_snapshots\20260321_114740_769017\20260321_114740_769017_1_LinearTransform.h5,1,LinearTransform_1,D:\CodingHHW\Biplane\experiment\transform_snapshots\20260321_114740_769017\20260321_114740_769017_2_LinearTransform_1.h5,1,LinearTransform_2,D:\CodingHHW\Biplane\experiment\transform_snapshots\20260321_114740_769017\20260321_114740_769017_3_LinearTransform_2.h5,1,3,1,1.442613012,1.442613012,2.89E-15,1,1,1.44911242,1.44911242,1.12E-13,0,0,1.240762151,1.240762151,1.73E-14,1,1,NA,NA,NA,NA,NA,NA,NA,NA,NA,NA,NA,NA,NA,NA,NA,NA,NA,NA,0.063174843,0,0,0,0,30,0.042343866,1,1,0,0,30,0.040412961,0,1,0,0,30,579.123,662.799,667.713,9.722,553.433,29.885,32.052,3.291,2.877,2.337,0.544,0.512
2026-03-21T12:22:24+08:00,20260321_122224_828856,D:\CodingHHW\Biplane\experiment\experiment_results.csv,CTChest,orthographic,Current mode: Orthographic,1,0,1,1,1,1,16.17,0.4,15.89,0.48,0.33,0,0.48 mm,0.33 px,0.00 mm,testPoint,TargetP3D,blackCenter2,PointGreen,PointRed,PointGreen,testPoint,30,1,1,0,1,-109.4239426,48.14917755,-120.7944031,143.7516602,154.9419,167.2956075,155.3297226,0,6,10,D:\CodingHHW\Biplane\experiment\transform_snapshots\20260321_122224_828856,LinearTransform,D:\CodingHHW\Biplane\experiment\transform_snapshots\20260321_122224_828856\20260321_122224_828856_1_LinearTransform.h5,1,LinearTransform_1,D:\CodingHHW\Biplane\experiment\transform_snapshots\20260321_122224_828856\20260321_122224_828856_2_LinearTransform_1.h5,1,LinearTransform_2,D:\CodingHHW\Biplane\experiment\transform_snapshots\20260321_122224_828856\20260321_122224_828856_3_LinearTransform_2.h5,1,3,1,1.282721708,1.282721708,9.33E-15,1,1,1.312373984,1.312373984,2.53E-14,0,0,1.308127359,1.308127359,3.46E-14,1,1,NA,NA,NA,NA,NA,NA,NA,NA,NA,NA,NA,NA,NA,NA,NA,NA,NA,NA,0.042439482,0,0,0,0,30,0.065263748,1,0,0,0,30,0.033062196,1,0,0,0,30,607.174,604.404,553.99,10.495,552.761,30.015,32.052,3.195,3.454,2.188,0.555,0.605
2026-03-21T12:23:48+08:00,20260321_122348_425837,D:\CodingHHW\Biplane\experiment\experiment_results.csv,CTChest,orthographic,Current mode: Orthographic,1,0,1,1,1,1,16.17,0.4,15.89,0.11,0.12,0,0.11 mm,0.12 px,0.00 mm,testPoint,TargetP3D,blackCenter2,PointGreen,PointRed,PointGreen,testPoint,30,1,1,0,1,-109.4239426,48.14917755,-120.7944031,143.7516602,154.9419,167.2956075,155.3297226,0,6,10,D:\CodingHHW\Biplane\experiment\transform_snapshots\20260321_122348_425837,LinearTransform,D:\CodingHHW\Biplane\experiment\transform_snapshots\20260321_122348_425837\20260321_122348_425837_1_LinearTransform.h5,1,LinearTransform_1,D:\CodingHHW\Biplane\experiment\transform_snapshots\20260321_122348_425837\20260321_122348_425837_2_LinearTransform_1.h5,1,LinearTransform_2,D:\CodingHHW\Biplane\experiment\transform_snapshots\20260321_122348_425837\20260321_122348_425837_3_LinearTransform_2.h5,1,3,1,1.252660263,1.252660263,2.60E-14,0,0,1.30461321,1.30461321,4.09E-14,0,0,1.427075081,1.427075081,1.90E-13,0,0,NA,NA,NA,NA,NA,NA,NA,NA,NA,NA,NA,NA,NA,NA,NA,NA,NA,NA,0.045943744,1,1,0,0,30,0.033269182,1,1,0,0,30,0.066810507,0,0,0,0,30,677.21,686.731,650.174,9.688,551.444,30.135,32.052,3.05,2.933,2.089,0.528,0.719
2026-03-21T12:24:43+08:00,20260321_122443_517302,D:\CodingHHW\Biplane\experiment\experiment_results.csv,CTChest,orthographic,Current mode: Orthographic,1,0,1,1,1,1,16.17,0.4,15.89,0.84,0.04,0,0.84 mm,0.04 px,0.00 mm,testPoint,TargetP3D,blackCenter2,PointGreen,PointRed,PointGreen,testPoint,30,1,1,0,1,-109.4239426,48.14917755,-120.7944031,143.7516602,154.9419,167.2956075,155.3297226,0,6,10,D:\CodingHHW\Biplane\experiment\transform_snapshots\20260321_122443_517302,LinearTransform,D:\CodingHHW\Biplane\experiment\transform_snapshots\20260321_122443_517302\20260321_122443_517302_1_LinearTransform.h5,1,LinearTransform_1,D:\CodingHHW\Biplane\experiment\transform_snapshots\20260321_122443_517302\20260321_122443_517302_2_LinearTransform_1.h5,1,LinearTransform_2,D:\CodingHHW\Biplane\experiment\transform_snapshots\20260321_122443_517302\20260321_122443_517302_3_LinearTransform_2.h5,1,3,1,1.272075963,1.272075963,7.55E-15,0,0,1.417937106,1.417937106,2.35E-14,0,0,1.469215047,1.469215047,7.51E-14,0,0,NA,NA,NA,NA,NA,NA,NA,NA,NA,NA,NA,NA,NA,NA,NA,NA,NA,NA,0.054784988,0,0,0,0,30,0.03686272,1,1,0,0,30,0.043062522,0,0,0,0,30,597.944,659.561,593.927,9.915,555.057,29.176,32.052,2.937,1.151,2.297,0.591,0.606
2026-03-21T12:25:26+08:00,20260321_122526_414986,D:\CodingHHW\Biplane\experiment\experiment_results.csv,CTChest,orthographic,Current mode: Orthographic,1,0,1,1,1,1,16.17,0.4,15.89,0.17,0.01,0,0.17 mm,0.01 px,0.00 mm,testPoint,TargetP3D,blackCenter2,PointGreen,PointRed,PointGreen,testPoint,30,1,1,0,1,-109.4239426,48.14917755,-120.7944031,143.7516602,154.9419,167.2956075,155.3297226,0,6,10,D:\CodingHHW\Biplane\experiment\transform_snapshots\20260321_122526_414986,LinearTransform,D:\CodingHHW\Biplane\experiment\transform_snapshots\20260321_122526_414986\20260321_122526_414986_1_LinearTransform.h5,1,LinearTransform_1,D:\CodingHHW\Biplane\experiment\transform_snapshots\20260321_122526_414986\20260321_122526_414986_2_LinearTransform_1.h5,1,LinearTransform_2,D:\CodingHHW\Biplane\experiment\transform_snapshots\20260321_122526_414986\20260321_122526_414986_3_LinearTransform_2.h5,1,3,1,1.424298734,1.424298734,1.68E-13,1,1,1.568232006,1.568232006,4.71E-13,0,0,1.516034296,1.516034296,1.87E-14,0,0,NA,NA,NA,NA,NA,NA,NA,NA,NA,NA,NA,NA,NA,NA,NA,NA,NA,NA,0.042650584,1,0,0,0,30,0.056039798,1,0,0,0,30,0.06303677,0,0,0,0,30,620.065,618.728,638.537,9.659,555.798,29.976,32.052,3.223,3.561,2.129,0.813,0.602
2026-03-21T12:25:56+08:00,20260321_122556_306792,D:\CodingHHW\Biplane\experiment\experiment_results.csv,CTChest,orthographic,Current mode: Orthographic,1,0,1,1,1,1,16.17,0.4,15.89,0.44,0,0,0.44 mm,0.00 px,0.00 mm,testPoint,TargetP3D,blackCenter2,PointGreen,PointRed,PointGreen,testPoint,30,1,1,0,1,-109.4239426,48.14917755,-120.7944031,143.7516602,154.9419,167.2956075,155.3297226,0,6,10,D:\CodingHHW\Biplane\experiment\transform_snapshots\20260321_122556_306792,LinearTransform,D:\CodingHHW\Biplane\experiment\transform_snapshots\20260321_122556_306792\20260321_122556_306792_1_LinearTransform.h5,1,LinearTransform_1,D:\CodingHHW\Biplane\experiment\transform_snapshots\20260321_122556_306792\20260321_122556_306792_2_LinearTransform_1.h5,1,LinearTransform_2,D:\CodingHHW\Biplane\experiment\transform_snapshots\20260321_122556_306792\20260321_122556_306792_3_LinearTransform_2.h5,1,3,1,0.883892942,0.883892942,3.33E-16,1,1,1.022364987,1.022364987,2.18E-14,1,1,0.834127113,0.834127113,4.45E-13,0,0,NA,NA,NA,NA,NA,NA,NA,NA,NA,NA,NA,NA,NA,NA,NA,NA,NA,NA,0.063852374,1,1,0,0,30,0.054754854,1,1,0,0,30,0.079083991,1,1,0,0,30,521.878,480.909,680.182,9.667,553.352,29.737,32.052,3.313,3.044,2.167,0.54,0.497
2026-03-21T12:26:37+08:00,20260321_122637_942486,D:\CodingHHW\Biplane\experiment\experiment_results.csv,CTChest,orthographic,Current mode: Orthographic,1,0,1,1,1,1,16.17,0.4,15.89,0.36,0.04,0,0.36 mm,0.04 px,0.00 mm,testPoint,TargetP3D,blackCenter2,PointGreen,PointRed,PointGreen,testPoint,30,1,1,0,1,-109.4239426,48.14917755,-120.7944031,143.7516602,154.9419,167.2956075,155.3297226,0,6,10,D:\CodingHHW\Biplane\experiment\transform_snapshots\20260321_122637_942486,LinearTransform,D:\CodingHHW\Biplane\experiment\transform_snapshots\20260321_122637_942486\20260321_122637_942486_1_LinearTransform.h5,1,LinearTransform_1,D:\CodingHHW\Biplane\experiment\transform_snapshots\20260321_122637_942486\20260321_122637_942486_2_LinearTransform_1.h5,1,LinearTransform_2,D:\CodingHHW\Biplane\experiment\transform_snapshots\20260321_122637_942486\20260321_122637_942486_3_LinearTransform_2.h5,1,3,1,1.23707333,1.23707333,4.44E-16,0,0,1.022364987,1.022364987,2.18E-14,1,1,0.834127113,0.834127113,4.45E-13,0,0,NA,NA,NA,NA,NA,NA,NA,NA,NA,NA,NA,NA,NA,NA,NA,NA,NA,NA,0.05820337,0,0,0,0,30,0.054754854,1,1,0,0,30,0.079083991,1,1,0,0,30,616.238,588.006,508.64,9.648,550.205,30.063,32.052,3.362,2.924,1.989,0.53,0.489
2026-03-21T12:28:45+08:00,20260321_122845_339376,D:\CodingHHW\Biplane\experiment\experiment_results.csv,CTChest,orthographic,Current mode: Orthographic,1,0,1,1,1,1,16.17,0.4,15.89,0.51,0.02,0,0.51 mm,0.02 px,0.00 mm,testPoint,TargetP3D,blackCenter2,PointGreen,PointRed,PointGreen,testPoint,30,1,1,0,1,-109.4239426,48.14917755,-120.7944031,143.7516602,154.9419,167.2956075,155.3297226,0,6,10,D:\CodingHHW\Biplane\experiment\transform_snapshots\20260321_122845_339376,LinearTransform,D:\CodingHHW\Biplane\experiment\transform_snapshots\20260321_122845_339376\20260321_122845_339376_1_LinearTransform.h5,1,LinearTransform_1,D:\CodingHHW\Biplane\experiment\transform_snapshots\20260321_122845_339376\20260321_122845_339376_2_LinearTransform_1.h5,1,LinearTransform_2,D:\CodingHHW\Biplane\experiment\transform_snapshots\20260321_122845_339376\20260321_122845_339376_3_LinearTransform_2.h5,1,3,1,0.911110959,0.911110959,1.04E-14,1,1,1.124110882,1.124110882,2.39E-13,0,0,1.084221369,1.084221369,1.49E-14,1,1,NA,NA,NA,NA,NA,NA,NA,NA,NA,NA,NA,NA,NA,NA,NA,NA,NA,NA,0.056151833,1,1,0,0,30,0.059842768,0,1,0,0,30,0.047839972,1,1,0,0,30,617.257,571.53,596.474,10.244,550.83,29.796,32.052,3.249,3.439,1.95,0.655,0.609
2026-03-21T12:29:54+08:00,20260321_122954_773105,D:\CodingHHW\Biplane\experiment\experiment_results.csv,CTChest,orthographic,Current mode: Orthographic,1,0,1,1,1,1,16.17,0.4,15.89,0.43,0.2,0,0.43 mm,0.20 px,0.00 mm,testPoint,TargetP3D,blackCenter2,PointGreen,PointRed,PointGreen,testPoint,30,1,1,0,1,-109.4239426,48.14917755,-120.7944031,143.7516602,154.9419,167.2956075,155.3297226,0,6,10,D:\CodingHHW\Biplane\experiment\transform_snapshots\20260321_122954_773105,LinearTransform,D:\CodingHHW\Biplane\experiment\transform_snapshots\20260321_122954_773105\20260321_122954_773105_1_LinearTransform.h5,1,LinearTransform_1,D:\CodingHHW\Biplane\experiment\transform_snapshots\20260321_122954_773105\20260321_122954_773105_2_LinearTransform_1.h5,1,LinearTransform_2,D:\CodingHHW\Biplane\experiment\transform_snapshots\20260321_122954_773105\20260321_122954_773105_3_LinearTransform_2.h5,1,3,1,1.043084078,1.043084078,2.31E-14,1,1,1.148547892,1.148547892,2.17E-13,1,1,1.152923231,1.152923231,2.58E-14,1,1,NA,NA,NA,NA,NA,NA,NA,NA,NA,NA,NA,NA,NA,NA,NA,NA,NA,NA,0.059753996,0,0,0,0,30,0.048356002,0,0,0,0,30,0.05884233,0,0,0,0,30,576.153,633.179,596.551,9.648,553.613,29.406,32.052,3.308,3.034,2.071,0.5,0.542
2026-03-21T12:30:29+08:00,20260321_123029_288839,D:\CodingHHW\Biplane\experiment\experiment_results.csv,CTChest,orthographic,Current mode: Orthographic,1,0,1,1,1,1,16.17,0.4,15.89,0.21,0.07,0,0.21 mm,0.07 px,0.00 mm,testPoint,TargetP3D,blackCenter2,PointGreen,PointRed,PointGreen,testPoint,30,1,1,0,1,-109.4239426,48.14917755,-120.7944031,143.7516602,154.9419,167.2956075,155.3297226,0,6,10,D:\CodingHHW\Biplane\experiment\transform_snapshots\20260321_123029_288839,LinearTransform,D:\CodingHHW\Biplane\experiment\transform_snapshots\20260321_123029_288839\20260321_123029_288839_1_LinearTransform.h5,1,LinearTransform_1,D:\CodingHHW\Biplane\experiment\transform_snapshots\20260321_123029_288839\20260321_123029_288839_2_LinearTransform_1.h5,1,LinearTransform_2,D:\CodingHHW\Biplane\experiment\transform_snapshots\20260321_123029_288839\20260321_123029_288839_3_LinearTransform_2.h5,1,3,1,0.830296374,0.830296374,7.77E-15,1,1,0.92403564,0.92403564,4.03E-14,0,0,0.904948013,0.904948013,2.11E-13,0,0,NA,NA,NA,NA,NA,NA,NA,NA,NA,NA,NA,NA,NA,NA,NA,NA,NA,NA,0.072532811,0,0,0,0,30,0.076643676,0,0,0,0,30,0.053516402,0,1,0,0,30,503.18,522.93,541.708,9.492,553.284,29.552,32.052,3.21,2.926,2.489,0.698,0.428
2026-03-21T12:31:00+08:00,20260321_123100_471823,D:\CodingHHW\Biplane\experiment\experiment_results.csv,CTChest,orthographic,Current mode: Orthographic,1,0,1,1,1,1,16.17,0.4,15.89,0.21,0.01,0,0.21 mm,0.01 px,0.00 mm,testPoint,TargetP3D,blackCenter2,PointGreen,PointRed,PointGreen,testPoint,30,1,1,0,1,-109.4239426,48.14917755,-120.7944031,143.7516602,154.9419,167.2956075,155.3297226,0,6,10,D:\CodingHHW\Biplane\experiment\transform_snapshots\20260321_123100_471823,LinearTransform,D:\CodingHHW\Biplane\experiment\transform_snapshots\20260321_123100_471823\20260321_123100_471823_1_LinearTransform.h5,1,LinearTransform_1,D:\CodingHHW\Biplane\experiment\transform_snapshots\20260321_123100_471823\20260321_123100_471823_2_LinearTransform_1.h5,1,LinearTransform_2,D:\CodingHHW\Biplane\experiment\transform_snapshots\20260321_123100_471823\20260321_123100_471823_3_LinearTransform_2.h5,1,3,1,1.021694536,1.021694536,2.62E-14,1,1,1.156796479,1.156796479,2.62E-14,1,1,1.019062278,1.019062278,1.13E-13,0,0,NA,NA,NA,NA,NA,NA,NA,NA,NA,NA,NA,NA,NA,NA,NA,NA,NA,NA,0.053565909,1,1,0,0,30,0.035523286,1,1,0,0,30,0.06483656,0,0,0,0,30,683.098,779.904,593.885,9.556,548.872,29.408,32.052,3.347,3.772,2.102,0.517,0.494
2026-03-21T12:32:25+08:00,20260321_123225_747970,D:\CodingHHW\Biplane\experiment\experiment_results.csv,CTChest,perspective,Current mode: Perspective,1,1,0,1,1,1,16.17,0.4,15.89,0.7,0.13,0,0.70 mm,0.13 px,0.00 mm,testPoint,TargetP3D,blackCenter2,PointGreen,PointRed,PointGreen,testPoint,30,0,1,0,1,-109.4239426,48.14917755,-120.7944031,143.7516602,154.9419,167.2956075,155.3297226,0,6,10,D:\CodingHHW\Biplane\experiment\transform_snapshots\20260321_123225_747970,LinearTransform,D:\CodingHHW\Biplane\experiment\transform_snapshots\20260321_123225_747970\20260321_123225_747970_1_LinearTransform.h5,1,LinearTransform_1,D:\CodingHHW\Biplane\experiment\transform_snapshots\20260321_123225_747970\20260321_123225_747970_2_LinearTransform_1.h5,1,LinearTransform_2,D:\CodingHHW\Biplane\experiment\transform_snapshots\20260321_123225_747970\20260321_123225_747970_3_LinearTransform_2.h5,1,3,1,0.05385235,0.05385235,5.10E-14,0,0,0.036903699,0.036903699,1.65E-14,0,0,0.050460451,0.050460451,8.27E-13,1,1,0.050916793,1,0,0,0,30,0.036024309,1,1,0,0,30,0.049812783,1,1,0,0,30,NA,NA,NA,NA,NA,NA,NA,NA,NA,NA,NA,NA,NA,NA,NA,NA,NA,NA,468.873,513.482,494.982,9.585,581.303,58.229,31.441,3.347,3.309,2.265,0.517,0.54
2026-03-21T12:33:02+08:00,20260321_123302_656850,D:\CodingHHW\Biplane\experiment\experiment_results.csv,CTChest,perspective,Current mode: Perspective,1,1,0,1,1,1,16.17,0.4,15.89,0.31,0.17,0,0.31 mm,0.17 px,0.00 mm,testPoint,TargetP3D,blackCenter2,PointGreen,PointRed,PointGreen,testPoint,30,0,1,0,1,-109.4239426,48.14917755,-120.7944031,143.7516602,154.9419,167.2956075,155.3297226,0,6,10,D:\CodingHHW\Biplane\experiment\transform_snapshots\20260321_123302_656850,LinearTransform,D:\CodingHHW\Biplane\experiment\transform_snapshots\20260321_123302_656850\20260321_123302_656850_1_LinearTransform.h5,1,LinearTransform_1,D:\CodingHHW\Biplane\experiment\transform_snapshots\20260321_123302_656850\20260321_123302_656850_2_LinearTransform_1.h5,1,LinearTransform_2,D:\CodingHHW\Biplane\experiment\transform_snapshots\20260321_123302_656850\20260321_123302_656850_3_LinearTransform_2.h5,1,3,1,0.062877558,0.062877558,2.57E-14,1,1,0.077594674,0.077594674,6.34E-14,1,1,0.067653182,0.067653182,1.35E-14,1,1,0.061898086,1,0,0,0,30,0.073562267,0,0,0,0,30,0.064774528,1,0,0,0,30,NA,NA,NA,NA,NA,NA,NA,NA,NA,NA,NA,NA,NA,NA,NA,NA,NA,NA,486.481,504.564,514.429,10.259,575.801,58.899,32.112,3.347,3.702,2.035,0.695,0.505
2026-03-21T12:34:26+08:00,20260321_123426_424783,D:\CodingHHW\Biplane\experiment\experiment_results.csv,CTChest,perspective,Current mode: Perspective,1,1,0,1,1,1,16.17,0.4,15.89,0.13,0.34,0,0.13 mm,0.34 px,0.00 mm,testPoint,TargetP3D,blackCenter2,PointGreen,PointRed,PointGreen,testPoint,30,0,1,0,1,-109.4239426,48.14917755,-120.7944031,143.7516602,154.9419,167.2956075,155.3297226,0,6,10,D:\CodingHHW\Biplane\experiment\transform_snapshots\20260321_123426_424783,LinearTransform,D:\CodingHHW\Biplane\experiment\transform_snapshots\20260321_123426_424783\20260321_123426_424783_1_LinearTransform.h5,1,LinearTransform_1,D:\CodingHHW\Biplane\experiment\transform_snapshots\20260321_123426_424783\20260321_123426_424783_2_LinearTransform_1.h5,1,LinearTransform_2,D:\CodingHHW\Biplane\experiment\transform_snapshots\20260321_123426_424783\20260321_123426_424783_3_LinearTransform_2.h5,1,3,1,0.08420695,0.08420695,2.27E-13,1,1,0.066160947,0.066160947,7.44E-14,0,0,0.092315593,0.092315593,5.24E-13,1,1,0.080712431,0,1,0,0,30,0.054924631,1,0,0,0,30,0.090620192,0,1,0,0,30,NA,NA,NA,NA,NA,NA,NA,NA,NA,NA,NA,NA,NA,NA,NA,NA,NA,NA,511.878,529.347,496.311,10.697,577.373,58.609,31.915,3.347,2.996,2.089,0.525,0.707
2026-03-21T12:35:03+08:00,20260321_123503_802810,D:\CodingHHW\Biplane\experiment\experiment_results.csv,CTChest,perspective,Current mode: Perspective,1,1,0,1,1,1,16.17,0.4,15.89,0.22,0.15,0,0.22 mm,0.15 px,0.00 mm,testPoint,TargetP3D,blackCenter2,PointGreen,PointRed,PointGreen,testPoint,30,0,1,0,1,-109.4239426,48.14917755,-120.7944031,143.7516602,154.9419,167.2956075,155.3297226,0,6,10,D:\CodingHHW\Biplane\experiment\transform_snapshots\20260321_123503_802810,LinearTransform,D:\CodingHHW\Biplane\experiment\transform_snapshots\20260321_123503_802810\20260321_123503_802810_1_LinearTransform.h5,1,LinearTransform_1,D:\CodingHHW\Biplane\experiment\transform_snapshots\20260321_123503_802810\20260321_123503_802810_2_LinearTransform_1.h5,1,LinearTransform_2,D:\CodingHHW\Biplane\experiment\transform_snapshots\20260321_123503_802810\20260321_123503_802810_3_LinearTransform_2.h5,1,3,1,0.079656674,0.079656674,6.16E-14,0,0,0.062142503,0.062142503,5.04E-15,1,1,0.088079151,0.088079151,8.85E-15,1,1,0.074056112,1,0,0,0,30,0.05420037,1,0,0,0,30,0.083522503,0,0,0,0,30,NA,NA,NA,NA,NA,NA,NA,NA,NA,NA,NA,NA,NA,NA,NA,NA,NA,NA,469.332,491.89,480.036,9.578,581.703,56.206,29.903,3.347,2.962,2.073,0.526,0.52
2026-03-21T12:35:42+08:00,20260321_123542_369180,D:\CodingHHW\Biplane\experiment\experiment_results.csv,CTChest,perspective,Current mode: Perspective,1,1,0,1,1,1,16.17,0.4,15.89,0.24,0.24,0,0.24 mm,0.24 px,0.00 mm,testPoint,TargetP3D,blackCenter2,PointGreen,PointRed,PointGreen,testPoint,30,0,1,0,1,-109.4239426,48.14917755,-120.7944031,143.7516602,154.9419,167.2956075,155.3297226,0,6,10,D:\CodingHHW\Biplane\experiment\transform_snapshots\20260321_123542_369180,LinearTransform,D:\CodingHHW\Biplane\experiment\transform_snapshots\20260321_123542_369180\20260321_123542_369180_1_LinearTransform.h5,1,LinearTransform_1,D:\CodingHHW\Biplane\experiment\transform_snapshots\20260321_123542_369180\20260321_123542_369180_2_LinearTransform_1.h5,1,LinearTransform_2,D:\CodingHHW\Biplane\experiment\transform_snapshots\20260321_123542_369180\20260321_123542_369180_3_LinearTransform_2.h5,1,3,1,0.067826629,0.067826629,1.42E-13,1,1,0.044906139,0.044906139,5.51E-14,1,1,0.064452865,0.064452865,7.52E-14,1,1,0.066482755,0,1,0,0,30,0.040234401,1,1,0,0,30,0.061448522,1,0,0,0,30,NA,NA,NA,NA,NA,NA,NA,NA,NA,NA,NA,NA,NA,NA,NA,NA,NA,NA,467.598,560.674,531.708,10.323,587.376,59.732,31.884,3.347,3.006,2.068,0.574,0.491
2026-03-21T12:36:19+08:00,20260321_123619_764494,D:\CodingHHW\Biplane\experiment\experiment_results.csv,CTChest,perspective,Current mode: Perspective,1,1,0,1,1,1,16.17,0.4,15.89,0.33,0.02,0,0.33 mm,0.02 px,0.00 mm,testPoint,TargetP3D,blackCenter2,PointGreen,PointRed,PointGreen,testPoint,30,0,1,0,1,-109.4239426,48.14917755,-120.7944031,143.7516602,154.9419,167.2956075,155.3297226,0,6,10,D:\CodingHHW\Biplane\experiment\transform_snapshots\20260321_123619_764494,LinearTransform,D:\CodingHHW\Biplane\experiment\transform_snapshots\20260321_123619_764494\20260321_123619_764494_1_LinearTransform.h5,1,LinearTransform_1,D:\CodingHHW\Biplane\experiment\transform_snapshots\20260321_123619_764494\20260321_123619_764494_2_LinearTransform_1.h5,1,LinearTransform_2,D:\CodingHHW\Biplane\experiment\transform_snapshots\20260321_123619_764494\20260321_123619_764494_3_LinearTransform_2.h5,1,3,1,0.052163771,0.052163771,1.32E-14,1,1,0.050543396,0.050543396,4.16E-14,1,1,0.060901475,0.060901475,6.55E-14,0,0,0.044977443,0,0,0,0,30,0.049161877,0,0,0,0,30,0.057669311,1,1,0,0,30,NA,NA,NA,NA,NA,NA,NA,NA,NA,NA,NA,NA,NA,NA,NA,NA,NA,NA,545.241,510.242,585.16,9.916,581.816,58.076,31.331,3.347,3.982,2.07,0.689,0.513
2026-03-21T12:37:46+08:00,20260321_123746_499748,D:\CodingHHW\Biplane\experiment\experiment_results.csv,CTChest,perspective,Current mode: Perspective,1,1,0,1,1,1,16.17,0.4,15.89,0.45,0.28,0,0.45 mm,0.28 px,0.00 mm,testPoint,TargetP3D,blackCenter2,PointGreen,PointRed,PointGreen,testPoint,30,0,1,0,1,-109.4239426,48.14917755,-120.7944031,143.7516602,154.9419,167.2956075,155.3297226,0,6,10,D:\CodingHHW\Biplane\experiment\transform_snapshots\20260321_123746_499748,LinearTransform,D:\CodingHHW\Biplane\experiment\transform_snapshots\20260321_123746_499748\20260321_123746_499748_1_LinearTransform.h5,1,LinearTransform_1,D:\CodingHHW\Biplane\experiment\transform_snapshots\20260321_123746_499748\20260321_123746_499748_2_LinearTransform_1.h5,1,LinearTransform_2,D:\CodingHHW\Biplane\experiment\transform_snapshots\20260321_123746_499748\20260321_123746_499748_3_LinearTransform_2.h5,1,3,1,0.076706893,0.076706893,1.25E-14,1,1,0.079525013,0.079525013,8.15E-14,0,0,0.063847662,0.063847662,1.53E-15,0,0,0.072701657,1,0,0,0,30,0.079316805,1,0,0,0,30,0.061644969,1,0,0,0,30,NA,NA,NA,NA,NA,NA,NA,NA,NA,NA,NA,NA,NA,NA,NA,NA,NA,NA,456.983,442.934,475.683,10.433,583.829,57.897,31.232,3.347,3.282,2.408,0.583,0.61
2026-03-21T12:38:13+08:00,20260321_123813_986789,D:\CodingHHW\Biplane\experiment\experiment_results.csv,CTChest,perspective,Current mode: Perspective,1,1,0,1,1,1,16.17,0.4,15.89,0.07,0.15,0,0.07 mm,0.15 px,0.00 mm,testPoint,TargetP3D,blackCenter2,PointGreen,PointRed,PointGreen,testPoint,30,0,1,0,1,-109.4239426,48.14917755,-120.7944031,143.7516602,154.9419,167.2956075,155.3297226,0,6,10,D:\CodingHHW\Biplane\experiment\transform_snapshots\20260321_123813_986789,LinearTransform,D:\CodingHHW\Biplane\experiment\transform_snapshots\20260321_123813_986789\20260321_123813_986789_1_LinearTransform.h5,1,LinearTransform_1,D:\CodingHHW\Biplane\experiment\transform_snapshots\20260321_123813_986789\20260321_123813_986789_2_LinearTransform_1.h5,1,LinearTransform_2,D:\CodingHHW\Biplane\experiment\transform_snapshots\20260321_123813_986789\20260321_123813_986789_3_LinearTransform_2.h5,1,3,1,0.054109207,0.054109207,4.15E-14,0,0,0.049614107,0.049614107,5.57E-14,0,0,0.049610177,0.049610177,1.11E-12,1,1,0.046265333,0,1,0,0,30,0.048112994,1,0,0,0,30,0.047906378,1,1,0,0,30,NA,NA,NA,NA,NA,NA,NA,NA,NA,NA,NA,NA,NA,NA,NA,NA,NA,NA,484.777,575.866,501.877,9.799,584.005,60.584,33.332,3.347,3.19,2.028,0.496,0.54
2026-03-21T12:43:07+08:00,20260321_124307_903005,D:\CodingHHW\Biplane\experiment\experiment_results.csv,CTChest,perspective,Current mode: Perspective,1,1,0,1,1,1,46.99,43.1,67.87,0.2,0.12,0,0.20 mm,0.12 px,0.00 mm,testPoint,TargetP3D,blackCenter2,PointGreen,PointRed,PointGreen,testPoint,30,0,1,0,1,-109.424,48.149,-120.7944031,143.7517894,159.9521668,172.5405718,158.748176,0,6,10,D:\CodingHHW\Biplane\experiment\transform_snapshots\20260321_124307_903005,LinearTransform,D:\CodingHHW\Biplane\experiment\transform_snapshots\20260321_124307_903005\20260321_124307_903005_1_LinearTransform.h5,1,LinearTransform_1,D:\CodingHHW\Biplane\experiment\transform_snapshots\20260321_124307_903005\20260321_124307_903005_2_LinearTransform_1.h5,1,LinearTransform_2,D:\CodingHHW\Biplane\experiment\transform_snapshots\20260321_124307_903005\20260321_124307_903005_3_LinearTransform_2.h5,1,3,1,0.074825904,0.074825904,1.68E-14,1,1,0.059543273,0.059543273,8.12E-14,1,1,0.044974781,0.044974781,1.53E-13,1,1,0.07479306,0,1,0,0,30,0.056024737,1,1,0,0,30,0.03677992,0,1,0,0,30,NA,NA,NA,NA,NA,NA,NA,NA,NA,NA,NA,NA,NA,NA,NA,NA,NA,NA,606.101,512.37,453.653,9.838,597.044,57.316,29.184,3.347,3.969,2.758,0.528,0.516
2026-03-21T12:43:49+08:00,20260321_124349_543014,D:\CodingHHW\Biplane\experiment\experiment_results.csv,CTChest,perspective,Current mode: Perspective,1,1,0,1,1,1,46.99,43.1,67.87,0.1,0.16,0,0.10 mm,0.16 px,0.00 mm,testPoint,TargetP3D,blackCenter2,PointGreen,PointRed,PointGreen,testPoint,30,0,1,0,1,-109.424,48.149,-120.7944031,143.7517894,159.9521668,172.5405718,158.748176,0,6,10,D:\CodingHHW\Biplane\experiment\transform_snapshots\20260321_124349_543014,LinearTransform,D:\CodingHHW\Biplane\experiment\transform_snapshots\20260321_124349_543014\20260321_124349_543014_1_LinearTransform.h5,1,LinearTransform_1,D:\CodingHHW\Biplane\experiment\transform_snapshots\20260321_124349_543014\20260321_124349_543014_2_LinearTransform_1.h5,1,LinearTransform_2,D:\CodingHHW\Biplane\experiment\transform_snapshots\20260321_124349_543014\20260321_124349_543014_3_LinearTransform_2.h5,1,3,1,0.050760083,0.050760083,4.84E-13,0,0,0.0700616,0.0700616,1.08E-15,1,1,0.070489512,0.070489512,8.98E-14,1,1,0.050152976,0,1,0,0,30,0.064765823,1,0,0,0,30,0.069269321,1,0,0,0,30,NA,NA,NA,NA,NA,NA,NA,NA,NA,NA,NA,NA,NA,NA,NA,NA,NA,NA,561.928,533.94,438.291,9.545,588.903,57.594,30.557,3.347,3.196,2.22,0.523,0.551
2026-03-21T12:44:24+08:00,20260321_124424_171785,D:\CodingHHW\Biplane\experiment\experiment_results.csv,CTChest,perspective,Current mode: Perspective,1,1,0,1,1,1,46.99,43.1,67.87,0.05,0.08,0,0.05 mm,0.08 px,0.00 mm,testPoint,TargetP3D,blackCenter2,PointGreen,PointRed,PointGreen,testPoint,30,0,1,0,1,-109.424,48.149,-120.7944031,143.7517894,159.9521668,172.5405718,158.748176,0,6,10,D:\CodingHHW\Biplane\experiment\transform_snapshots\20260321_124424_171785,LinearTransform,D:\CodingHHW\Biplane\experiment\transform_snapshots\20260321_124424_171785\20260321_124424_171785_1_LinearTransform.h5,1,LinearTransform_1,D:\CodingHHW\Biplane\experiment\transform_snapshots\20260321_124424_171785\20260321_124424_171785_2_LinearTransform_1.h5,1,LinearTransform_2,D:\CodingHHW\Biplane\experiment\transform_snapshots\20260321_124424_171785\20260321_124424_171785_3_LinearTransform_2.h5,1,3,1,0.038285962,0.038285962,6.09E-14,0,0,0.069530812,0.069530812,5.86E-14,0,0,0.064317203,0.064317203,5.36E-14,0,0,0.0377025,0,0,0,0,30,0.06510231,0,1,0,0,30,0.064263364,1,0,0,0,30,NA,NA,NA,NA,NA,NA,NA,NA,NA,NA,NA,NA,NA,NA,NA,NA,NA,NA,540.785,530.757,518.131,10.012,604.343,60.87,30.227,3.347,3.194,2.141,0.529,0.568
2026-03-21T12:44:57+08:00,20260321_124457_364037,D:\CodingHHW\Biplane\experiment\experiment_results.csv,CTChest,perspective,Current mode: Perspective,1,1,0,1,1,1,46.99,43.1,67.87,0.12,0.06,0,0.12 mm,0.06 px,0.00 mm,testPoint,TargetP3D,blackCenter2,PointGreen,PointRed,PointGreen,testPoint,30,0,1,0,1,-109.424,48.149,-120.7944031,143.7517894,159.9521668,172.5405718,158.748176,0,6,10,D:\CodingHHW\Biplane\experiment\transform_snapshots\20260321_124457_364037,LinearTransform,D:\CodingHHW\Biplane\experiment\transform_snapshots\20260321_124457_364037\20260321_124457_364037_1_LinearTransform.h5,1,LinearTransform_1,D:\CodingHHW\Biplane\experiment\transform_snapshots\20260321_124457_364037\20260321_124457_364037_2_LinearTransform_1.h5,1,LinearTransform_2,D:\CodingHHW\Biplane\experiment\transform_snapshots\20260321_124457_364037\20260321_124457_364037_3_LinearTransform_2.h5,1,3,1,0.066892263,0.066892263,1.73E-14,0,0,0.056969211,0.056969211,3.26E-14,1,1,0.041768645,0.041768645,5.23E-13,1,1,0.064249075,0,0,0,0,30,0.053297208,1,0,0,0,30,0.040923265,0,0,0,0,30,NA,NA,NA,NA,NA,NA,NA,NA,NA,NA,NA,NA,NA,NA,NA,NA,NA,NA,561.125,547.484,478.659,10.042,590.531,55.849,28.872,3.347,2.714,2.221,0.679,0.502
2026-03-21T12:45:28+08:00,20260321_124528_236475,D:\CodingHHW\Biplane\experiment\experiment_results.csv,CTChest,perspective,Current mode: Perspective,1,1,0,1,1,1,46.99,43.1,67.87,0.11,0.08,0,0.11 mm,0.08 px,0.00 mm,testPoint,TargetP3D,blackCenter2,PointGreen,PointRed,PointGreen,testPoint,30,0,1,0,1,-109.424,48.149,-120.7944031,143.7517894,159.9521668,172.5405718,158.748176,0,6,10,D:\CodingHHW\Biplane\experiment\transform_snapshots\20260321_124528_236475,LinearTransform,D:\CodingHHW\Biplane\experiment\transform_snapshots\20260321_124528_236475\20260321_124528_236475_1_LinearTransform.h5,1,LinearTransform_1,D:\CodingHHW\Biplane\experiment\transform_snapshots\20260321_124528_236475\20260321_124528_236475_2_LinearTransform_1.h5,1,LinearTransform_2,D:\CodingHHW\Biplane\experiment\transform_snapshots\20260321_124528_236475\20260321_124528_236475_3_LinearTransform_2.h5,1,3,1,0.058906345,0.058906345,2.14E-14,0,0,0.054952323,0.054952323,1.07E-13,1,1,0.072412657,0.072412657,4.57E-14,1,1,0.057732986,0,1,0,0,30,0.045524958,1,1,0,0,30,0.072332834,0,0,0,0,30,NA,NA,NA,NA,NA,NA,NA,NA,NA,NA,NA,NA,NA,NA,NA,NA,NA,NA,517.72,510.217,436.033,10.145,599.588,58.337,30.358,3.347,3.412,2.021,0.558,0.511
2026-03-21T12:46:08+08:00,20260321_124608_718091,D:\CodingHHW\Biplane\experiment\experiment_results.csv,CTChest,perspective,Current mode: Perspective,1,1,0,1,1,1,46.99,43.1,67.87,0.21,0.07,0,0.21 mm,0.07 px,0.00 mm,testPoint,TargetP3D,blackCenter2,PointGreen,PointRed,PointGreen,testPoint,30,0,1,0,1,-109.424,48.149,-120.7944031,143.7517894,159.9521668,172.5405718,158.748176,0,6,10,D:\CodingHHW\Biplane\experiment\transform_snapshots\20260321_124608_718091,LinearTransform,D:\CodingHHW\Biplane\experiment\transform_snapshots\20260321_124608_718091\20260321_124608_718091_1_LinearTransform.h5,1,LinearTransform_1,D:\CodingHHW\Biplane\experiment\transform_snapshots\20260321_124608_718091\20260321_124608_718091_2_LinearTransform_1.h5,1,LinearTransform_2,D:\CodingHHW\Biplane\experiment\transform_snapshots\20260321_124608_718091\20260321_124608_718091_3_LinearTransform_2.h5,1,3,1,0.035166665,0.035166665,1.01E-15,1,1,0.056182827,0.056182827,3.24E-14,1,1,0.081928311,0.081928311,5.54E-13,1,1,0.034744416,0,0,0,0,30,0.053660834,1,0,0,0,30,0.078508388,1,0,0,0,30,NA,NA,NA,NA,NA,NA,NA,NA,NA,NA,NA,NA,NA,NA,NA,NA,NA,NA,512.202,485.685,417.717,9.693,590.653,57.552,29.466,3.347,3.899,2.099,0.546,0.555
2026-03-21T12:46:52+08:00,20260321_124652_356176,D:\CodingHHW\Biplane\experiment\experiment_results.csv,CTChest,perspective,Current mode: Perspective,1,1,0,1,1,1,46.99,43.1,67.87,0.05,0.03,0,0.05 mm,0.03 px,0.00 mm,testPoint,TargetP3D,blackCenter2,PointGreen,PointRed,PointGreen,testPoint,30,0,1,0,1,-109.424,48.149,-120.7944031,143.7517894,159.9521668,172.5405718,158.748176,0,6,10,D:\CodingHHW\Biplane\experiment\transform_snapshots\20260321_124652_356176,LinearTransform,D:\CodingHHW\Biplane\experiment\transform_snapshots\20260321_124652_356176\20260321_124652_356176_1_LinearTransform.h5,1,LinearTransform_1,D:\CodingHHW\Biplane\experiment\transform_snapshots\20260321_124652_356176\20260321_124652_356176_2_LinearTransform_1.h5,1,LinearTransform_2,D:\CodingHHW\Biplane\experiment\transform_snapshots\20260321_124652_356176\20260321_124652_356176_3_LinearTransform_2.h5,1,3,1,0.058235627,0.058235627,8.69E-15,0,0,0.05053057,0.05053057,1.33E-14,0,0,0.051558972,0.051558972,1.14E-13,0,0,0.056621918,1,0,0,0,30,0.045083221,1,1,0,0,30,0.05067473,0,0,0,0,30,NA,NA,NA,NA,NA,NA,NA,NA,NA,NA,NA,NA,NA,NA,NA,NA,NA,NA,479.476,521.328,486.914,9.614,592.102,57.658,29.054,3.347,3.811,1.569,0.605,0.518
2026-03-21T12:47:26+08:00,20260321_124726_107961,D:\CodingHHW\Biplane\experiment\experiment_results.csv,CTChest,perspective,Current mode: Perspective,1,1,0,1,1,1,46.99,43.1,67.87,0.21,0.11,0,0.21 mm,0.11 px,0.00 mm,testPoint,TargetP3D,blackCenter2,PointGreen,PointRed,PointGreen,testPoint,30,0,1,0,1,-109.424,48.149,-120.7944031,143.7517894,159.9521668,172.5405718,158.748176,0,6,10,D:\CodingHHW\Biplane\experiment\transform_snapshots\20260321_124726_107961,LinearTransform,D:\CodingHHW\Biplane\experiment\transform_snapshots\20260321_124726_107961\20260321_124726_107961_1_LinearTransform.h5,1,LinearTransform_1,D:\CodingHHW\Biplane\experiment\transform_snapshots\20260321_124726_107961\20260321_124726_107961_2_LinearTransform_1.h5,1,LinearTransform_2,D:\CodingHHW\Biplane\experiment\transform_snapshots\20260321_124726_107961\20260321_124726_107961_3_LinearTransform_2.h5,1,3,1,0.077373543,0.077373543,5.50E-15,1,1,0.049622971,0.049622971,6.45E-16,1,1,0.065314143,0.065314143,1.88E-14,0,0,0.07557067,1,0,0,0,30,0.046765335,1,1,0,0,30,0.065260952,1,1,0,0,30,NA,NA,NA,NA,NA,NA,NA,NA,NA,NA,NA,NA,NA,NA,NA,NA,NA,NA,482.533,490.348,423.824,11.012,593.918,56.169,29.588,3.347,3.206,2.163,0.514,0.542
2026-03-21T12:48:27+08:00,20260321_124827_858013,D:\CodingHHW\Biplane\experiment\experiment_results.csv,CTChest,orthographic,Current mode: Orthographic,1,0,1,1,1,1,46.99,43.1,67.87,0.27,0.02,0,0.27 mm,0.02 px,0.00 mm,testPoint,TargetP3D,blackCenter2,PointGreen,PointRed,PointGreen,testPoint,30,1,1,0,1,-109.424,48.149,-120.7944031,143.7517894,159.9521668,172.5405718,158.748176,0,6,10,D:\CodingHHW\Biplane\experiment\transform_snapshots\20260321_124827_858013,LinearTransform,D:\CodingHHW\Biplane\experiment\transform_snapshots\20260321_124827_858013\20260321_124827_858013_1_LinearTransform.h5,1,LinearTransform_1,D:\CodingHHW\Biplane\experiment\transform_snapshots\20260321_124827_858013\20260321_124827_858013_2_LinearTransform_1.h5,1,LinearTransform_2,D:\CodingHHW\Biplane\experiment\transform_snapshots\20260321_124827_858013\20260321_124827_858013_3_LinearTransform_2.h5,1,3,1,1.035864787,1.035864787,3.29E-14,0,0,1.598804855,1.598804855,3.33E-15,0,0,1.637504564,1.637504564,1.31E-13,0,0,NA,NA,NA,NA,NA,NA,NA,NA,NA,NA,NA,NA,NA,NA,NA,NA,NA,NA,0.038361026,0,0,0,0,30,0.062004736,1,1,0,0,30,0.06011966,0,1,0,0,30,642.17,638.069,471.148,9.818,570.456,30.213,29.588,3.205,3.015,2.045,0.567,0.6
2026-03-21T12:49:10+08:00,20260321_124910_107088,D:\CodingHHW\Biplane\experiment\experiment_results.csv,CTChest,orthographic,Current mode: Orthographic,1,0,1,1,1,1,46.99,43.1,67.87,0.07,0.03,0,0.07 mm,0.03 px,0.00 mm,testPoint,TargetP3D,blackCenter2,PointGreen,PointRed,PointGreen,testPoint,30,1,1,0,1,-109.424,48.149,-120.7944031,143.7517894,159.9521668,172.5405718,158.748176,0,6,10,D:\CodingHHW\Biplane\experiment\transform_snapshots\20260321_124910_107088,LinearTransform,D:\CodingHHW\Biplane\experiment\transform_snapshots\20260321_124910_107088\20260321_124910_107088_1_LinearTransform.h5,1,LinearTransform_1,D:\CodingHHW\Biplane\experiment\transform_snapshots\20260321_124910_107088\20260321_124910_107088_2_LinearTransform_1.h5,1,LinearTransform_2,D:\CodingHHW\Biplane\experiment\transform_snapshots\20260321_124910_107088\20260321_124910_107088_3_LinearTransform_2.h5,1,3,1,1.159813774,1.159813774,1.71E-14,0,0,1.358668139,1.358668139,2.66E-15,0,0,1.231420942,1.231420942,1.60E-14,0,0,NA,NA,NA,NA,NA,NA,NA,NA,NA,NA,NA,NA,NA,NA,NA,NA,NA,NA,0.069392777,1,1,0,0,30,0.05145291,0,1,0,0,30,0.040785956,0,1,0,0,30,662.857,565.445,456.204,9.462,562.927,29.275,29.588,3.431,2.944,2.168,0.522,0.552
2026-03-21T12:49:44+08:00,20260321_124944_501968,D:\CodingHHW\Biplane\experiment\experiment_results.csv,CTChest,orthographic,Current mode: Orthographic,1,0,1,1,1,1,46.99,43.1,67.87,0.04,0.11,0,0.04 mm,0.11 px,0.00 mm,testPoint,TargetP3D,blackCenter2,PointGreen,PointRed,PointGreen,testPoint,30,1,1,0,1,-109.424,48.149,-120.7944031,143.7517894,159.9521668,172.5405718,158.748176,0,6,10,D:\CodingHHW\Biplane\experiment\transform_snapshots\20260321_124944_501968,LinearTransform,D:\CodingHHW\Biplane\experiment\transform_snapshots\20260321_124944_501968\20260321_124944_501968_1_LinearTransform.h5,1,LinearTransform_1,D:\CodingHHW\Biplane\experiment\transform_snapshots\20260321_124944_501968\20260321_124944_501968_2_LinearTransform_1.h5,1,LinearTransform_2,D:\CodingHHW\Biplane\experiment\transform_snapshots\20260321_124944_501968\20260321_124944_501968_3_LinearTransform_2.h5,1,3,1,1.222165517,1.222165517,2.95E-14,0,0,1.134978607,1.134978607,1.47E-14,1,1,1.093634982,1.093634982,3.53E-13,0,0,NA,NA,NA,NA,NA,NA,NA,NA,NA,NA,NA,NA,NA,NA,NA,NA,NA,NA,0.040303305,0,1,0,0,30,0.06129486,1,1,0,0,30,0.066418959,0,1,0,0,30,581.884,560.919,453.305,10.412,566.235,30.101,29.588,3.114,3.604,2.442,0.876,0.501
2026-03-21T12:50:19+08:00,20260321_125019_174596,D:\CodingHHW\Biplane\experiment\experiment_results.csv,CTChest,orthographic,Current mode: Orthographic,1,0,1,1,1,1,46.99,43.1,67.87,0.08,0.11,0,0.08 mm,0.11 px,0.00 mm,testPoint,TargetP3D,blackCenter2,PointGreen,PointRed,PointGreen,testPoint,30,1,1,0,1,-109.424,48.149,-120.7944031,143.7517894,159.9521668,172.5405718,158.748176,0,6,10,D:\CodingHHW\Biplane\experiment\transform_snapshots\20260321_125019_174596,LinearTransform,D:\CodingHHW\Biplane\experiment\transform_snapshots\20260321_125019_174596\20260321_125019_174596_1_LinearTransform.h5,1,LinearTransform_1,D:\CodingHHW\Biplane\experiment\transform_snapshots\20260321_125019_174596\20260321_125019_174596_2_LinearTransform_1.h5,1,LinearTransform_2,D:\CodingHHW\Biplane\experiment\transform_snapshots\20260321_125019_174596\20260321_125019_174596_3_LinearTransform_2.h5,1,3,1,0.636023185,0.636023185,8.62E-14,0,0,0.815779483,0.815779483,5.96E-14,1,1,0.75116053,0.75116053,5.49E-13,0,0,NA,NA,NA,NA,NA,NA,NA,NA,NA,NA,NA,NA,NA,NA,NA,NA,NA,NA,0.048108372,0,0,0,0,30,0.055701649,0,0,0,0,30,0.047440765,0,1,0,0,30,463.944,459.838,432.267,9.692,565.554,29.572,29.588,3.404,3.003,2.013,0.538,0.502
2026-03-21T12:50:54+08:00,20260321_125054_062513,D:\CodingHHW\Biplane\experiment\experiment_results.csv,CTChest,orthographic,Current mode: Orthographic,1,0,1,1,1,1,46.99,43.1,67.87,0.05,0.09,0,0.05 mm,0.09 px,0.00 mm,testPoint,TargetP3D,blackCenter2,PointGreen,PointRed,PointGreen,testPoint,30,1,1,0,1,-109.424,48.149,-120.7944031,143.7517894,159.9521668,172.5405718,158.748176,0,6,10,D:\CodingHHW\Biplane\experiment\transform_snapshots\20260321_125054_062513,LinearTransform,D:\CodingHHW\Biplane\experiment\transform_snapshots\20260321_125054_062513\20260321_125054_062513_1_LinearTransform.h5,1,LinearTransform_1,D:\CodingHHW\Biplane\experiment\transform_snapshots\20260321_125054_062513\20260321_125054_062513_2_LinearTransform_1.h5,1,LinearTransform_2,D:\CodingHHW\Biplane\experiment\transform_snapshots\20260321_125054_062513\20260321_125054_062513_3_LinearTransform_2.h5,1,3,1,1.128687643,1.128687643,8.66E-15,1,1,1.20669461,1.20669461,1.73E-14,1,1,1.032672249,1.032672249,3.52E-13,1,1,NA,NA,NA,NA,NA,NA,NA,NA,NA,NA,NA,NA,NA,NA,NA,NA,NA,NA,0.070753565,1,1,0,0,30,0.052842801,1,0,0,0,30,0.055603823,1,1,0,0,30,654.363,537.121,444.741,9.373,569.317,31.251,29.588,3.577,3.624,2.163,0.685,0.509
2026-03-21T12:51:53+08:00,20260321_125153_027444,D:\CodingHHW\Biplane\experiment\experiment_results.csv,CTChest,orthographic,Current mode: Orthographic,1,0,1,1,1,1,46.99,43.1,67.87,0.2,0.2,0,0.20 mm,0.20 px,0.00 mm,testPoint,TargetP3D,blackCenter2,PointGreen,PointRed,PointGreen,testPoint,30,1,1,0,1,-109.424,48.149,-120.7944031,143.7517894,159.9521668,172.5405718,158.748176,0,6,10,D:\CodingHHW\Biplane\experiment\transform_snapshots\20260321_125153_027444,LinearTransform,D:\CodingHHW\Biplane\experiment\transform_snapshots\20260321_125153_027444\20260321_125153_027444_1_LinearTransform.h5,1,LinearTransform_1,D:\CodingHHW\Biplane\experiment\transform_snapshots\20260321_125153_027444\20260321_125153_027444_2_LinearTransform_1.h5,1,LinearTransform_2,D:\CodingHHW\Biplane\experiment\transform_snapshots\20260321_125153_027444\20260321_125153_027444_3_LinearTransform_2.h5,1,3,1,0.790420967,0.790420967,1.32E-14,1,1,1.062695868,1.062695868,5.60E-14,1,1,0.932947387,0.932947387,5.45E-13,0,0,NA,NA,NA,NA,NA,NA,NA,NA,NA,NA,NA,NA,NA,NA,NA,NA,NA,NA,0.064088673,0,1,0,0,30,0.060223667,1,0,0,0,30,0.060003357,0,1,0,0,30,560.405,496.574,423.926,10.113,572.217,30.145,29.588,3.13,3.343,2.421,0.524,0.65
2026-03-21T12:52:20+08:00,20260321_125220_018508,D:\CodingHHW\Biplane\experiment\experiment_results.csv,CTChest,orthographic,Current mode: Orthographic,1,0,1,1,1,1,46.99,43.1,67.87,0.16,0.14,0,0.16 mm,0.14 px,0.00 mm,testPoint,TargetP3D,blackCenter2,PointGreen,PointRed,PointGreen,testPoint,30,1,1,0,1,-109.424,48.149,-120.7944031,143.7517894,159.9521668,172.5405718,158.748176,0,6,10,D:\CodingHHW\Biplane\experiment\transform_snapshots\20260321_125220_018508,LinearTransform,D:\CodingHHW\Biplane\experiment\transform_snapshots\20260321_125220_018508\20260321_125220_018508_1_LinearTransform.h5,1,LinearTransform_1,D:\CodingHHW\Biplane\experiment\transform_snapshots\20260321_125220_018508\20260321_125220_018508_2_LinearTransform_1.h5,1,LinearTransform_2,D:\CodingHHW\Biplane\experiment\transform_snapshots\20260321_125220_018508\20260321_125220_018508_3_LinearTransform_2.h5,1,3,1,0.812555266,0.812555266,4.44E-16,0,0,0.937721342,0.937721342,2.55E-15,1,1,0.906128657,0.906128657,2.59E-13,1,1,NA,NA,NA,NA,NA,NA,NA,NA,NA,NA,NA,NA,NA,NA,NA,NA,NA,NA,0.076204605,0,0,0,0,30,0.07601645,0,1,0,0,30,0.076537786,0,1,0,0,30,508.472,498.53,417.511,9.803,567.805,29.594,29.588,3.16,3.039,2.213,0.623,0.495
2026-03-21T12:56:55+08:00,20260321_125655_638187,D:\CodingHHW\Biplane\experiment\experiment_results.csv,CTChest,orthographic,Current mode: Orthographic,1,0,1,1,1,1,79.61,73.6,85.47,0.1,0.03,0,0.10 mm,0.03 px,0.00 mm,testPoint,TargetP3D,blackCenter2,PointGreen,PointRed,PointGreen,testPoint,30,1,1,0,1,-109.424,48.149,-120.7944031,143.7517894,165.8448445,177.2279072,162.274847,0,6,10,D:\CodingHHW\Biplane\experiment\transform_snapshots\20260321_125655_638187,LinearTransform,D:\CodingHHW\Biplane\experiment\transform_snapshots\20260321_125655_638187\20260321_125655_638187_1_LinearTransform.h5,1,LinearTransform_1,D:\CodingHHW\Biplane\experiment\transform_snapshots\20260321_125655_638187\20260321_125655_638187_2_LinearTransform_1.h5,1,LinearTransform_2,D:\CodingHHW\Biplane\experiment\transform_snapshots\20260321_125655_638187\20260321_125655_638187_3_LinearTransform_2.h5,1,3,1,0.908996755,0.908996755,3.57E-14,0,0,1.226894769,1.226894769,5.11E-14,0,0,1.060947411,1.060947411,3.55E-13,0,0,NA,NA,NA,NA,NA,NA,NA,NA,NA,NA,NA,NA,NA,NA,NA,NA,NA,NA,0.034774446,1,0,0,0,30,0.042468611,1,0,0,0,30,0.049886529,0,1,0,0,30,703.465,486.703,396.057,9.611,567.455,29.53,29.588,2.969,3.62,2.002,0.555,0.466
2026-03-21T12:58:16+08:00,20260321_125816_612209,D:\CodingHHW\Biplane\experiment\experiment_results.csv,CTChest,orthographic,Current mode: Orthographic,1,0,1,1,1,1,79.61,73.6,85.47,0.18,0.2,0,0.18 mm,0.20 px,0.00 mm,testPoint,TargetP3D,blackCenter2,PointGreen,PointRed,PointGreen,testPoint,30,1,1,0,1,-109.424,48.149,-120.7944031,143.7517894,165.8448445,177.2279072,162.274847,0,6,10,D:\CodingHHW\Biplane\experiment\transform_snapshots\20260321_125816_612209,LinearTransform,D:\CodingHHW\Biplane\experiment\transform_snapshots\20260321_125816_612209\20260321_125816_612209_1_LinearTransform.h5,1,LinearTransform_1,D:\CodingHHW\Biplane\experiment\transform_snapshots\20260321_125816_612209\20260321_125816_612209_2_LinearTransform_1.h5,1,LinearTransform_2,D:\CodingHHW\Biplane\experiment\transform_snapshots\20260321_125816_612209\20260321_125816_612209_3_LinearTransform_2.h5,1,3,1,1.410501807,1.410501807,1.09E-14,1,1,1.874330536,1.874330536,6.73E-14,0,0,1.571824995,1.571824995,1.44E-12,0,0,NA,NA,NA,NA,NA,NA,NA,NA,NA,NA,NA,NA,NA,NA,NA,NA,NA,NA,0.054630496,1,1,0,0,30,0.071052567,0,0,0,0,30,0.061810989,1,0,0,0,30,620.374,542.198,449.49,9.601,560.731,29.615,29.588,2.685,3.058,2.45,0.662,0.616
2026-03-21T12:59:26+08:00,20260321_125926_322698,D:\CodingHHW\Biplane\experiment\experiment_results.csv,CTChest,orthographic,Current mode: Orthographic,1,0,1,1,1,1,79.61,73.6,85.47,0.18,0.02,0,0.18 mm,0.02 px,0.00 mm,testPoint,TargetP3D,blackCenter2,PointGreen,PointRed,PointGreen,testPoint,30,1,1,0,1,-109.424,48.149,-120.7944031,143.7517894,165.8448445,177.2279072,162.274847,0,6,10,D:\CodingHHW\Biplane\experiment\transform_snapshots\20260321_125926_322698,LinearTransform,D:\CodingHHW\Biplane\experiment\transform_snapshots\20260321_125926_322698\20260321_125926_322698_1_LinearTransform.h5,1,LinearTransform_1,D:\CodingHHW\Biplane\experiment\transform_snapshots\20260321_125926_322698\20260321_125926_322698_2_LinearTransform_1.h5,1,LinearTransform_2,D:\CodingHHW\Biplane\experiment\transform_snapshots\20260321_125926_322698\20260321_125926_322698_3_LinearTransform_2.h5,1,3,1,1.058807788,1.058807788,3.86E-13,0,1,1.133591242,1.133591242,8.49E-13,0,0,1.093082807,1.093082807,2.15E-14,0,0,NA,NA,NA,NA,NA,NA,NA,NA,NA,NA,NA,NA,NA,NA,NA,NA,NA,NA,0.068249205,0,0,0,0,30,0.082167761,1,0,0,0,30,0.066336261,1,1,0,0,30,537.999,638.798,418.482,10.527,559.256,28.019,29.588,2.661,4.11,2.853,0.52,0.545
2026-03-21T13:00:53+08:00,20260321_130053_327206,D:\CodingHHW\Biplane\experiment\experiment_results.csv,CTChest,orthographic,Current mode: Orthographic,1,0,1,1,1,1,79.61,73.6,85.47,0.11,0.16,0,0.11 mm,0.16 px,0.00 mm,testPoint,TargetP3D,blackCenter2,PointGreen,PointRed,PointGreen,testPoint,30,1,1,0,1,-109.424,48.149,-120.7944031,143.7517894,165.8448445,177.2279072,162.274847,0,6,10,D:\CodingHHW\Biplane\experiment\transform_snapshots\20260321_130053_327206,LinearTransform,D:\CodingHHW\Biplane\experiment\transform_snapshots\20260321_130053_327206\20260321_130053_327206_1_LinearTransform.h5,1,LinearTransform_1,D:\CodingHHW\Biplane\experiment\transform_snapshots\20260321_130053_327206\20260321_130053_327206_2_LinearTransform_1.h5,1,LinearTransform_2,D:\CodingHHW\Biplane\experiment\transform_snapshots\20260321_130053_327206\20260321_130053_327206_3_LinearTransform_2.h5,1,3,1,1.300266871,1.300266871,3.89E-14,0,0,2.035334194,2.035334194,1.26E-13,1,0,1.315234412,1.315234412,8.68E-14,0,0,NA,NA,NA,NA,NA,NA,NA,NA,NA,NA,NA,NA,NA,NA,NA,NA,NA,NA,0.060524381,1,1,0,0,30,0.071655129,0,1,0,0,30,0.065083866,0,1,0,0,30,591.517,659.977,461.517,10.048,573.566,30.51,29.588,3.552,3.326,2.307,0.863,0.657
2026-03-21T13:01:29+08:00,20260321_130129_980487,D:\CodingHHW\Biplane\experiment\experiment_results.csv,CTChest,orthographic,Current mode: Orthographic,1,0,1,1,1,1,79.61,73.6,85.47,0.08,0.06,0,0.08 mm,0.06 px,0.00 mm,testPoint,TargetP3D,blackCenter2,PointGreen,PointRed,PointGreen,testPoint,30,1,1,0,1,-109.424,48.149,-120.7944031,143.7517894,165.8448445,177.2279072,162.274847,0,6,10,D:\CodingHHW\Biplane\experiment\transform_snapshots\20260321_130129_980487,LinearTransform,D:\CodingHHW\Biplane\experiment\transform_snapshots\20260321_130129_980487\20260321_130129_980487_1_LinearTransform.h5,1,LinearTransform_1,D:\CodingHHW\Biplane\experiment\transform_snapshots\20260321_130129_980487\20260321_130129_980487_2_LinearTransform_1.h5,1,LinearTransform_2,D:\CodingHHW\Biplane\experiment\transform_snapshots\20260321_130129_980487\20260321_130129_980487_3_LinearTransform_2.h5,1,3,1,0.973744199,0.973744199,1.60E-14,0,0,1.168739227,1.168739227,1.62E-14,1,1,0.988765594,0.988765594,4.37E-13,0,0,NA,NA,NA,NA,NA,NA,NA,NA,NA,NA,NA,NA,NA,NA,NA,NA,NA,NA,0.024206598,1,0,0,0,30,0.047506371,0,1,0,0,30,0.037329734,1,1,0,0,30,548.33,520.521,401.233,9.834,568.142,29.953,29.588,2.972,3.052,2.111,0.675,0.492
2026-03-21T13:02:19+08:00,20260321_130219_219398,D:\CodingHHW\Biplane\experiment\experiment_results.csv,CTChest,orthographic,Current mode: Orthographic,1,0,1,1,1,1,79.61,73.6,85.47,0.1,0.08,0,0.10 mm,0.08 px,0.00 mm,testPoint,TargetP3D,blackCenter2,PointGreen,PointRed,PointGreen,testPoint,30,1,1,0,1,-109.424,48.149,-120.7944031,143.7517894,165.8448445,177.2279072,162.274847,0,6,10,D:\CodingHHW\Biplane\experiment\transform_snapshots\20260321_130219_219398,LinearTransform,D:\CodingHHW\Biplane\experiment\transform_snapshots\20260321_130219_219398\20260321_130219_219398_1_LinearTransform.h5,1,LinearTransform_1,D:\CodingHHW\Biplane\experiment\transform_snapshots\20260321_130219_219398\20260321_130219_219398_2_LinearTransform_1.h5,1,LinearTransform_2,D:\CodingHHW\Biplane\experiment\transform_snapshots\20260321_130219_219398\20260321_130219_219398_3_LinearTransform_2.h5,1,3,1,1.116212612,1.116212612,1.80E-13,0,1,1.321922018,1.321922018,1.30E-13,1,1,1.05212592,1.05212592,1.62E-14,0,0,NA,NA,NA,NA,NA,NA,NA,NA,NA,NA,NA,NA,NA,NA,NA,NA,NA,NA,0.084909515,0,1,0,0,30,0.063342308,0,0,0,0,30,0.060935814,0,0,0,0,30,640.388,517.259,377.375,9.686,570.333,30.479,29.588,3.065,2.971,2.001,0.531,0.554
2026-03-21T13:02:54+08:00,20260321_130254_889237,D:\CodingHHW\Biplane\experiment\experiment_results.csv,CTChest,perspective,Current mode: Perspective,1,1,0,1,1,1,79.61,73.6,85.47,0.09,0.06,0,0.09 mm,0.06 px,0.00 mm,testPoint,TargetP3D,blackCenter2,PointGreen,PointRed,PointGreen,testPoint,30,0,1,0,1,-109.424,48.149,-120.7944031,143.7517894,165.8448445,177.2279072,162.274847,0,6,10,D:\CodingHHW\Biplane\experiment\transform_snapshots\20260321_130254_889237,LinearTransform,D:\CodingHHW\Biplane\experiment\transform_snapshots\20260321_130254_889237\20260321_130254_889237_1_LinearTransform.h5,1,LinearTransform_1,D:\CodingHHW\Biplane\experiment\transform_snapshots\20260321_130254_889237\20260321_130254_889237_2_LinearTransform_1.h5,1,LinearTransform_2,D:\CodingHHW\Biplane\experiment\transform_snapshots\20260321_130254_889237\20260321_130254_889237_3_LinearTransform_2.h5,1,3,1,0.059021529,0.059021529,1.62E-14,0,0,0.052978835,0.052978835,1.61E-13,1,1,0.092769331,0.092769331,1.05E-14,0,0,0.057412562,0,1,0,0,30,0.051917155,1,0,0,0,30,0.09262878,1,1,0,0,30,NA,NA,NA,NA,NA,NA,NA,NA,NA,NA,NA,NA,NA,NA,NA,NA,NA,NA,497.904,506.448,427.794,9.707,596.345,57.534,30.182,3.065,2.98,2.476,0.539,0.525
2026-03-21T13:03:29+08:00,20260321_130329_453212,D:\CodingHHW\Biplane\experiment\experiment_results.csv,CTChest,perspective,Current mode: Perspective,1,1,0,1,1,1,79.61,73.6,85.47,0.13,0.06,0,0.13 mm,0.06 px,0.00 mm,testPoint,TargetP3D,blackCenter2,PointGreen,PointRed,PointGreen,testPoint,30,0,1,0,1,-109.424,48.149,-120.7944031,143.7517894,165.8448445,177.2279072,162.274847,0,6,10,D:\CodingHHW\Biplane\experiment\transform_snapshots\20260321_130329_453212,LinearTransform,D:\CodingHHW\Biplane\experiment\transform_snapshots\20260321_130329_453212\20260321_130329_453212_1_LinearTransform.h5,1,LinearTransform_1,D:\CodingHHW\Biplane\experiment\transform_snapshots\20260321_130329_453212\20260321_130329_453212_2_LinearTransform_1.h5,1,LinearTransform_2,D:\CodingHHW\Biplane\experiment\transform_snapshots\20260321_130329_453212\20260321_130329_453212_3_LinearTransform_2.h5,1,3,1,0.063247056,0.063247056,3.09E-15,0,0,0.03428049,0.03428049,4.19E-14,1,1,0.064920146,0.064920146,7.19E-15,1,1,0.060656766,0,1,0,0,30,0.033118117,1,1,0,0,30,0.063409517,1,0,0,0,30,NA,NA,NA,NA,NA,NA,NA,NA,NA,NA,NA,NA,NA,NA,NA,NA,NA,NA,541.654,615.363,380.938,10.087,597.625,58.852,31.291,3.065,3.135,2.161,0.649,0.462
2026-03-21T13:04:03+08:00,20260321_130403_107373,D:\CodingHHW\Biplane\experiment\experiment_results.csv,CTChest,perspective,Current mode: Perspective,1,1,0,1,1,1,79.61,73.6,85.47,0.14,0.05,0,0.14 mm,0.05 px,0.00 mm,testPoint,TargetP3D,blackCenter2,PointGreen,PointRed,PointGreen,testPoint,30,0,1,0,1,-109.424,48.149,-120.7944031,143.7517894,165.8448445,177.2279072,162.274847,0,6,10,D:\CodingHHW\Biplane\experiment\transform_snapshots\20260321_130403_107373,LinearTransform,D:\CodingHHW\Biplane\experiment\transform_snapshots\20260321_130403_107373\20260321_130403_107373_1_LinearTransform.h5,1,LinearTransform_1,D:\CodingHHW\Biplane\experiment\transform_snapshots\20260321_130403_107373\20260321_130403_107373_2_LinearTransform_1.h5,1,LinearTransform_2,D:\CodingHHW\Biplane\experiment\transform_snapshots\20260321_130403_107373\20260321_130403_107373_3_LinearTransform_2.h5,1,3,1,0.065652321,0.065652321,1.37E-13,1,1,0.041181055,0.041181055,2.06E-14,1,1,0.065484409,0.065484409,1.42E-13,1,1,0.060304692,1,1,0,0,30,0.040797378,1,1,0,0,30,0.064559165,1,1,0,0,30,NA,NA,NA,NA,NA,NA,NA,NA,NA,NA,NA,NA,NA,NA,NA,NA,NA,NA,556.689,539.377,403.148,10.107,599.414,57.8,29.898,3.065,3.03,2.437,0.509,0.552
2026-03-21T13:04:33+08:00,20260321_130433_688196,D:\CodingHHW\Biplane\experiment\experiment_results.csv,CTChest,perspective,Current mode: Perspective,1,1,0,1,1,1,79.61,73.6,85.47,0.16,0.15,0,0.16 mm,0.15 px,0.00 mm,testPoint,TargetP3D,blackCenter2,PointGreen,PointRed,PointGreen,testPoint,30,0,1,0,1,-109.424,48.149,-120.7944031,143.7517894,165.8448445,177.2279072,162.274847,0,6,10,D:\CodingHHW\Biplane\experiment\transform_snapshots\20260321_130433_688196,LinearTransform,D:\CodingHHW\Biplane\experiment\transform_snapshots\20260321_130433_688196\20260321_130433_688196_1_LinearTransform.h5,1,LinearTransform_1,D:\CodingHHW\Biplane\experiment\transform_snapshots\20260321_130433_688196\20260321_130433_688196_2_LinearTransform_1.h5,1,LinearTransform_2,D:\CodingHHW\Biplane\experiment\transform_snapshots\20260321_130433_688196\20260321_130433_688196_3_LinearTransform_2.h5,1,3,1,0.068331421,0.068331421,5.68E-14,1,1,0.092244044,0.092244044,3.88E-13,1,1,0.039410966,0.039410966,4.85E-15,1,1,0.064882755,1,1,0,0,30,0.086991781,0,0,0,0,30,0.038831424,0,0,0,0,30,NA,NA,NA,NA,NA,NA,NA,NA,NA,NA,NA,NA,NA,NA,NA,NA,NA,NA,575.279,529.119,426,10.16,594.792,56.082,28.795,3.065,2.938,2.05,0.531,0.496
2026-03-21T13:05:13+08:00,20260321_130513_280194,D:\CodingHHW\Biplane\experiment\experiment_results.csv,CTChest,perspective,Current mode: Perspective,1,1,0,1,1,1,79.61,73.6,85.47,0.08,0.3,0,0.08 mm,0.30 px,0.00 mm,testPoint,TargetP3D,blackCenter2,PointGreen,PointRed,PointGreen,testPoint,30,0,1,0,1,-109.424,48.149,-120.7944031,143.7517894,165.8448445,177.2279072,162.274847,0,6,10,D:\CodingHHW\Biplane\experiment\transform_snapshots\20260321_130513_280194,LinearTransform,D:\CodingHHW\Biplane\experiment\transform_snapshots\20260321_130513_280194\20260321_130513_280194_1_LinearTransform.h5,1,LinearTransform_1,D:\CodingHHW\Biplane\experiment\transform_snapshots\20260321_130513_280194\20260321_130513_280194_2_LinearTransform_1.h5,1,LinearTransform_2,D:\CodingHHW\Biplane\experiment\transform_snapshots\20260321_130513_280194\20260321_130513_280194_3_LinearTransform_2.h5,1,3,1,0.073308536,0.073308536,1.85E-14,0,0,0.060958266,0.060958266,6.68E-14,0,0,0.094229403,0.094229403,2.37E-13,0,0,0.072342326,0,0,0,0,30,0.060065205,0,0,0,0,30,0.093356737,0,1,0,0,30,NA,NA,NA,NA,NA,NA,NA,NA,NA,NA,NA,NA,NA,NA,NA,NA,NA,NA,562.214,529.42,412.556,9.875,594.05,59.296,31.626,3.065,2.957,1.832,0.486,0.711
2026-03-21T13:05:51+08:00,20260321_130551_003787,D:\CodingHHW\Biplane\experiment\experiment_results.csv,CTChest,perspective,Current mode: Perspective,1,1,0,1,1,1,79.61,73.6,85.47,0.11,0.28,0,0.11 mm,0.28 px,0.00 mm,testPoint,TargetP3D,blackCenter2,PointGreen,PointRed,PointGreen,testPoint,30,0,1,0,1,-109.424,48.149,-120.7944031,143.7517894,165.8448445,177.2279072,162.274847,0,6,10,D:\CodingHHW\Biplane\experiment\transform_snapshots\20260321_130551_003787,LinearTransform,D:\CodingHHW\Biplane\experiment\transform_snapshots\20260321_130551_003787\20260321_130551_003787_1_LinearTransform.h5,1,LinearTransform_1,D:\CodingHHW\Biplane\experiment\transform_snapshots\20260321_130551_003787\20260321_130551_003787_2_LinearTransform_1.h5,1,LinearTransform_2,D:\CodingHHW\Biplane\experiment\transform_snapshots\20260321_130551_003787\20260321_130551_003787_3_LinearTransform_2.h5,1,3,1,0.075312377,0.075312377,6.98E-14,1,1,0.066573412,0.066573412,1.76E-13,1,1,0.062184205,0.062184205,6.09E-13,0,0,0.073561679,1,0,0,0,30,0.066187177,1,0,0,0,30,0.059110659,1,1,0,0,30,NA,NA,NA,NA,NA,NA,NA,NA,NA,NA,NA,NA,NA,NA,NA,NA,NA,NA,474.626,626.802,399.853,9.579,595.96,59.954,30.797,3.065,3.064,2.216,0.53,0.535
2026-03-21T17:13:37+08:00,20260321_171337_159459,D:\CodingHHW\Biplane\experiment\experiment_results.csv,CTChest,perspective,Current mode: Perspective,1,1,0,1,1,1,79.61,73.6,85.47,0.13,0.23,0,0.13 mm,0.23 px,0.00 mm,testPoint,TargetP3D,blackCenter2,PointGreen,PointRed,PointGreen,testPoint,30,0,1,0,1,-139.1184387,41.19994354,-223.4062195,150.952714,178.0067516,179.6955192,169.5516616,0,6,10,D:\CodingHHW\Biplane\experiment\transform_snapshots\20260321_171337_159459,LinearTransform,D:\CodingHHW\Biplane\experiment\transform_snapshots\20260321_171337_159459\20260321_171337_159459_1_LinearTransform.h5,1,LinearTransform_1,D:\CodingHHW\Biplane\experiment\transform_snapshots\20260321_171337_159459\20260321_171337_159459_2_LinearTransform_1.h5,1,LinearTransform_2,D:\CodingHHW\Biplane\experiment\transform_snapshots\20260321_171337_159459\20260321_171337_159459_3_LinearTransform_2.h5,1,3,1,0.072042629,0.072042629,5.70E-15,1,1,0.061074332,0.061074332,7.39E-14,1,1,0.053604512,0.053604512,4.00E-13,1,1,0.067525116,0,0,0,0,30,0.058142381,0,1,0,0,30,0.053290684,1,0,0,0,30,NA,NA,NA,NA,NA,NA,NA,NA,NA,NA,NA,NA,NA,NA,NA,NA,NA,NA,485.51,525.506,406.04,9.903,595.655,57.07,29.743,3.065,3.009,3.089,0.895,0.553
2026-03-21T17:14:20+08:00,20260321_171420_605696,D:\CodingHHW\Biplane\experiment\experiment_results.csv,CTChest,perspective,Current mode: Perspective,1,1,0,1,1,1,79.61,73.6,85.47,0.28,0.14,0,0.28 mm,0.14 px,0.00 mm,testPoint,TargetP3D,blackCenter2,PointGreen,PointRed,PointGreen,testPoint,30,0,1,0,1,-139.1184387,41.19994354,-223.4062195,150.952714,178.0067516,179.6955192,169.5516616,0,6,10,D:\CodingHHW\Biplane\experiment\transform_snapshots\20260321_171420_605696,LinearTransform,D:\CodingHHW\Biplane\experiment\transform_snapshots\20260321_171420_605696\20260321_171420_605696_1_LinearTransform.h5,1,LinearTransform_1,D:\CodingHHW\Biplane\experiment\transform_snapshots\20260321_171420_605696\20260321_171420_605696_2_LinearTransform_1.h5,1,LinearTransform_2,D:\CodingHHW\Biplane\experiment\transform_snapshots\20260321_171420_605696\20260321_171420_605696_3_LinearTransform_2.h5,1,3,1,0.067960193,0.067960193,4.15E-15,0,0,0.037185532,0.037185532,1.44E-14,1,1,0.068323334,0.068323334,1.20E-13,1,1,0.065728182,0,1,0,0,30,0.037177418,0,0,0,0,30,0.066251317,0,1,0,0,30,NA,NA,NA,NA,NA,NA,NA,NA,NA,NA,NA,NA,NA,NA,NA,NA,NA,NA,466.399,622.491,415.753,10.177,593.443,56.64,28.963,3.065,3.25,2.222,0.563,0.51
2026-03-21T17:15:02+08:00,20260321_171502_991732,D:\CodingHHW\Biplane\experiment\experiment_results.csv,CTChest,perspective,Current mode: Perspective,1,1,0,1,1,1,79.61,73.6,85.47,0.05,0.23,0,0.05 mm,0.23 px,0.00 mm,testPoint,TargetP3D,blackCenter2,PointGreen,PointRed,PointGreen,testPoint,30,0,1,0,1,-139.1184387,41.19994354,-223.4062195,150.952714,178.0067516,179.6955192,169.5516616,0,6,10,D:\CodingHHW\Biplane\experiment\transform_snapshots\20260321_171502_991732,LinearTransform,D:\CodingHHW\Biplane\experiment\transform_snapshots\20260321_171502_991732\20260321_171502_991732_1_LinearTransform.h5,1,LinearTransform_1,D:\CodingHHW\Biplane\experiment\transform_snapshots\20260321_171502_991732\20260321_171502_991732_2_LinearTransform_1.h5,1,LinearTransform_2,D:\CodingHHW\Biplane\experiment\transform_snapshots\20260321_171502_991732\20260321_171502_991732_3_LinearTransform_2.h5,1,3,1,0.041234878,0.041234878,4.94E-14,0,0,0.053272414,0.053272414,3.99E-13,1,1,0.049515031,0.049515031,5.12E-13,1,1,0.039180243,1,0,0,0,30,0.05268417,0,1,0,0,30,0.048003295,0,1,0,0,30,NA,NA,NA,NA,NA,NA,NA,NA,NA,NA,NA,NA,NA,NA,NA,NA,NA,NA,528.279,525.841,422.748,9.597,598.014,57.345,30.006,3.065,3.273,2.323,0.583,0.515
2026-03-21T17:15:51+08:00,20260321_171551_480518,D:\CodingHHW\Biplane\experiment\experiment_results.csv,CTChest,perspective,Current mode: Perspective,1,1,0,1,1,1,79.61,73.6,85.47,0.24,0.04,0,0.24 mm,0.04 px,0.00 mm,testPoint,TargetP3D,blackCenter2,PointGreen,PointRed,PointGreen,testPoint,30,0,1,0,1,-139.1184387,41.19994354,-223.4062195,150.952714,178.0067516,179.6955192,169.5516616,0,6,10,D:\CodingHHW\Biplane\experiment\transform_snapshots\20260321_171551_480518,LinearTransform,D:\CodingHHW\Biplane\experiment\transform_snapshots\20260321_171551_480518\20260321_171551_480518_1_LinearTransform.h5,1,LinearTransform_1,D:\CodingHHW\Biplane\experiment\transform_snapshots\20260321_171551_480518\20260321_171551_480518_2_LinearTransform_1.h5,1,LinearTransform_2,D:\CodingHHW\Biplane\experiment\transform_snapshots\20260321_171551_480518\20260321_171551_480518_3_LinearTransform_2.h5,1,3,1,0.077814114,0.077814114,2.84E-14,0,0,0.058536241,0.058536241,5.03E-14,0,0,0.044936398,0.044936398,6.40E-12,0,0,0.07571381,0,1,0,0,30,0.057084748,0,0,0,0,30,0.042878795,0,0,0,0,30,NA,NA,NA,NA,NA,NA,NA,NA,NA,NA,NA,NA,NA,NA,NA,NA,NA,NA,488.548,488.375,435.804,9.822,597.072,57.112,30.186,3.065,3.167,2.386,0.679,0.526
2026-03-21T17:16:44+08:00,20260321_171644_359221,D:\CodingHHW\Biplane\experiment\experiment_results.csv,CTChest,perspective,Current mode: Perspective,1,1,0,1,1,1,79.61,73.6,85.47,0.1,0,0,0.10 mm,0.00 px,0.00 mm,testPoint,TargetP3D,blackCenter2,PointGreen,PointRed,PointGreen,testPoint,30,0,1,0,1,-139.1184387,41.19994354,-223.4062195,150.952714,178.0067516,179.6955192,169.5516616,0,6,10,D:\CodingHHW\Biplane\experiment\transform_snapshots\20260321_171644_359221,LinearTransform,D:\CodingHHW\Biplane\experiment\transform_snapshots\20260321_171644_359221\20260321_171644_359221_1_LinearTransform.h5,1,LinearTransform_1,D:\CodingHHW\Biplane\experiment\transform_snapshots\20260321_171644_359221\20260321_171644_359221_2_LinearTransform_1.h5,1,LinearTransform_2,D:\CodingHHW\Biplane\experiment\transform_snapshots\20260321_171644_359221\20260321_171644_359221_3_LinearTransform_2.h5,1,3,1,0.038763803,0.038763803,2.53E-13,0,0,0.045712703,0.045712703,2.64E-14,1,1,0.055122461,0.055122461,6.21E-13,0,0,0.03692795,0,0,0,0,30,0.045632413,1,1,0,0,30,0.052500286,0,1,0,0,30,NA,NA,NA,NA,NA,NA,NA,NA,NA,NA,NA,NA,NA,NA,NA,NA,NA,NA,516.922,560.04,445.342,9.51,592.293,57.542,30.332,3.065,3.211,2.005,0.601,0.608
2026-03-21T17:17:33+08:00,20260321_171733_603877,D:\CodingHHW\Biplane\experiment\experiment_results.csv,CTChest,perspective,Current mode: Perspective,1,1,0,1,1,1,79.61,73.6,85.47,0.09,0.3,0,0.09 mm,0.30 px,0.00 mm,testPoint,TargetP3D,blackCenter2,PointGreen,PointRed,PointGreen,testPoint,30,0,1,0,1,-139.1184387,41.19994354,-223.4062195,150.952714,178.0067516,179.6955192,169.5516616,0,6,10,D:\CodingHHW\Biplane\experiment\transform_snapshots\20260321_171733_603877,LinearTransform,D:\CodingHHW\Biplane\experiment\transform_snapshots\20260321_171733_603877\20260321_171733_603877_1_LinearTransform.h5,1,LinearTransform_1,D:\CodingHHW\Biplane\experiment\transform_snapshots\20260321_171733_603877\20260321_171733_603877_2_LinearTransform_1.h5,1,LinearTransform_2,D:\CodingHHW\Biplane\experiment\transform_snapshots\20260321_171733_603877\20260321_171733_603877_3_LinearTransform_2.h5,1,3,1,0.058406899,0.058406899,2.33E-14,1,1,0.072566148,0.072566148,2.09E-14,1,1,0.067295055,0.067295055,6.49E-13,1,1,0.054151325,0,0,0,0,30,0.072478819,0,0,0,0,30,0.06213338,0,0,0,0,30,NA,NA,NA,NA,NA,NA,NA,NA,NA,NA,NA,NA,NA,NA,NA,NA,NA,NA,563.119,585.364,413.706,9.678,596.608,58.952,31.024,3.065,3,2.095,0.746,0.506
2026-03-21T17:19:15+08:00,20260321_171915_908320,D:\CodingHHW\Biplane\experiment\experiment_results.csv,CTChest,orthographic,Current mode: Orthographic,1,0,1,1,1,1,79.61,73.6,85.47,0.19,0.72,0,0.19 mm,0.72 px,0.00 mm,testPoint,TargetP3D,blackCenter2,PointGreen,PointRed,PointGreen,testPoint,30,1,1,0,1,-139.1184387,41.19994354,-223.4062195,150.952714,178.0067516,179.6955192,169.5516616,0,6,10,D:\CodingHHW\Biplane\experiment\transform_snapshots\20260321_171915_908320,LinearTransform,D:\CodingHHW\Biplane\experiment\transform_snapshots\20260321_171915_908320\20260321_171915_908320_1_LinearTransform.h5,1,LinearTransform_1,D:\CodingHHW\Biplane\experiment\transform_snapshots\20260321_171915_908320\20260321_171915_908320_2_LinearTransform_1.h5,1,LinearTransform_2,D:\CodingHHW\Biplane\experiment\transform_snapshots\20260321_171915_908320\20260321_171915_908320_3_LinearTransform_2.h5,1,3,1,1.081468038,1.081468038,1.49E-14,1,1,2.492559534,2.492559534,7.59E-14,1,1,1.594006174,1.594006174,3.26E-13,0,0,NA,NA,NA,NA,NA,NA,NA,NA,NA,NA,NA,NA,NA,NA,NA,NA,NA,NA,0.043490687,1,1,0,0,30,0.044638195,1,0,0,0,30,0.06340691,1,0,0,0,30,681.531,592.644,434.609,9.753,566.139,29.684,31.024,2.944,3.141,1.936,0.506,0.774
2026-03-21T17:20:04+08:00,20260321_172004_905092,D:\CodingHHW\Biplane\experiment\experiment_results.csv,CTChest,orthographic,Current mode: Orthographic,1,0,1,1,1,1,79.61,73.6,85.47,0.39,0.46,0,0.39 mm,0.46 px,0.00 mm,testPoint,TargetP3D,blackCenter2,PointGreen,PointRed,PointGreen,testPoint,30,1,1,0,1,-139.1184387,41.19994354,-223.4062195,150.952714,178.0067516,179.6955192,169.5516616,0,6,10,D:\CodingHHW\Biplane\experiment\transform_snapshots\20260321_172004_905092,LinearTransform,D:\CodingHHW\Biplane\experiment\transform_snapshots\20260321_172004_905092\20260321_172004_905092_1_LinearTransform.h5,1,LinearTransform_1,D:\CodingHHW\Biplane\experiment\transform_snapshots\20260321_172004_905092\20260321_172004_905092_2_LinearTransform_1.h5,1,LinearTransform_2,D:\CodingHHW\Biplane\experiment\transform_snapshots\20260321_172004_905092\20260321_172004_905092_3_LinearTransform_2.h5,1,3,1,0.972976318,0.972976318,5.33E-14,0,0,1.220418852,1.220418852,4.02E-14,1,1,1.043071443,1.043071443,7.24E-14,1,1,NA,NA,NA,NA,NA,NA,NA,NA,NA,NA,NA,NA,NA,NA,NA,NA,NA,NA,0.052768697,1,0,0,0,30,0.072488565,1,0,0,0,30,0.098394502,1,1,0,0,30,643.698,510.634,399.002,9.817,569.407,29.818,31.024,3.394,2.951,2.033,0.719,0.65
2026-03-21T17:20:46+08:00,20260321_172046_227731,D:\CodingHHW\Biplane\experiment\experiment_results.csv,CTChest,orthographic,Current mode: Orthographic,1,0,1,1,1,1,79.61,73.6,85.47,0.09,0.01,0,0.09 mm,0.01 px,0.00 mm,testPoint,TargetP3D,blackCenter2,PointGreen,PointRed,PointGreen,testPoint,30,1,1,0,1,-139.1184387,41.19994354,-223.4062195,150.952714,178.0067516,179.6955192,169.5516616,0,6,10,D:\CodingHHW\Biplane\experiment\transform_snapshots\20260321_172046_227731,LinearTransform,D:\CodingHHW\Biplane\experiment\transform_snapshots\20260321_172046_227731\20260321_172046_227731_1_LinearTransform.h5,1,LinearTransform_1,D:\CodingHHW\Biplane\experiment\transform_snapshots\20260321_172046_227731\20260321_172046_227731_2_LinearTransform_1.h5,1,LinearTransform_2,D:\CodingHHW\Biplane\experiment\transform_snapshots\20260321_172046_227731\20260321_172046_227731_3_LinearTransform_2.h5,1,3,1,1.541903372,1.541903372,3.56E-13,0,0,2.036654148,2.036654148,2.35E-14,0,0,1.20958904,1.20958904,3.26E-13,0,0,NA,NA,NA,NA,NA,NA,NA,NA,NA,NA,NA,NA,NA,NA,NA,NA,NA,NA,0.038582507,1,0,0,0,30,0.034786685,0,1,0,0,30,0.069852652,1,1,0,0,30,710.868,609.881,406.52,10.606,568.628,29.986,31.024,3.014,2.902,3.142,0.798,0.579
2026-03-21T17:21:25+08:00,20260321_172125_538411,D:\CodingHHW\Biplane\experiment\experiment_results.csv,CTChest,orthographic,Current mode: Orthographic,1,0,1,1,1,1,79.61,73.6,85.47,0.19,0.21,0,0.19 mm,0.21 px,0.00 mm,testPoint,TargetP3D,blackCenter2,PointGreen,PointRed,PointGreen,testPoint,30,1,1,0,1,-139.1184387,41.19994354,-223.4062195,150.952714,178.0067516,179.6955192,169.5516616,0,6,10,D:\CodingHHW\Biplane\experiment\transform_snapshots\20260321_172125_538411,LinearTransform,D:\CodingHHW\Biplane\experiment\transform_snapshots\20260321_172125_538411\20260321_172125_538411_1_LinearTransform.h5,1,LinearTransform_1,D:\CodingHHW\Biplane\experiment\transform_snapshots\20260321_172125_538411\20260321_172125_538411_2_LinearTransform_1.h5,1,LinearTransform_2,D:\CodingHHW\Biplane\experiment\transform_snapshots\20260321_172125_538411\20260321_172125_538411_3_LinearTransform_2.h5,1,3,1,0.986656703,0.986656703,8.70E-14,0,0,1.165381868,1.165381868,4.73E-14,0,0,1.454150257,1.454150257,4.07E-13,0,0,NA,NA,NA,NA,NA,NA,NA,NA,NA,NA,NA,NA,NA,NA,NA,NA,NA,NA,0.081603548,1,1,0,0,30,0.068950095,1,0,0,0,30,0.051320205,0,1,0,0,30,635.515,559.83,442.983,9.873,571.293,29.979,31.024,2.834,3.692,2.82,0.59,0.528
2026-03-21T17:22:00+08:00,20260321_172200_843822,D:\CodingHHW\Biplane\experiment\experiment_results.csv,CTChest,orthographic,Current mode: Orthographic,1,0,1,1,1,1,79.61,73.6,85.47,0.14,0,0,0.14 mm,0.00 px,0.00 mm,testPoint,TargetP3D,blackCenter2,PointGreen,PointRed,PointGreen,testPoint,30,1,1,0,1,-139.1184387,41.19994354,-223.4062195,150.952714,178.0067516,179.6955192,169.5516616,0,6,10,D:\CodingHHW\Biplane\experiment\transform_snapshots\20260321_172200_843822,LinearTransform,D:\CodingHHW\Biplane\experiment\transform_snapshots\20260321_172200_843822\20260321_172200_843822_1_LinearTransform.h5,1,LinearTransform_1,D:\CodingHHW\Biplane\experiment\transform_snapshots\20260321_172200_843822\20260321_172200_843822_2_LinearTransform_1.h5,1,LinearTransform_2,D:\CodingHHW\Biplane\experiment\transform_snapshots\20260321_172200_843822\20260321_172200_843822_3_LinearTransform_2.h5,1,3,1,1.416328204,1.416328204,8.88E-16,0,0,2.182570975,2.182570975,4.45E-13,0,1,1.606083117,1.606083117,2.30E-13,1,1,NA,NA,NA,NA,NA,NA,NA,NA,NA,NA,NA,NA,NA,NA,NA,NA,NA,NA,0.070127289,1,0,0,0,30,0.065931532,0,0,0,0,30,0.080356947,1,0,0,0,30,624.623,665.915,438.476,9.698,574.963,30.644,31.024,3.349,3.136,2.2,0.59,0.683
2026-03-21T17:22:32+08:00,20260321_172232_532411,D:\CodingHHW\Biplane\experiment\experiment_results.csv,CTChest,orthographic,Current mode: Orthographic,1,0,1,1,1,1,79.61,73.6,85.47,0.08,0.12,0,0.08 mm,0.12 px,0.00 mm,testPoint,TargetP3D,blackCenter2,PointGreen,PointRed,PointGreen,testPoint,30,1,1,0,1,-139.1184387,41.19994354,-223.4062195,150.952714,178.0067516,179.6955192,169.5516616,0,6,10,D:\CodingHHW\Biplane\experiment\transform_snapshots\20260321_172232_532411,LinearTransform,D:\CodingHHW\Biplane\experiment\transform_snapshots\20260321_172232_532411\20260321_172232_532411_1_LinearTransform.h5,1,LinearTransform_1,D:\CodingHHW\Biplane\experiment\transform_snapshots\20260321_172232_532411\20260321_172232_532411_2_LinearTransform_1.h5,1,LinearTransform_2,D:\CodingHHW\Biplane\experiment\transform_snapshots\20260321_172232_532411\20260321_172232_532411_3_LinearTransform_2.h5,1,3,1,1.433457737,1.433457737,3.13E-14,1,1,1.994742985,1.994742985,4.60E-14,0,1,1.575122158,1.575122158,5.61E-13,1,1,NA,NA,NA,NA,NA,NA,NA,NA,NA,NA,NA,NA,NA,NA,NA,NA,NA,NA,0.055014467,1,1,0,0,30,0.070602647,1,0,0,0,30,0.057056205,1,1,0,0,30,598.998,577.758,443.883,11.145,564.495,29.352,31.024,3.167,3.645,2.034,0.536,0.553
2026-03-21T19:30:39+08:00,20260321_193039_140185,D:\CodingHHW\Biplane\experiment\experiment_results.csv,CTChest,orthographic,Current mode: Orthographic,1,0,1,1,1,1,46.99,43.1,67.87,0.09,0.03,0,0.09 mm,0.03 px,0.00 mm,testPoint,TargetP3D,blackCenter2,PointGreen,PointRed,PointGreen,testPoint,30,1,1,0,1,-139.118,41.2,-223.4062195,150.9523199,171.4641117,176.9596868,166.4587061,0,6,10,D:\CodingHHW\Biplane\experiment\transform_snapshots\20260321_193039_140185,LinearTransform,D:\CodingHHW\Biplane\experiment\transform_snapshots\20260321_193039_140185\20260321_193039_140185_1_LinearTransform.h5,1,LinearTransform_1,D:\CodingHHW\Biplane\experiment\transform_snapshots\20260321_193039_140185\20260321_193039_140185_2_LinearTransform_1.h5,1,LinearTransform_2,D:\CodingHHW\Biplane\experiment\transform_snapshots\20260321_193039_140185\20260321_193039_140185_3_LinearTransform_2.h5,1,3,1,0.998502916,0.998502916,1.31E-14,0,0,1.978275486,1.978275486,2.18E-14,1,1,1.64544199,1.64544199,1.03E-13,0,0,NA,NA,NA,NA,NA,NA,NA,NA,NA,NA,NA,NA,NA,NA,NA,NA,NA,NA,0.045945858,0,1,0,0,30,0.056971263,1,1,0,0,30,0.058688096,0,0,0,0,30,560.446,625.975,513.803,9.77,562.467,29.23,31.024,2.71,3.038,2.062,0.531,0.505
2026-03-21T19:31:19+08:00,20260321_193119_209311,D:\CodingHHW\Biplane\experiment\experiment_results.csv,CTChest,orthographic,Current mode: Orthographic,1,0,1,1,1,1,46.99,43.1,67.87,0.14,0.09,0,0.14 mm,0.09 px,0.00 mm,testPoint,TargetP3D,blackCenter2,PointGreen,PointRed,PointGreen,testPoint,30,1,1,0,1,-139.118,41.2,-223.4062195,150.9523199,171.4641117,176.9596868,166.4587061,0,6,10,D:\CodingHHW\Biplane\experiment\transform_snapshots\20260321_193119_209311,LinearTransform,D:\CodingHHW\Biplane\experiment\transform_snapshots\20260321_193119_209311\20260321_193119_209311_1_LinearTransform.h5,1,LinearTransform_1,D:\CodingHHW\Biplane\experiment\transform_snapshots\20260321_193119_209311\20260321_193119_209311_2_LinearTransform_1.h5,1,LinearTransform_2,D:\CodingHHW\Biplane\experiment\transform_snapshots\20260321_193119_209311\20260321_193119_209311_3_LinearTransform_2.h5,1,3,1,0.922336782,0.922336782,7.06E-14,1,1,1.043732714,1.043732714,2.82E-14,1,1,0.897860099,0.897860099,1.23E-13,0,0,NA,NA,NA,NA,NA,NA,NA,NA,NA,NA,NA,NA,NA,NA,NA,NA,NA,NA,0.062969028,1,0,0,0,30,0.06838434,0,0,0,0,30,0.079461604,1,1,0,0,30,577.891,488.432,442.935,9.685,564.187,30.511,31.024,3.207,2.931,1.951,0.743,0.559
2026-03-21T19:32:01+08:00,20260321_193201_152184,D:\CodingHHW\Biplane\experiment\experiment_results.csv,CTChest,orthographic,Current mode: Orthographic,1,0,1,1,1,1,46.99,43.1,67.87,0.12,0.08,0,0.12 mm,0.08 px,0.00 mm,testPoint,TargetP3D,blackCenter2,PointGreen,PointRed,PointGreen,testPoint,30,1,1,0,1,-139.118,41.2,-223.4062195,150.9523199,171.4641117,176.9596868,166.4587061,0,6,10,D:\CodingHHW\Biplane\experiment\transform_snapshots\20260321_193201_152184,LinearTransform,D:\CodingHHW\Biplane\experiment\transform_snapshots\20260321_193201_152184\20260321_193201_152184_1_LinearTransform.h5,1,LinearTransform_1,D:\CodingHHW\Biplane\experiment\transform_snapshots\20260321_193201_152184\20260321_193201_152184_2_LinearTransform_1.h5,1,LinearTransform_2,D:\CodingHHW\Biplane\experiment\transform_snapshots\20260321_193201_152184\20260321_193201_152184_3_LinearTransform_2.h5,1,3,1,1.170224303,1.170224303,1.42E-14,0,0,1.498691184,1.498691184,3.86E-14,0,1,1.27564968,1.27564968,5.26E-14,1,1,NA,NA,NA,NA,NA,NA,NA,NA,NA,NA,NA,NA,NA,NA,NA,NA,NA,NA,0.049709913,1,1,0,0,30,0.061720974,1,0,0,0,30,0.074425681,0,1,0,0,30,642.421,661.453,458.844,9.703,565.354,30.907,31.024,3.686,5.301,1.947,0.526,0.574
2026-03-21T19:32:37+08:00,20260321_193237_448195,D:\CodingHHW\Biplane\experiment\experiment_results.csv,CTChest,orthographic,Current mode: Orthographic,1,0,1,1,1,1,46.99,43.1,67.87,0.1,0.1,0,0.10 mm,0.10 px,0.00 mm,testPoint,TargetP3D,blackCenter2,PointGreen,PointRed,PointGreen,testPoint,30,1,1,0,1,-139.118,41.2,-223.4062195,150.9523199,171.4641117,176.9596868,166.4587061,0,6,10,D:\CodingHHW\Biplane\experiment\transform_snapshots\20260321_193237_448195,LinearTransform,D:\CodingHHW\Biplane\experiment\transform_snapshots\20260321_193237_448195\20260321_193237_448195_1_LinearTransform.h5,1,LinearTransform_1,D:\CodingHHW\Biplane\experiment\transform_snapshots\20260321_193237_448195\20260321_193237_448195_2_LinearTransform_1.h5,1,LinearTransform_2,D:\CodingHHW\Biplane\experiment\transform_snapshots\20260321_193237_448195\20260321_193237_448195_3_LinearTransform_2.h5,1,3,1,0.903051634,0.903051634,7.44E-15,0,0,1.030301148,1.030301148,6.20E-13,1,1,0.889146843,0.889146843,7.95E-13,0,0,NA,NA,NA,NA,NA,NA,NA,NA,NA,NA,NA,NA,NA,NA,NA,NA,NA,NA,0.08394822,1,1,0,0,30,0.066394584,1,1,0,0,30,0.057360037,1,0,0,0,30,580.452,587.938,500.821,10.735,564.807,29.844,31.024,3.039,2.912,2.064,0.519,0.638
2026-03-21T19:33:13+08:00,20260321_193313_167208,D:\CodingHHW\Biplane\experiment\experiment_results.csv,CTChest,orthographic,Current mode: Orthographic,1,0,1,1,1,1,46.99,43.1,67.87,0.16,0.23,0,0.16 mm,0.23 px,0.00 mm,testPoint,TargetP3D,blackCenter2,PointGreen,PointRed,PointGreen,testPoint,30,1,1,0,1,-139.118,41.2,-223.4062195,150.9523199,171.4641117,176.9596868,166.4587061,0,6,10,D:\CodingHHW\Biplane\experiment\transform_snapshots\20260321_193313_167208,LinearTransform,D:\CodingHHW\Biplane\experiment\transform_snapshots\20260321_193313_167208\20260321_193313_167208_1_LinearTransform.h5,1,LinearTransform_1,D:\CodingHHW\Biplane\experiment\transform_snapshots\20260321_193313_167208\20260321_193313_167208_2_LinearTransform_1.h5,1,LinearTransform_2,D:\CodingHHW\Biplane\experiment\transform_snapshots\20260321_193313_167208\20260321_193313_167208_3_LinearTransform_2.h5,1,3,1,0.935625053,0.935625053,1.01E-14,1,1,1.226700015,1.226700015,3.77E-14,1,1,1.048036826,1.048036826,2.09E-13,1,1,NA,NA,NA,NA,NA,NA,NA,NA,NA,NA,NA,NA,NA,NA,NA,NA,NA,NA,0.078903787,1,1,0,0,30,0.089444846,0,1,0,0,30,0.086801488,1,1,0,0,30,564.314,562.528,442.336,9.944,567.194,30.172,31.024,3.069,2.951,2.594,0.644,0.534
2026-03-21T19:33:49+08:00,20260321_193349_609422,D:\CodingHHW\Biplane\experiment\experiment_results.csv,CTChest,orthographic,Current mode: Orthographic,1,0,1,1,1,1,46.99,43.1,67.87,0.06,0.05,0,0.06 mm,0.05 px,0.00 mm,testPoint,TargetP3D,blackCenter2,PointGreen,PointRed,PointGreen,testPoint,30,1,1,0,1,-139.118,41.2,-223.4062195,150.9523199,171.4641117,176.9596868,166.4587061,0,6,10,D:\CodingHHW\Biplane\experiment\transform_snapshots\20260321_193349_609422,LinearTransform,D:\CodingHHW\Biplane\experiment\transform_snapshots\20260321_193349_609422\20260321_193349_609422_1_LinearTransform.h5,1,LinearTransform_1,D:\CodingHHW\Biplane\experiment\transform_snapshots\20260321_193349_609422\20260321_193349_609422_2_LinearTransform_1.h5,1,LinearTransform_2,D:\CodingHHW\Biplane\experiment\transform_snapshots\20260321_193349_609422\20260321_193349_609422_3_LinearTransform_2.h5,1,3,1,1.427799059,1.427799059,5.75E-14,0,0,1.220103472,1.220103472,1.09E-14,0,0,1.113126171,1.113126171,2.20E-14,1,1,NA,NA,NA,NA,NA,NA,NA,NA,NA,NA,NA,NA,NA,NA,NA,NA,NA,NA,0.072182102,1,1,0,0,30,0.048061729,1,0,0,0,30,0.096845348,1,0,0,0,30,561.98,526.872,429.701,10.585,570.185,31.023,31.024,3.401,3.582,2.053,0.819,0.636
2026-03-21T19:34:54+08:00,20260321_193454_972933,D:\CodingHHW\Biplane\experiment\experiment_results.csv,CTChest,perspective,Current mode: Perspective,1,1,0,1,1,1,46.99,43.1,67.87,0.05,0.02,0,0.05 mm,0.02 px,0.00 mm,testPoint,TargetP3D,blackCenter2,PointGreen,PointRed,PointGreen,testPoint,30,0,1,0,1,-139.118,41.2,-223.4062195,150.9523199,171.4641117,176.9596868,166.4587061,0,6,10,D:\CodingHHW\Biplane\experiment\transform_snapshots\20260321_193454_972933,LinearTransform,D:\CodingHHW\Biplane\experiment\transform_snapshots\20260321_193454_972933\20260321_193454_972933_1_LinearTransform.h5,1,LinearTransform_1,D:\CodingHHW\Biplane\experiment\transform_snapshots\20260321_193454_972933\20260321_193454_972933_2_LinearTransform_1.h5,1,LinearTransform_2,D:\CodingHHW\Biplane\experiment\transform_snapshots\20260321_193454_972933\20260321_193454_972933_3_LinearTransform_2.h5,1,3,1,0.064793734,0.064793734,5.76E-15,1,1,0.051448321,0.051448321,3.10E-14,1,1,0.049921437,0.049921437,9.26E-13,1,1,0.062892915,1,1,0,0,30,0.049802353,1,1,0,0,30,0.048138059,1,1,0,0,30,NA,NA,NA,NA,NA,NA,NA,NA,NA,NA,NA,NA,NA,NA,NA,NA,NA,NA,484.302,603.38,457.885,10.263,588.947,55.707,28.724,3.401,3.063,2.46,0.517,0.723
2026-03-21T19:35:29+08:00,20260321_193529_719485,D:\CodingHHW\Biplane\experiment\experiment_results.csv,CTChest,perspective,Current mode: Perspective,1,1,0,1,1,1,46.99,43.1,67.87,0.38,0.12,0,0.38 mm,0.12 px,0.00 mm,testPoint,TargetP3D,blackCenter2,PointGreen,PointRed,PointGreen,testPoint,30,0,1,0,1,-139.118,41.2,-223.4062195,150.9523199,171.4641117,176.9596868,166.4587061,0,6,10,D:\CodingHHW\Biplane\experiment\transform_snapshots\20260321_193529_719485,LinearTransform,D:\CodingHHW\Biplane\experiment\transform_snapshots\20260321_193529_719485\20260321_193529_719485_1_LinearTransform.h5,1,LinearTransform_1,D:\CodingHHW\Biplane\experiment\transform_snapshots\20260321_193529_719485\20260321_193529_719485_2_LinearTransform_1.h5,1,LinearTransform_2,D:\CodingHHW\Biplane\experiment\transform_snapshots\20260321_193529_719485\20260321_193529_719485_3_LinearTransform_2.h5,1,3,1,0.067656683,0.067656683,1.19E-13,1,1,0.077599605,0.077599605,5.84E-13,1,1,0.075264372,0.075264372,1.28E-14,0,0,0.065393587,1,0,0,0,30,0.075497197,1,0,0,0,30,0.074509935,0,1,0,0,30,NA,NA,NA,NA,NA,NA,NA,NA,NA,NA,NA,NA,NA,NA,NA,NA,NA,NA,480.519,479.646,426.852,9.597,591.469,56.197,29.248,3.401,3.261,2.086,0.617,0.53
2026-03-21T19:36:06+08:00,20260321_193606_926973,D:\CodingHHW\Biplane\experiment\experiment_results.csv,CTChest,perspective,Current mode: Perspective,1,1,0,1,1,1,46.99,43.1,67.87,0.09,0.15,0,0.09 mm,0.15 px,0.00 mm,testPoint,TargetP3D,blackCenter2,PointGreen,PointRed,PointGreen,testPoint,30,0,1,0,1,-139.118,41.2,-223.4062195,150.9523199,171.4641117,176.9596868,166.4587061,0,6,10,D:\CodingHHW\Biplane\experiment\transform_snapshots\20260321_193606_926973,LinearTransform,D:\CodingHHW\Biplane\experiment\transform_snapshots\20260321_193606_926973\20260321_193606_926973_1_LinearTransform.h5,1,LinearTransform_1,D:\CodingHHW\Biplane\experiment\transform_snapshots\20260321_193606_926973\20260321_193606_926973_2_LinearTransform_1.h5,1,LinearTransform_2,D:\CodingHHW\Biplane\experiment\transform_snapshots\20260321_193606_926973\20260321_193606_926973_3_LinearTransform_2.h5,1,3,1,0.064614193,0.064614193,1.71E-14,1,1,0.051080352,0.051080352,2.13E-14,0,0,0.060533053,0.060533053,5.91E-14,1,1,0.06451617,1,0,0,0,30,0.05001845,0,0,0,0,30,0.060373735,1,0,0,0,30,NA,NA,NA,NA,NA,NA,NA,NA,NA,NA,NA,NA,NA,NA,NA,NA,NA,NA,470.649,516.327,444.166,10.746,602.729,58.472,30.124,3.401,3.242,2.142,0.547,0.669
2026-03-21T19:36:41+08:00,20260321_193641_768248,D:\CodingHHW\Biplane\experiment\experiment_results.csv,CTChest,perspective,Current mode: Perspective,1,1,0,1,1,1,46.99,43.1,67.87,0.17,0.24,0,0.17 mm,0.24 px,0.00 mm,testPoint,TargetP3D,blackCenter2,PointGreen,PointRed,PointGreen,testPoint,30,0,1,0,1,-139.118,41.2,-223.4062195,150.9523199,171.4641117,176.9596868,166.4587061,0,6,10,D:\CodingHHW\Biplane\experiment\transform_snapshots\20260321_193641_768248,LinearTransform,D:\CodingHHW\Biplane\experiment\transform_snapshots\20260321_193641_768248\20260321_193641_768248_1_LinearTransform.h5,1,LinearTransform_1,D:\CodingHHW\Biplane\experiment\transform_snapshots\20260321_193641_768248\20260321_193641_768248_2_LinearTransform_1.h5,1,LinearTransform_2,D:\CodingHHW\Biplane\experiment\transform_snapshots\20260321_193641_768248\20260321_193641_768248_3_LinearTransform_2.h5,1,3,1,0.069426289,0.069426289,3.88E-14,0,0,0.076354834,0.076354834,7.21E-14,1,1,0.080914987,0.080914987,2.90E-15,0,0,0.067803638,1,0,0,0,30,0.073543233,1,1,0,0,30,0.08079433,1,0,0,0,30,NA,NA,NA,NA,NA,NA,NA,NA,NA,NA,NA,NA,NA,NA,NA,NA,NA,NA,586.705,577.019,425.865,9.693,595.482,56.62,29.247,3.401,3.091,2.749,0.503,0.517
2026-03-21T19:37:19+08:00,20260321_193719_867693,D:\CodingHHW\Biplane\experiment\experiment_results.csv,CTChest,perspective,Current mode: Perspective,1,1,0,1,1,1,46.99,43.1,67.87,0.1,0.03,0,0.10 mm,0.03 px,0.00 mm,testPoint,TargetP3D,blackCenter2,PointGreen,PointRed,PointGreen,testPoint,30,0,1,0,1,-139.118,41.2,-223.4062195,150.9523199,171.4641117,176.9596868,166.4587061,0,6,10,D:\CodingHHW\Biplane\experiment\transform_snapshots\20260321_193719_867693,LinearTransform,D:\CodingHHW\Biplane\experiment\transform_snapshots\20260321_193719_867693\20260321_193719_867693_1_LinearTransform.h5,1,LinearTransform_1,D:\CodingHHW\Biplane\experiment\transform_snapshots\20260321_193719_867693\20260321_193719_867693_2_LinearTransform_1.h5,1,LinearTransform_2,D:\CodingHHW\Biplane\experiment\transform_snapshots\20260321_193719_867693\20260321_193719_867693_3_LinearTransform_2.h5,1,3,1,0.050225762,0.050225762,8.44E-15,0,0,0.082149069,0.082149069,9.78E-15,1,1,0.056928047,0.056928047,1.19E-12,1,1,0.046062041,1,1,0,0,30,0.081508113,1,1,0,0,30,0.054761776,1,1,0,0,30,NA,NA,NA,NA,NA,NA,NA,NA,NA,NA,NA,NA,NA,NA,NA,NA,NA,NA,534.381,548.65,444.084,10.271,594.5,57.468,30.15,3.401,2.954,2.052,0.555,0.628
2026-03-21T19:37:52+08:00,20260321_193752_359011,D:\CodingHHW\Biplane\experiment\experiment_results.csv,CTChest,perspective,Current mode: Perspective,1,1,0,1,1,1,46.99,43.1,67.87,0.18,0.02,0,0.18 mm,0.02 px,0.00 mm,testPoint,TargetP3D,blackCenter2,PointGreen,PointRed,PointGreen,testPoint,30,0,1,0,1,-139.118,41.2,-223.4062195,150.9523199,171.4641117,176.9596868,166.4587061,0,6,10,D:\CodingHHW\Biplane\experiment\transform_snapshots\20260321_193752_359011,LinearTransform,D:\CodingHHW\Biplane\experiment\transform_snapshots\20260321_193752_359011\20260321_193752_359011_1_LinearTransform.h5,1,LinearTransform_1,D:\CodingHHW\Biplane\experiment\transform_snapshots\20260321_193752_359011\20260321_193752_359011_2_LinearTransform_1.h5,1,LinearTransform_2,D:\CodingHHW\Biplane\experiment\transform_snapshots\20260321_193752_359011\20260321_193752_359011_3_LinearTransform_2.h5,1,3,1,0.080366743,0.080366743,2.49E-13,1,1,0.071032785,0.071032785,6.94E-14,1,1,0.059062102,0.059062102,2.40E-14,0,0,0.077425061,0,1,0,0,30,0.068388711,0,0,0,0,30,0.057375724,0,0,0,0,30,NA,NA,NA,NA,NA,NA,NA,NA,NA,NA,NA,NA,NA,NA,NA,NA,NA,NA,600.605,500.76,437.628,9.507,591.806,56.711,28.575,3.401,3.023,2.384,0.538,0.51
2026-03-21T19:38:25+08:00,20260321_193825_465276,D:\CodingHHW\Biplane\experiment\experiment_results.csv,CTChest,perspective,Current mode: Perspective,1,1,0,1,1,1,46.99,43.1,67.87,0.19,0.13,0,0.19 mm,0.13 px,0.00 mm,testPoint,TargetP3D,blackCenter2,PointGreen,PointRed,PointGreen,testPoint,30,0,1,0,1,-139.118,41.2,-223.4062195,150.9523199,171.4641117,176.9596868,166.4587061,0,6,10,D:\CodingHHW\Biplane\experiment\transform_snapshots\20260321_193825_465276,LinearTransform,D:\CodingHHW\Biplane\experiment\transform_snapshots\20260321_193825_465276\20260321_193825_465276_1_LinearTransform.h5,1,LinearTransform_1,D:\CodingHHW\Biplane\experiment\transform_snapshots\20260321_193825_465276\20260321_193825_465276_2_LinearTransform_1.h5,1,LinearTransform_2,D:\CodingHHW\Biplane\experiment\transform_snapshots\20260321_193825_465276\20260321_193825_465276_3_LinearTransform_2.h5,1,3,1,0.064584687,0.064584687,1.65E-13,1,1,0.042382668,0.042382668,5.52E-14,0,0,0.096094535,0.096094535,8.78E-15,0,0,0.05954257,0,0,0,0,30,0.039680381,0,0,0,0,30,0.094935299,0,0,0,0,30,NA,NA,NA,NA,NA,NA,NA,NA,NA,NA,NA,NA,NA,NA,NA,NA,NA,NA,571.808,585.608,438.163,9.683,593.572,55.522,28.06,3.401,4.459,2.111,0.665,0.726
2026-03-21T19:38:59+08:00,20260321_193859_689666,D:\CodingHHW\Biplane\experiment\experiment_results.csv,CTChest,perspective,Current mode: Perspective,1,1,0,1,1,1,46.99,43.1,67.87,0.07,0.09,0,0.07 mm,0.09 px,0.00 mm,testPoint,TargetP3D,blackCenter2,PointGreen,PointRed,PointGreen,testPoint,30,0,1,0,1,-139.118,41.2,-223.4062195,150.9523199,171.4641117,176.9596868,166.4587061,0,6,10,D:\CodingHHW\Biplane\experiment\transform_snapshots\20260321_193859_689666,LinearTransform,D:\CodingHHW\Biplane\experiment\transform_snapshots\20260321_193859_689666\20260321_193859_689666_1_LinearTransform.h5,1,LinearTransform_1,D:\CodingHHW\Biplane\experiment\transform_snapshots\20260321_193859_689666\20260321_193859_689666_2_LinearTransform_1.h5,1,LinearTransform_2,D:\CodingHHW\Biplane\experiment\transform_snapshots\20260321_193859_689666\20260321_193859_689666_3_LinearTransform_2.h5,1,3,1,0.052168863,0.052168863,1.99E-12,1,1,0.050248918,0.050248918,5.32E-14,1,1,0.058474065,0.058474065,2.85E-13,1,1,0.04704426,1,1,0,0,30,0.049459732,1,0,0,0,30,0.058087701,0,0,0,0,30,NA,NA,NA,NA,NA,NA,NA,NA,NA,NA,NA,NA,NA,NA,NA,NA,NA,NA,599.006,541.331,446.666,10.406,599.555,58.337,30.242,3.401,3.595,2.453,0.529,0.626
2026-03-21T19:41:57+08:00,20260321_194157_486811,D:\CodingHHW\Biplane\experiment\experiment_results.csv,CTChest,perspective,Current mode: Perspective,1,1,0,1,1,1,16.17,0.4,15.89,1.14,0.25,0,1.14 mm,0.25 px,0.00 mm,testPoint,TargetP3D,blackCenter2,PointGreen,PointRed,PointGreen,testPoint,30,0,1,0,1,-139.118,41.2,-223.4062195,150.9523199,165.5546194,176.4561194,164.3210195,0,6,10,D:\CodingHHW\Biplane\experiment\transform_snapshots\20260321_194157_486811,LinearTransform,D:\CodingHHW\Biplane\experiment\transform_snapshots\20260321_194157_486811\20260321_194157_486811_1_LinearTransform.h5,1,LinearTransform_1,D:\CodingHHW\Biplane\experiment\transform_snapshots\20260321_194157_486811\20260321_194157_486811_2_LinearTransform_1.h5,1,LinearTransform_2,D:\CodingHHW\Biplane\experiment\transform_snapshots\20260321_194157_486811\20260321_194157_486811_3_LinearTransform_2.h5,1,3,1,0.071303753,0.071303753,6.70E-14,1,1,0.060535124,0.060535124,8.91E-13,1,1,0.066829343,0.066829343,1.15E-12,1,1,0.061757615,0,0,0,0,30,0.054384821,0,1,0,0,30,0.064443422,0,1,0,0,30,NA,NA,NA,NA,NA,NA,NA,NA,NA,NA,NA,NA,NA,NA,NA,NA,NA,NA,520.02,454.333,457.422,10.042,581.503,59.982,32.212,3.401,1.699,2.254,0.482,0.6
2026-03-21T19:42:43+08:00,20260321_194243_274926,D:\CodingHHW\Biplane\experiment\experiment_results.csv,CTChest,perspective,Current mode: Perspective,1,1,0,1,1,1,16.17,0.4,15.89,0.18,0.09,0,0.18 mm,0.09 px,0.00 mm,testPoint,TargetP3D,blackCenter2,PointGreen,PointRed,PointGreen,testPoint,30,0,1,0,1,-139.118,41.2,-223.4062195,150.9523199,165.5546194,176.4561194,164.3210195,0,6,10,D:\CodingHHW\Biplane\experiment\transform_snapshots\20260321_194243_274926,LinearTransform,D:\CodingHHW\Biplane\experiment\transform_snapshots\20260321_194243_274926\20260321_194243_274926_1_LinearTransform.h5,1,LinearTransform_1,D:\CodingHHW\Biplane\experiment\transform_snapshots\20260321_194243_274926\20260321_194243_274926_2_LinearTransform_1.h5,1,LinearTransform_2,D:\CodingHHW\Biplane\experiment\transform_snapshots\20260321_194243_274926\20260321_194243_274926_3_LinearTransform_2.h5,1,3,1,0.070120495,0.070120495,1.36E-14,0,0,0.069144764,0.069144764,9.03E-13,0,0,0.037043628,0.037043628,5.80E-14,1,1,0.06938636,0,1,0,0,30,0.06398979,1,0,0,0,30,0.036822016,1,0,0,0,30,NA,NA,NA,NA,NA,NA,NA,NA,NA,NA,NA,NA,NA,NA,NA,NA,NA,NA,472.327,520.944,563.857,9.599,585.557,60.749,32.606,3.401,3.126,2.166,0.541,0.595
2026-03-21T19:43:42+08:00,20260321_194342_738117,D:\CodingHHW\Biplane\experiment\experiment_results.csv,CTChest,perspective,Current mode: Perspective,1,1,0,1,1,1,16.17,0.4,15.89,0.21,0.25,0,0.21 mm,0.25 px,0.00 mm,testPoint,TargetP3D,blackCenter2,PointGreen,PointRed,PointGreen,testPoint,30,0,1,0,1,-139.118,41.2,-223.4062195,150.9523199,165.5546194,176.4561194,164.3210195,0,6,10,D:\CodingHHW\Biplane\experiment\transform_snapshots\20260321_194342_738117,LinearTransform,D:\CodingHHW\Biplane\experiment\transform_snapshots\20260321_194342_738117\20260321_194342_738117_1_LinearTransform.h5,1,LinearTransform_1,D:\CodingHHW\Biplane\experiment\transform_snapshots\20260321_194342_738117\20260321_194342_738117_2_LinearTransform_1.h5,1,LinearTransform_2,D:\CodingHHW\Biplane\experiment\transform_snapshots\20260321_194342_738117\20260321_194342_738117_3_LinearTransform_2.h5,1,3,1,0.068854824,0.068854824,1.00E-13,1,1,0.038457851,0.038457851,7.87E-15,1,1,0.052530178,0.052530178,1.90E-13,1,1,0.062528207,1,0,0,0,30,0.037974207,1,0,0,0,30,0.050938882,0,1,0,0,30,NA,NA,NA,NA,NA,NA,NA,NA,NA,NA,NA,NA,NA,NA,NA,NA,NA,NA,534.842,566.305,529.735,9.683,579.74,56.179,30.313,3.401,3.061,2.135,0.571,0.498
2026-03-21T19:44:56+08:00,20260321_194456_094345,D:\CodingHHW\Biplane\experiment\experiment_results.csv,CTChest,perspective,Current mode: Perspective,1,1,0,1,1,1,16.17,0.4,15.89,0.51,0.09,0,0.51 mm,0.09 px,0.00 mm,testPoint,TargetP3D,blackCenter2,PointGreen,PointRed,PointGreen,testPoint,30,0,1,0,1,-139.118,41.2,-223.4062195,150.9523199,165.5546194,176.4561194,164.3210195,0,6,10,D:\CodingHHW\Biplane\experiment\transform_snapshots\20260321_194456_094345,LinearTransform,D:\CodingHHW\Biplane\experiment\transform_snapshots\20260321_194456_094345\20260321_194456_094345_1_LinearTransform.h5,1,LinearTransform_1,D:\CodingHHW\Biplane\experiment\transform_snapshots\20260321_194456_094345\20260321_194456_094345_2_LinearTransform_1.h5,1,LinearTransform_2,D:\CodingHHW\Biplane\experiment\transform_snapshots\20260321_194456_094345\20260321_194456_094345_3_LinearTransform_2.h5,1,3,1,0.049753061,0.049753061,4.33E-14,0,0,0.082905875,0.082905875,5.06E-13,1,1,0.072151156,0.072151156,2.90E-14,1,1,0.049250013,1,1,0,0,30,0.077647239,0,1,0,0,30,0.068716739,1,1,0,0,30,NA,NA,NA,NA,NA,NA,NA,NA,NA,NA,NA,NA,NA,NA,NA,NA,NA,NA,550.021,534.147,543.423,9.64,583.683,59.85,32.908,3.401,3.027,2.628,0.605,0.592
2026-03-21T19:45:25+08:00,20260321_194525_212059,D:\CodingHHW\Biplane\experiment\experiment_results.csv,CTChest,perspective,Current mode: Perspective,1,1,0,1,1,1,16.17,0.4,15.89,0.13,0.17,0,0.13 mm,0.17 px,0.00 mm,testPoint,TargetP3D,blackCenter2,PointGreen,PointRed,PointGreen,testPoint,30,0,1,0,1,-139.118,41.2,-223.4062195,150.9523199,165.5546194,176.4561194,164.3210195,0,6,10,D:\CodingHHW\Biplane\experiment\transform_snapshots\20260321_194525_212059,LinearTransform,D:\CodingHHW\Biplane\experiment\transform_snapshots\20260321_194525_212059\20260321_194525_212059_1_LinearTransform.h5,1,LinearTransform_1,D:\CodingHHW\Biplane\experiment\transform_snapshots\20260321_194525_212059\20260321_194525_212059_2_LinearTransform_1.h5,1,LinearTransform_2,D:\CodingHHW\Biplane\experiment\transform_snapshots\20260321_194525_212059\20260321_194525_212059_3_LinearTransform_2.h5,1,3,1,0.03791059,0.03791059,1.49E-12,1,1,0.057294709,0.057294709,3.08E-14,0,0,0.041719136,0.041719136,4.98E-14,0,0,0.034644561,0,1,0,0,30,0.053676862,1,1,0,0,30,0.041261746,0,0,0,0,30,NA,NA,NA,NA,NA,NA,NA,NA,NA,NA,NA,NA,NA,NA,NA,NA,NA,NA,521.774,626.184,568.49,10.631,585.53,60.594,33.005,3.401,3.616,3.427,0.558,0.767
2026-03-21T19:45:57+08:00,20260321_194557_440211,D:\CodingHHW\Biplane\experiment\experiment_results.csv,CTChest,perspective,Current mode: Perspective,1,1,0,1,1,1,16.17,0.4,15.89,0.08,0.03,0,0.08 mm,0.03 px,0.00 mm,testPoint,TargetP3D,blackCenter2,PointGreen,PointRed,PointGreen,testPoint,30,0,1,0,1,-139.118,41.2,-223.4062195,150.9523199,165.5546194,176.4561194,164.3210195,0,6,10,D:\CodingHHW\Biplane\experiment\transform_snapshots\20260321_194557_440211,LinearTransform,D:\CodingHHW\Biplane\experiment\transform_snapshots\20260321_194557_440211\20260321_194557_440211_1_LinearTransform.h5,1,LinearTransform_1,D:\CodingHHW\Biplane\experiment\transform_snapshots\20260321_194557_440211\20260321_194557_440211_2_LinearTransform_1.h5,1,LinearTransform_2,D:\CodingHHW\Biplane\experiment\transform_snapshots\20260321_194557_440211\20260321_194557_440211_3_LinearTransform_2.h5,1,3,1,0.043052345,0.043052345,2.21E-15,1,1,0.058459701,0.058459701,2.87E-14,0,0,0.056812657,0.056812657,3.96E-14,0,0,0.041215688,0,0,0,0,30,0.055351146,1,1,0,0,30,0.05420358,1,0,0,0,30,NA,NA,NA,NA,NA,NA,NA,NA,NA,NA,NA,NA,NA,NA,NA,NA,NA,NA,540.702,584.721,509.27,10.507,587.611,58.987,32.359,3.401,3.589,3.494,0.562,0.569
2026-03-21T19:46:27+08:00,20260321_194627_765435,D:\CodingHHW\Biplane\experiment\experiment_results.csv,CTChest,perspective,Current mode: Perspective,1,1,0,1,1,1,16.17,0.4,15.89,0.92,0.06,0,0.92 mm,0.06 px,0.00 mm,testPoint,TargetP3D,blackCenter2,PointGreen,PointRed,PointGreen,testPoint,30,0,1,0,1,-139.118,41.2,-223.4062195,150.9523199,165.5546194,176.4561194,164.3210195,0,6,10,D:\CodingHHW\Biplane\experiment\transform_snapshots\20260321_194627_765435,LinearTransform,D:\CodingHHW\Biplane\experiment\transform_snapshots\20260321_194627_765435\20260321_194627_765435_1_LinearTransform.h5,1,LinearTransform_1,D:\CodingHHW\Biplane\experiment\transform_snapshots\20260321_194627_765435\20260321_194627_765435_2_LinearTransform_1.h5,1,LinearTransform_2,D:\CodingHHW\Biplane\experiment\transform_snapshots\20260321_194627_765435\20260321_194627_765435_3_LinearTransform_2.h5,1,3,1,0.06399275,0.06399275,9.52E-15,1,1,0.063718175,0.063718175,7.33E-13,0,0,0.037159251,0.037159251,6.89E-13,1,1,0.06388758,1,1,0,0,30,0.062232447,0,0,0,0,30,0.035245141,0,0,0,0,30,NA,NA,NA,NA,NA,NA,NA,NA,NA,NA,NA,NA,NA,NA,NA,NA,NA,NA,438.957,458.474,470.032,10.56,584.506,58.887,31.151,3.401,3.203,2.047,0.478,0.486
2026-03-21T19:47:17+08:00,20260321_194717_882582,D:\CodingHHW\Biplane\experiment\experiment_results.csv,CTChest,orthographic,Current mode: Orthographic,1,0,1,1,1,1,16.17,0.4,15.89,0.12,0.24,0,0.12 mm,0.24 px,0.00 mm,testPoint,TargetP3D,blackCenter2,PointGreen,PointRed,PointGreen,testPoint,30,1,1,0,1,-139.118,41.2,-223.4062195,150.9523199,165.5546194,176.4561194,164.3210195,0,6,10,D:\CodingHHW\Biplane\experiment\transform_snapshots\20260321_194717_882582,LinearTransform,D:\CodingHHW\Biplane\experiment\transform_snapshots\20260321_194717_882582\20260321_194717_882582_1_LinearTransform.h5,1,LinearTransform_1,D:\CodingHHW\Biplane\experiment\transform_snapshots\20260321_194717_882582\20260321_194717_882582_2_LinearTransform_1.h5,1,LinearTransform_2,D:\CodingHHW\Biplane\experiment\transform_snapshots\20260321_194717_882582\20260321_194717_882582_3_LinearTransform_2.h5,1,3,1,0.642276907,0.642276907,6.22E-14,1,1,1.034599265,1.034599265,6.22E-15,1,1,0.989299303,0.989299303,1.79E-13,1,0,NA,NA,NA,NA,NA,NA,NA,NA,NA,NA,NA,NA,NA,NA,NA,NA,NA,NA,0.032979161,0,0,0,0,30,0.064356151,1,0,0,0,30,0.034032584,1,1,0,0,30,491.622,551.837,544.648,10.371,551.087,30.044,31.151,2.962,3.024,2.147,0.521,0.524
2026-03-21T19:48:43+08:00,20260321_194843_334324,D:\CodingHHW\Biplane\experiment\experiment_results.csv,CTChest,orthographic,Current mode: Orthographic,1,0,1,1,1,1,16.17,0.4,15.89,0.12,0.06,0,0.12 mm,0.06 px,0.00 mm,testPoint,TargetP3D,blackCenter2,PointGreen,PointRed,PointGreen,testPoint,30,1,1,0,1,-139.118,41.2,-223.4062195,150.9523199,165.5546194,176.4561194,164.3210195,0,6,10,D:\CodingHHW\Biplane\experiment\transform_snapshots\20260321_194843_334324,LinearTransform,D:\CodingHHW\Biplane\experiment\transform_snapshots\20260321_194843_334324\20260321_194843_334324_1_LinearTransform.h5,1,LinearTransform_1,D:\CodingHHW\Biplane\experiment\transform_snapshots\20260321_194843_334324\20260321_194843_334324_2_LinearTransform_1.h5,1,LinearTransform_2,D:\CodingHHW\Biplane\experiment\transform_snapshots\20260321_194843_334324\20260321_194843_334324_3_LinearTransform_2.h5,1,3,1,0.69777859,0.69777859,9.77E-15,1,1,0.774178027,0.774178027,2.66E-15,1,1,0.704622405,0.704622405,2.22E-15,0,0,NA,NA,NA,NA,NA,NA,NA,NA,NA,NA,NA,NA,NA,NA,NA,NA,NA,NA,0.068907618,1,0,0,0,30,0.032247272,1,1,0,0,30,0.055579273,0,1,0,0,30,500.899,523.455,503.351,10.396,554.554,29.476,31.151,3.204,1.978,2.177,0.627,0.499
2026-03-21T19:49:17+08:00,20260321_194917_703649,D:\CodingHHW\Biplane\experiment\experiment_results.csv,CTChest,orthographic,Current mode: Orthographic,1,0,1,1,1,1,16.17,0.4,15.89,0.36,0.21,0,0.36 mm,0.21 px,0.00 mm,testPoint,TargetP3D,blackCenter2,PointGreen,PointRed,PointGreen,testPoint,30,1,1,0,1,-139.118,41.2,-223.4062195,150.9523199,165.5546194,176.4561194,164.3210195,0,6,10,D:\CodingHHW\Biplane\experiment\transform_snapshots\20260321_194917_703649,LinearTransform,D:\CodingHHW\Biplane\experiment\transform_snapshots\20260321_194917_703649\20260321_194917_703649_1_LinearTransform.h5,1,LinearTransform_1,D:\CodingHHW\Biplane\experiment\transform_snapshots\20260321_194917_703649\20260321_194917_703649_2_LinearTransform_1.h5,1,LinearTransform_2,D:\CodingHHW\Biplane\experiment\transform_snapshots\20260321_194917_703649\20260321_194917_703649_3_LinearTransform_2.h5,1,3,1,1.011499875,1.011499875,7.55E-15,0,0,1.135929598,1.135929598,1.78E-14,1,1,1.015292605,1.015292605,8.44E-15,1,1,NA,NA,NA,NA,NA,NA,NA,NA,NA,NA,NA,NA,NA,NA,NA,NA,NA,NA,0.084525973,0,0,0,0,30,0.074703128,1,0,0,0,30,0.052645272,0,1,0,0,30,589.369,565.911,526.343,9.786,551.933,29.819,31.151,3.385,3.177,2.214,0.495,0.507
2026-03-21T19:49:47+08:00,20260321_194947_380415,D:\CodingHHW\Biplane\experiment\experiment_results.csv,CTChest,orthographic,Current mode: Orthographic,1,0,1,1,1,1,16.17,0.4,15.89,0.59,0.04,0,0.59 mm,0.04 px,0.00 mm,testPoint,TargetP3D,blackCenter2,PointGreen,PointRed,PointGreen,testPoint,30,1,1,0,1,-139.118,41.2,-223.4062195,150.9523199,165.5546194,176.4561194,164.3210195,0,6,10,D:\CodingHHW\Biplane\experiment\transform_snapshots\20260321_194947_380415,LinearTransform,D:\CodingHHW\Biplane\experiment\transform_snapshots\20260321_194947_380415\20260321_194947_380415_1_LinearTransform.h5,1,LinearTransform_1,D:\CodingHHW\Biplane\experiment\transform_snapshots\20260321_194947_380415\20260321_194947_380415_2_LinearTransform_1.h5,1,LinearTransform_2,D:\CodingHHW\Biplane\experiment\transform_snapshots\20260321_194947_380415\20260321_194947_380415_3_LinearTransform_2.h5,1,3,1,0.643230526,0.643230526,9.55E-15,0,0,0.674224372,0.674224372,1.83E-14,0,0,0.736892852,0.736892852,1.80E-14,1,1,NA,NA,NA,NA,NA,NA,NA,NA,NA,NA,NA,NA,NA,NA,NA,NA,NA,NA,0.044236371,1,0,0,0,30,0.044774343,1,1,0,0,30,0.053277486,1,1,0,0,30,514.109,501.479,456.328,10.075,548.211,29.326,31.151,3.128,3.202,2.258,0.794,0.572
2026-03-21T19:51:02+08:00,20260321_195102_247877,D:\CodingHHW\Biplane\experiment\experiment_results.csv,CTChest,orthographic,Current mode: Orthographic,1,0,1,1,1,1,16.17,0.4,15.89,0.31,0.17,0,0.31 mm,0.17 px,0.00 mm,testPoint,TargetP3D,blackCenter2,PointGreen,PointRed,PointGreen,testPoint,30,1,1,0,1,-139.118,41.2,-223.4062195,150.9523199,165.5546194,176.4561194,164.3210195,0,6,10,D:\CodingHHW\Biplane\experiment\transform_snapshots\20260321_195102_247877,LinearTransform,D:\CodingHHW\Biplane\experiment\transform_snapshots\20260321_195102_247877\20260321_195102_247877_1_LinearTransform.h5,1,LinearTransform_1,D:\CodingHHW\Biplane\experiment\transform_snapshots\20260321_195102_247877\20260321_195102_247877_2_LinearTransform_1.h5,1,LinearTransform_2,D:\CodingHHW\Biplane\experiment\transform_snapshots\20260321_195102_247877\20260321_195102_247877_3_LinearTransform_2.h5,1,3,1,0.949024374,0.949024374,5.00E-15,0,0,1.063499651,1.063499651,5.11E-15,0,0,1.038520748,1.038520748,1.05E-13,1,1,NA,NA,NA,NA,NA,NA,NA,NA,NA,NA,NA,NA,NA,NA,NA,NA,NA,NA,0.058910112,0,1,0,0,30,0.070607909,1,1,0,0,30,0.060592106,1,1,0,0,30,640.481,585.871,518.117,10.85,550,30.097,31.151,3.184,3.467,2.439,0.561,0.558
2026-03-21T19:51:36+08:00,20260321_195136_425524,D:\CodingHHW\Biplane\experiment\experiment_results.csv,CTChest,orthographic,Current mode: Orthographic,1,0,1,1,1,1,16.17,0.4,15.89,0.35,0.01,0,0.35 mm,0.01 px,0.00 mm,testPoint,TargetP3D,blackCenter2,PointGreen,PointRed,PointGreen,testPoint,30,1,1,0,1,-139.118,41.2,-223.4062195,150.9523199,165.5546194,176.4561194,164.3210195,0,6,10,D:\CodingHHW\Biplane\experiment\transform_snapshots\20260321_195136_425524,LinearTransform,D:\CodingHHW\Biplane\experiment\transform_snapshots\20260321_195136_425524\20260321_195136_425524_1_LinearTransform.h5,1,LinearTransform_1,D:\CodingHHW\Biplane\experiment\transform_snapshots\20260321_195136_425524\20260321_195136_425524_2_LinearTransform_1.h5,1,LinearTransform_2,D:\CodingHHW\Biplane\experiment\transform_snapshots\20260321_195136_425524\20260321_195136_425524_3_LinearTransform_2.h5,1,3,1,1.053069135,1.053069135,1.84E-14,1,1,1.059697383,1.059697383,2.44E-14,0,0,1.052840258,1.052840258,2.26E-14,0,0,NA,NA,NA,NA,NA,NA,NA,NA,NA,NA,NA,NA,NA,NA,NA,NA,NA,NA,0.093851777,1,0,0,0,30,0.085269914,0,0,0,0,30,0.046877656,0,1,0,0,30,702.905,547.565,530.877,10.385,555.228,29.705,31.151,3.035,3.017,2.107,0.564,0.596
2026-03-22T08:51:01+08:00,20260322_085101_700845,D:\CodingHHW\Biplane\experiment\experiment_results.csv,CTChest,perspective,Current mode: Perspective,1,1,0,1,1,1,46.99,43.1,67.87,0.07,0.14,0,0.07 mm,0.14 px,0.00 mm,testPoint,TargetP3D,blackCenter2,PointGreen,PointRed,PointGreen,testPoint,30,0,1,0,1,-9.37255764,95.39548492,-209.6329956,28.91488717,42.72294408,59.0672006,43.56834395,0,6,10,D:\CodingHHW\Biplane\experiment\transform_snapshots\20260322_085101_700845,LinearTransform,D:\CodingHHW\Biplane\experiment\transform_snapshots\20260322_085101_700845\20260322_085101_700845_1_LinearTransform.h5,1,LinearTransform_1,D:\CodingHHW\Biplane\experiment\transform_snapshots\20260322_085101_700845\20260322_085101_700845_2_LinearTransform_1.h5,1,LinearTransform_2,D:\CodingHHW\Biplane\experiment\transform_snapshots\20260322_085101_700845\20260322_085101_700845_3_LinearTransform_2.h5,1,3,1,0.040910114,0.040910114,1.04E-13,0,0,0.047721143,0.047721143,3.64E-14,0,0,0.055576289,0.055576289,1.87E-14,1,1,0.038792311,0,1,0,0,30,0.047228176,1,1,0,0,30,0.052238534,0,0,0,0,30,NA,NA,NA,NA,NA,NA,NA,NA,NA,NA,NA,NA,NA,NA,NA,NA,NA,NA,524.678,569.939,523.3,124.543,1101.441,300.084,31.102,NA,15.932,84.309,0.548,0.471
2026-03-22T08:51:38+08:00,20260322_085138_241037,D:\CodingHHW\Biplane\experiment\experiment_results.csv,CTChest,perspective,Current mode: Perspective,1,1,0,1,1,1,46.99,43.1,67.87,0.06,0.08,0,0.06 mm,0.08 px,0.00 mm,testPoint,TargetP3D,blackCenter2,PointGreen,PointRed,PointGreen,testPoint,30,0,1,0,1,-9.37255764,95.39548492,-209.6329956,28.91488717,42.72294408,59.0672006,43.56834395,0,6,10,D:\CodingHHW\Biplane\experiment\transform_snapshots\20260322_085138_241037,LinearTransform,D:\CodingHHW\Biplane\experiment\transform_snapshots\20260322_085138_241037\20260322_085138_241037_1_LinearTransform.h5,1,LinearTransform_1,D:\CodingHHW\Biplane\experiment\transform_snapshots\20260322_085138_241037\20260322_085138_241037_2_LinearTransform_1.h5,1,LinearTransform_2,D:\CodingHHW\Biplane\experiment\transform_snapshots\20260322_085138_241037\20260322_085138_241037_3_LinearTransform_2.h5,1,3,1,0.0447539,0.0447539,2.15E-12,0,0,0.061836974,0.061836974,3.04E-14,0,0,0.066273715,0.066273715,4.98E-14,0,0,0.042246708,0,0,0,0,30,0.056729449,0,1,0,0,30,0.066238362,0,0,0,0,30,NA,NA,NA,NA,NA,NA,NA,NA,NA,NA,NA,NA,NA,NA,NA,NA,NA,NA,638.682,585.385,405.118,10.346,600.527,57.773,30.331,NA,1.984,2.216,0.464,0.431
2026-03-22T08:52:48+08:00,20260322_085248_065584,D:\CodingHHW\Biplane\experiment\experiment_results.csv,CTChest,perspective,Current mode: Perspective,1,1,0,1,1,1,46.99,43.1,67.87,0.06,0,0,0.06 mm,0.00 px,0.00 mm,testPoint,TargetP3D,blackCenter2,PointGreen,PointRed,PointGreen,testPoint,30,0,1,0,1,-9.37255764,95.39548492,-209.6329956,28.91488717,42.72294408,59.0672006,43.56834395,0,6,10,D:\CodingHHW\Biplane\experiment\transform_snapshots\20260322_085248_065584,LinearTransform,D:\CodingHHW\Biplane\experiment\transform_snapshots\20260322_085248_065584\20260322_085248_065584_1_LinearTransform.h5,1,LinearTransform_1,D:\CodingHHW\Biplane\experiment\transform_snapshots\20260322_085248_065584\20260322_085248_065584_2_LinearTransform_1.h5,1,LinearTransform_2,D:\CodingHHW\Biplane\experiment\transform_snapshots\20260322_085248_065584\20260322_085248_065584_3_LinearTransform_2.h5,1,3,1,0.032552667,0.032552667,1.43E-14,0,0,0.069784397,0.069784397,4.50E-14,1,1,0.047671983,0.047671983,1.49E-14,0,0,0.032253245,0,0,0,0,30,0.069027577,1,0,0,0,30,0.046909378,0,1,0,0,30,NA,NA,NA,NA,NA,NA,NA,NA,NA,NA,NA,NA,NA,NA,NA,NA,NA,NA,479.324,588.939,403.562,10.241,593.502,56.137,29.624,NA,1.5,1.556,0.43,0.467
2026-03-22T08:53:32+08:00,20260322_085332_765093,D:\CodingHHW\Biplane\experiment\experiment_results.csv,CTChest,perspective,Current mode: Perspective,1,1,0,1,1,1,46.99,43.1,67.87,0.02,0.04,0,0.02 mm,0.04 px,0.00 mm,testPoint,TargetP3D,blackCenter2,PointGreen,PointRed,PointGreen,testPoint,30,0,1,0,1,-9.37255764,95.39548492,-209.6329956,28.91488717,42.72294408,59.0672006,43.56834395,0,6,10,D:\CodingHHW\Biplane\experiment\transform_snapshots\20260322_085332_765093,LinearTransform,D:\CodingHHW\Biplane\experiment\transform_snapshots\20260322_085332_765093\20260322_085332_765093_1_LinearTransform.h5,1,LinearTransform_1,D:\CodingHHW\Biplane\experiment\transform_snapshots\20260322_085332_765093\20260322_085332_765093_2_LinearTransform_1.h5,1,LinearTransform_2,D:\CodingHHW\Biplane\experiment\transform_snapshots\20260322_085332_765093\20260322_085332_765093_3_LinearTransform_2.h5,1,3,1,0.07646346,0.07646346,4.73E-14,1,1,0.045492165,0.045492165,1.53E-14,1,1,0.055795452,0.055795452,1.15E-14,1,1,0.067213337,0,0,0,0,30,0.044679427,0,1,0,0,30,0.054052488,1,1,0,0,30,NA,NA,NA,NA,NA,NA,NA,NA,NA,NA,NA,NA,NA,NA,NA,NA,NA,NA,532.051,567.389,390.395,9.661,591.468,57.392,30.093,NA,1.673,1.485,0.455,0.443
2026-03-22T08:54:08+08:00,20260322_085408_010827,D:\CodingHHW\Biplane\experiment\experiment_results.csv,CTChest,perspective,Current mode: Perspective,1,1,0,1,1,1,46.99,43.1,67.87,0.09,0.14,0,0.09 mm,0.14 px,0.00 mm,testPoint,TargetP3D,blackCenter2,PointGreen,PointRed,PointGreen,testPoint,30,0,1,0,1,-9.37255764,95.39548492,-209.6329956,28.91488717,42.72294408,59.0672006,43.56834395,0,6,10,D:\CodingHHW\Biplane\experiment\transform_snapshots\20260322_085408_010827,LinearTransform,D:\CodingHHW\Biplane\experiment\transform_snapshots\20260322_085408_010827\20260322_085408_010827_1_LinearTransform.h5,1,LinearTransform_1,D:\CodingHHW\Biplane\experiment\transform_snapshots\20260322_085408_010827\20260322_085408_010827_2_LinearTransform_1.h5,1,LinearTransform_2,D:\CodingHHW\Biplane\experiment\transform_snapshots\20260322_085408_010827\20260322_085408_010827_3_LinearTransform_2.h5,1,3,1,0.039749112,0.039749112,3.74E-12,1,1,0.080886346,0.080886346,2.76E-14,0,0,0.095593117,0.095593117,1.65E-15,0,0,0.036644188,1,1,0,0,30,0.072302025,1,1,0,0,30,0.095000595,1,1,0,0,30,NA,NA,NA,NA,NA,NA,NA,NA,NA,NA,NA,NA,NA,NA,NA,NA,NA,NA,445.246,434.577,397.568,9.774,590.625,56.761,28.94,NA,1.927,1.809,0.429,0.455
2026-03-22T08:54:52+08:00,20260322_085452_063170,D:\CodingHHW\Biplane\experiment\experiment_results.csv,CTChest,perspective,Current mode: Perspective,1,1,0,1,1,1,46.99,43.1,67.87,0.03,0.03,0,0.03 mm,0.03 px,0.00 mm,testPoint,TargetP3D,blackCenter2,PointGreen,PointRed,PointGreen,testPoint,30,0,1,0,1,-9.37255764,95.39548492,-209.6329956,28.91488717,42.72294408,59.0672006,43.56834395,0,6,10,D:\CodingHHW\Biplane\experiment\transform_snapshots\20260322_085452_063170,LinearTransform,D:\CodingHHW\Biplane\experiment\transform_snapshots\20260322_085452_063170\20260322_085452_063170_1_LinearTransform.h5,1,LinearTransform_1,D:\CodingHHW\Biplane\experiment\transform_snapshots\20260322_085452_063170\20260322_085452_063170_2_LinearTransform_1.h5,1,LinearTransform_2,D:\CodingHHW\Biplane\experiment\transform_snapshots\20260322_085452_063170\20260322_085452_063170_3_LinearTransform_2.h5,1,3,1,0.065336209,0.065336209,8.65E-15,0,0,0.080253019,0.080253019,4.36E-14,0,0,0.086448819,0.086448819,7.96E-14,0,0,0.063844786,1,0,0,0,30,0.078829366,1,0,0,0,30,0.083044001,1,0,0,0,30,NA,NA,NA,NA,NA,NA,NA,NA,NA,NA,NA,NA,NA,NA,NA,NA,NA,NA,420.443,461.195,384.943,9.577,595.675,55.846,28.098,NA,2.104,1.498,0.468,0.532
2026-03-22T08:55:48+08:00,20260322_085548_412286,D:\CodingHHW\Biplane\experiment\experiment_results.csv,CTChest,orthographic,Current mode: Orthographic,1,0,1,1,1,1,46.99,43.1,67.87,0.06,0.08,0,0.06 mm,0.08 px,0.00 mm,testPoint,TargetP3D,blackCenter2,PointGreen,PointRed,PointGreen,testPoint,30,1,1,0,1,-9.37255764,95.39548492,-209.6329956,28.91488717,42.72294408,59.0672006,43.56834395,0,6,10,D:\CodingHHW\Biplane\experiment\transform_snapshots\20260322_085548_412286,LinearTransform,D:\CodingHHW\Biplane\experiment\transform_snapshots\20260322_085548_412286\20260322_085548_412286_1_LinearTransform.h5,1,LinearTransform_1,D:\CodingHHW\Biplane\experiment\transform_snapshots\20260322_085548_412286\20260322_085548_412286_2_LinearTransform_1.h5,1,LinearTransform_2,D:\CodingHHW\Biplane\experiment\transform_snapshots\20260322_085548_412286\20260322_085548_412286_3_LinearTransform_2.h5,1,3,1,0.808843822,0.808843822,1.84E-14,0,0,1.112283631,1.112283631,1.51E-14,0,0,0.901398988,0.901398988,1.22E-15,1,1,NA,NA,NA,NA,NA,NA,NA,NA,NA,NA,NA,NA,NA,NA,NA,NA,NA,NA,0.056573559,1,1,0,0,30,0.038350021,0,0,0,0,30,0.06072713,0,0,0,0,30,537.245,491.478,395.735,10.057,565.544,29.38,28.098,2.813,1.712,1.502,0.472,0.436
2026-03-22T08:56:40+08:00,20260322_085640_713813,D:\CodingHHW\Biplane\experiment\experiment_results.csv,CTChest,orthographic,Current mode: Orthographic,1,0,1,1,1,1,46.99,43.1,67.87,0.08,0.08,0,0.08 mm,0.08 px,0.00 mm,testPoint,TargetP3D,blackCenter2,PointGreen,PointRed,PointGreen,testPoint,30,1,1,0,1,-9.37255764,95.39548492,-209.6329956,28.91488717,42.72294408,59.0672006,43.56834395,0,6,10,D:\CodingHHW\Biplane\experiment\transform_snapshots\20260322_085640_713813,LinearTransform,D:\CodingHHW\Biplane\experiment\transform_snapshots\20260322_085640_713813\20260322_085640_713813_1_LinearTransform.h5,1,LinearTransform_1,D:\CodingHHW\Biplane\experiment\transform_snapshots\20260322_085640_713813\20260322_085640_713813_2_LinearTransform_1.h5,1,LinearTransform_2,D:\CodingHHW\Biplane\experiment\transform_snapshots\20260322_085640_713813\20260322_085640_713813_3_LinearTransform_2.h5,1,3,1,0.789872029,0.789872029,3.66E-15,0,0,1.040241758,1.040241758,1.75E-14,0,0,0.90944107,0.90944107,2.16E-14,1,1,NA,NA,NA,NA,NA,NA,NA,NA,NA,NA,NA,NA,NA,NA,NA,NA,NA,NA,0.073847641,0,1,0,0,30,0.026599387,1,0,0,0,30,0.079993464,1,1,0,0,30,493.644,493.4,428.945,10.077,568.277,30.48,28.098,3.283,1.81,1.48,0.555,0.421
2026-03-22T08:57:24+08:00,20260322_085724_109393,D:\CodingHHW\Biplane\experiment\experiment_results.csv,CTChest,orthographic,Current mode: Orthographic,1,0,1,1,1,1,46.99,43.1,67.87,0.11,0.09,0,0.11 mm,0.09 px,0.00 mm,testPoint,TargetP3D,blackCenter2,PointGreen,PointRed,PointGreen,testPoint,30,1,1,0,1,-9.37255764,95.39548492,-209.6329956,28.91488717,42.72294408,59.0672006,43.56834395,0,6,10,D:\CodingHHW\Biplane\experiment\transform_snapshots\20260322_085724_109393,LinearTransform,D:\CodingHHW\Biplane\experiment\transform_snapshots\20260322_085724_109393\20260322_085724_109393_1_LinearTransform.h5,1,LinearTransform_1,D:\CodingHHW\Biplane\experiment\transform_snapshots\20260322_085724_109393\20260322_085724_109393_2_LinearTransform_1.h5,1,LinearTransform_2,D:\CodingHHW\Biplane\experiment\transform_snapshots\20260322_085724_109393\20260322_085724_109393_3_LinearTransform_2.h5,1,3,1,1.007641723,1.007641723,2.13E-14,1,1,1.029900228,1.029900228,4.49E-14,0,0,1.055228934,1.055228934,1.67E-13,1,1,NA,NA,NA,NA,NA,NA,NA,NA,NA,NA,NA,NA,NA,NA,NA,NA,NA,NA,0.067769611,1,1,0,0,30,0.08191656,1,0,0,0,30,0.055065532,1,0,0,0,30,501.437,476.818,370.472,9.769,575.567,30.641,28.098,3.189,2.606,1.639,0.822,0.547
2026-03-22T08:58:02+08:00,20260322_085802_484928,D:\CodingHHW\Biplane\experiment\experiment_results.csv,CTChest,orthographic,Current mode: Orthographic,1,0,1,1,1,1,46.99,43.1,67.87,0.05,0.04,0,0.05 mm,0.04 px,0.00 mm,testPoint,TargetP3D,blackCenter2,PointGreen,PointRed,PointGreen,testPoint,30,1,1,0,1,-9.37255764,95.39548492,-209.6329956,28.91488717,42.72294408,59.0672006,43.56834395,0,6,10,D:\CodingHHW\Biplane\experiment\transform_snapshots\20260322_085802_484928,LinearTransform,D:\CodingHHW\Biplane\experiment\transform_snapshots\20260322_085802_484928\20260322_085802_484928_1_LinearTransform.h5,1,LinearTransform_1,D:\CodingHHW\Biplane\experiment\transform_snapshots\20260322_085802_484928\20260322_085802_484928_2_LinearTransform_1.h5,1,LinearTransform_2,D:\CodingHHW\Biplane\experiment\transform_snapshots\20260322_085802_484928\20260322_085802_484928_3_LinearTransform_2.h5,1,3,1,0.993763934,0.993763934,3.06E-14,1,1,1.073045332,1.073045332,7.55E-15,1,1,0.875328177,0.875328177,2.42E-13,0,0,NA,NA,NA,NA,NA,NA,NA,NA,NA,NA,NA,NA,NA,NA,NA,NA,NA,NA,0.060561638,1,0,0,0,30,0.07632876,1,1,0,0,30,0.056069088,1,0,0,0,30,485.878,512.814,402.611,10.395,568.524,30.091,28.098,3.198,1.806,1.567,0.841,0.544
2026-03-22T08:58:38+08:00,20260322_085838_599227,D:\CodingHHW\Biplane\experiment\experiment_results.csv,CTChest,orthographic,Current mode: Orthographic,1,0,1,1,1,1,46.99,43.1,67.87,0.1,0.17,0,0.10 mm,0.17 px,0.00 mm,testPoint,TargetP3D,blackCenter2,PointGreen,PointRed,PointGreen,testPoint,30,1,1,0,1,-9.37255764,95.39548492,-209.6329956,28.91488717,42.72294408,59.0672006,43.56834395,0,6,10,D:\CodingHHW\Biplane\experiment\transform_snapshots\20260322_085838_599227,LinearTransform,D:\CodingHHW\Biplane\experiment\transform_snapshots\20260322_085838_599227\20260322_085838_599227_1_LinearTransform.h5,1,LinearTransform_1,D:\CodingHHW\Biplane\experiment\transform_snapshots\20260322_085838_599227\20260322_085838_599227_2_LinearTransform_1.h5,1,LinearTransform_2,D:\CodingHHW\Biplane\experiment\transform_snapshots\20260322_085838_599227\20260322_085838_599227_3_LinearTransform_2.h5,1,3,1,0.834727264,0.834727264,1.25E-14,1,1,0.964478828,0.964478828,3.05E-14,0,0,1.004321461,1.004321461,2.02E-14,0,0,NA,NA,NA,NA,NA,NA,NA,NA,NA,NA,NA,NA,NA,NA,NA,NA,NA,NA,0.066277078,0,0,0,0,30,0.072049114,1,1,0,0,30,0.069407741,1,0,0,0,30,537.009,505.435,410.894,9.685,572.138,30.678,28.098,3.515,1.936,1.926,0.756,0.528
2026-03-22T08:59:07+08:00,20260322_085907_640931,D:\CodingHHW\Biplane\experiment\experiment_results.csv,CTChest,orthographic,Current mode: Orthographic,1,0,1,1,1,1,46.99,43.1,67.87,0.08,0.08,0,0.08 mm,0.08 px,0.00 mm,testPoint,TargetP3D,blackCenter2,PointGreen,PointRed,PointGreen,testPoint,30,1,1,0,1,-9.37255764,95.39548492,-209.6329956,28.91488717,42.72294408,59.0672006,43.56834395,0,6,10,D:\CodingHHW\Biplane\experiment\transform_snapshots\20260322_085907_640931,LinearTransform,D:\CodingHHW\Biplane\experiment\transform_snapshots\20260322_085907_640931\20260322_085907_640931_1_LinearTransform.h5,1,LinearTransform_1,D:\CodingHHW\Biplane\experiment\transform_snapshots\20260322_085907_640931\20260322_085907_640931_2_LinearTransform_1.h5,1,LinearTransform_2,D:\CodingHHW\Biplane\experiment\transform_snapshots\20260322_085907_640931\20260322_085907_640931_3_LinearTransform_2.h5,1,3,1,0.571801027,0.571801027,2.26E-14,0,0,0.690958869,0.690958869,7.64E-13,1,1,0.866672669,0.866672669,3.36E-13,1,1,NA,NA,NA,NA,NA,NA,NA,NA,NA,NA,NA,NA,NA,NA,NA,NA,NA,NA,0.068954774,0,1,0,0,30,0.069123178,1,1,0,0,30,0.077371177,0,0,0,0,30,423.585,413.873,437.697,9.638,569.661,29.709,28.098,3.575,1.923,1.645,0.634,0.518
2026-03-22T09:01:51+08:00,20260322_090151_364470,D:\CodingHHW\Biplane\experiment\experiment_results.csv,CTChest,orthographic,Current mode: Orthographic,1,0,1,1,1,1,16.17,0.4,15.89,0.05,0.09,0,0.05 mm,0.09 px,0.00 mm,testPoint,TargetP3D,blackCenter2,PointGreen,PointRed,PointGreen,testPoint,30,1,1,0,1,-9.373,95.395,-209.6329956,28.91526193,40.8536693,57.76392594,42.51095239,0,6,10,D:\CodingHHW\Biplane\experiment\transform_snapshots\20260322_090151_364470,LinearTransform,D:\CodingHHW\Biplane\experiment\transform_snapshots\20260322_090151_364470\20260322_090151_364470_1_LinearTransform.h5,1,LinearTransform_1,D:\CodingHHW\Biplane\experiment\transform_snapshots\20260322_090151_364470\20260322_090151_364470_2_LinearTransform_1.h5,1,LinearTransform_2,D:\CodingHHW\Biplane\experiment\transform_snapshots\20260322_090151_364470\20260322_090151_364470_3_LinearTransform_2.h5,1,3,1,0.978009467,0.978009467,4.09E-14,1,1,1.093353416,1.093353416,5.66E-14,0,1,0.945110668,0.945110668,1.07E-14,1,0,NA,NA,NA,NA,NA,NA,NA,NA,NA,NA,NA,NA,NA,NA,NA,NA,NA,NA,0.060438811,0,1,0,0,30,0.057438306,0,0,0,0,30,0.042372696,0,0,0,0,30,614.5,668.222,595.724,10.336,553.989,30.513,28.098,3.461,3.05,1.864,0.506,0.498
2026-03-22T09:02:23+08:00,20260322_090223_349635,D:\CodingHHW\Biplane\experiment\experiment_results.csv,CTChest,orthographic,Current mode: Orthographic,1,0,1,1,1,1,16.17,0.4,15.89,0.08,0.05,0,0.08 mm,0.05 px,0.00 mm,testPoint,TargetP3D,blackCenter2,PointGreen,PointRed,PointGreen,testPoint,30,1,1,0,1,-9.373,95.395,-209.6329956,28.91526193,40.8536693,57.76392594,42.51095239,0,6,10,D:\CodingHHW\Biplane\experiment\transform_snapshots\20260322_090223_349635,LinearTransform,D:\CodingHHW\Biplane\experiment\transform_snapshots\20260322_090223_349635\20260322_090223_349635_1_LinearTransform.h5,1,LinearTransform_1,D:\CodingHHW\Biplane\experiment\transform_snapshots\20260322_090223_349635\20260322_090223_349635_2_LinearTransform_1.h5,1,LinearTransform_2,D:\CodingHHW\Biplane\experiment\transform_snapshots\20260322_090223_349635\20260322_090223_349635_3_LinearTransform_2.h5,1,3,1,0.887386747,0.887386747,3.11E-15,1,1,1.054302551,1.054302551,3.12E-13,0,0,0.913056713,0.913056713,3.41E-14,0,0,NA,NA,NA,NA,NA,NA,NA,NA,NA,NA,NA,NA,NA,NA,NA,NA,NA,NA,0.069702094,1,1,0,0,30,0.075941933,0,0,0,0,30,0.059811534,1,0,0,0,30,628.087,550.21,557.943,10.476,555.438,30.09,28.098,3.256,2.986,2,0.626,0.512
2026-03-22T09:02:59+08:00,20260322_090259_322271,D:\CodingHHW\Biplane\experiment\experiment_results.csv,CTChest,orthographic,Current mode: Orthographic,1,0,1,1,1,1,16.17,0.4,15.89,0.3,0.01,0,0.30 mm,0.01 px,0.00 mm,testPoint,TargetP3D,blackCenter2,PointGreen,PointRed,PointGreen,testPoint,30,1,1,0,1,-9.373,95.395,-209.6329956,28.91526193,40.8536693,57.76392594,42.51095239,0,6,10,D:\CodingHHW\Biplane\experiment\transform_snapshots\20260322_090259_322271,LinearTransform,D:\CodingHHW\Biplane\experiment\transform_snapshots\20260322_090259_322271\20260322_090259_322271_1_LinearTransform.h5,1,LinearTransform_1,D:\CodingHHW\Biplane\experiment\transform_snapshots\20260322_090259_322271\20260322_090259_322271_2_LinearTransform_1.h5,1,LinearTransform_2,D:\CodingHHW\Biplane\experiment\transform_snapshots\20260322_090259_322271\20260322_090259_322271_3_LinearTransform_2.h5,1,3,1,0.63458193,0.63458193,1.83E-14,1,1,0.848328296,0.848328296,6.55E-14,0,1,0.666213041,0.666213041,5.66E-15,0,1,NA,NA,NA,NA,NA,NA,NA,NA,NA,NA,NA,NA,NA,NA,NA,NA,NA,NA,0.054525491,0,0,0,0,30,0.06447847,0,1,0,0,30,0.065894854,0,1,0,0,30,445.392,465.663,471.283,10.601,550.836,30.112,28.098,2.903,3.037,2.274,0.52,0.494
2026-03-22T09:03:29+08:00,20260322_090329_245134,D:\CodingHHW\Biplane\experiment\experiment_results.csv,CTChest,orthographic,Current mode: Orthographic,1,0,1,1,1,1,16.17,0.4,15.89,0.52,0.07,0,0.52 mm,0.07 px,0.00 mm,testPoint,TargetP3D,blackCenter2,PointGreen,PointRed,PointGreen,testPoint,30,1,1,0,1,-9.373,95.395,-209.6329956,28.91526193,40.8536693,57.76392594,42.51095239,0,6,10,D:\CodingHHW\Biplane\experiment\transform_snapshots\20260322_090329_245134,LinearTransform,D:\CodingHHW\Biplane\experiment\transform_snapshots\20260322_090329_245134\20260322_090329_245134_1_LinearTransform.h5,1,LinearTransform_1,D:\CodingHHW\Biplane\experiment\transform_snapshots\20260322_090329_245134\20260322_090329_245134_2_LinearTransform_1.h5,1,LinearTransform_2,D:\CodingHHW\Biplane\experiment\transform_snapshots\20260322_090329_245134\20260322_090329_245134_3_LinearTransform_2.h5,1,3,1,0.623641515,0.623641515,4.66E-15,1,1,0.762201995,0.762201995,1.33E-13,1,1,0.738806784,0.738806784,7.66E-15,0,0,NA,NA,NA,NA,NA,NA,NA,NA,NA,NA,NA,NA,NA,NA,NA,NA,NA,NA,0.063181511,0,1,0,0,30,0.067945263,0,0,0,0,30,0.059724083,1,1,0,0,30,507.221,473.226,467.997,9.702,555.127,30.551,28.098,3.32,3.352,2.263,0.662,0.563
2026-03-22T09:04:04+08:00,20260322_090404_043383,D:\CodingHHW\Biplane\experiment\experiment_results.csv,CTChest,orthographic,Current mode: Orthographic,1,0,1,1,1,1,16.17,0.4,15.89,0.66,0.02,0,0.66 mm,0.02 px,0.00 mm,testPoint,TargetP3D,blackCenter2,PointGreen,PointRed,PointGreen,testPoint,30,1,1,0,1,-9.373,95.395,-209.6329956,28.91526193,40.8536693,57.76392594,42.51095239,0,6,10,D:\CodingHHW\Biplane\experiment\transform_snapshots\20260322_090404_043383,LinearTransform,D:\CodingHHW\Biplane\experiment\transform_snapshots\20260322_090404_043383\20260322_090404_043383_1_LinearTransform.h5,1,LinearTransform_1,D:\CodingHHW\Biplane\experiment\transform_snapshots\20260322_090404_043383\20260322_090404_043383_2_LinearTransform_1.h5,1,LinearTransform_2,D:\CodingHHW\Biplane\experiment\transform_snapshots\20260322_090404_043383\20260322_090404_043383_3_LinearTransform_2.h5,1,3,1,0.682069168,0.682069168,6.66E-15,0,0,0.925651215,0.925651215,4.66E-15,1,1,0.655587208,0.655587208,6.11E-15,1,1,NA,NA,NA,NA,NA,NA,NA,NA,NA,NA,NA,NA,NA,NA,NA,NA,NA,NA,0.051565377,1,1,0,0,30,0.033525124,0,0,0,0,30,0.036917084,0,1,0,0,30,550.602,530.379,533.477,9.567,548.789,30.127,28.098,2.904,3,1.585,0.505,0.549
2026-03-22T09:05:44+08:00,20260322_090544_998339,D:\CodingHHW\Biplane\experiment\experiment_results.csv,CTChest,orthographic,Current mode: Orthographic,1,0,1,1,1,1,16.17,0.4,15.89,0.54,0.02,0,0.54 mm,0.02 px,0.00 mm,testPoint,TargetP3D,blackCenter2,PointGreen,PointRed,PointGreen,testPoint,30,1,1,0,1,-9.373,95.395,-209.6329956,28.91526193,40.8536693,57.76392594,42.51095239,0,6,10,D:\CodingHHW\Biplane\experiment\transform_snapshots\20260322_090544_998339,LinearTransform,D:\CodingHHW\Biplane\experiment\transform_snapshots\20260322_090544_998339\20260322_090544_998339_1_LinearTransform.h5,1,LinearTransform_1,D:\CodingHHW\Biplane\experiment\transform_snapshots\20260322_090544_998339\20260322_090544_998339_2_LinearTransform_1.h5,1,LinearTransform_2,D:\CodingHHW\Biplane\experiment\transform_snapshots\20260322_090544_998339\20260322_090544_998339_3_LinearTransform_2.h5,1,3,1,0.730426107,0.730426107,3.79E-14,0,0,0.868982737,0.868982737,1.51E-13,0,0,0.732498694,0.732498694,9.99E-16,1,1,NA,NA,NA,NA,NA,NA,NA,NA,NA,NA,NA,NA,NA,NA,NA,NA,NA,NA,0.04872885,0,1,0,0,30,0.063859073,0,1,0,0,30,0.050097148,0,0,0,0,30,484.345,492.727,483.846,9.577,554.673,29.391,28.098,3.068,3.119,2.35,0.581,0.519
2026-03-22T09:06:53+08:00,20260322_090653_486998,D:\CodingHHW\Biplane\experiment\experiment_results.csv,CTChest,perspective,Current mode: Perspective,1,1,0,1,1,1,16.17,0.4,15.89,0.9,0.08,0,0.90 mm,0.08 px,0.00 mm,testPoint,TargetP3D,blackCenter2,PointGreen,PointRed,PointGreen,testPoint,30,0,1,0,1,-9.373,95.395,-209.6329956,28.91526193,40.8536693,57.76392594,42.51095239,0,6,10,D:\CodingHHW\Biplane\experiment\transform_snapshots\20260322_090653_486998,LinearTransform,D:\CodingHHW\Biplane\experiment\transform_snapshots\20260322_090653_486998\20260322_090653_486998_1_LinearTransform.h5,1,LinearTransform_1,D:\CodingHHW\Biplane\experiment\transform_snapshots\20260322_090653_486998\20260322_090653_486998_2_LinearTransform_1.h5,1,LinearTransform_2,D:\CodingHHW\Biplane\experiment\transform_snapshots\20260322_090653_486998\20260322_090653_486998_3_LinearTransform_2.h5,1,3,1,0.051142186,0.051142186,1.20E-15,0,0,0.061244807,0.061244807,4.51E-14,0,0,0.072169612,0.072169612,2.24E-14,1,1,0.050153123,0,1,0,0,30,0.060435323,1,0,0,0,30,0.068305531,1,0,0,0,30,NA,NA,NA,NA,NA,NA,NA,NA,NA,NA,NA,NA,NA,NA,NA,NA,NA,NA,480.578,528.124,486.171,9.703,586.746,59.595,31.422,3.068,3.084,1.664,0.7,0.469
2026-03-22T09:07:30+08:00,20260322_090730_944430,D:\CodingHHW\Biplane\experiment\experiment_results.csv,CTChest,perspective,Current mode: Perspective,1,1,0,1,1,1,16.17,0.4,15.89,0.35,0,0,0.35 mm,0.00 px,0.00 mm,testPoint,TargetP3D,blackCenter2,PointGreen,PointRed,PointGreen,testPoint,30,0,1,0,1,-9.373,95.395,-209.6329956,28.91526193,40.8536693,57.76392594,42.51095239,0,6,10,D:\CodingHHW\Biplane\experiment\transform_snapshots\20260322_090730_944430,LinearTransform,D:\CodingHHW\Biplane\experiment\transform_snapshots\20260322_090730_944430\20260322_090730_944430_1_LinearTransform.h5,1,LinearTransform_1,D:\CodingHHW\Biplane\experiment\transform_snapshots\20260322_090730_944430\20260322_090730_944430_2_LinearTransform_1.h5,1,LinearTransform_2,D:\CodingHHW\Biplane\experiment\transform_snapshots\20260322_090730_944430\20260322_090730_944430_3_LinearTransform_2.h5,1,3,1,0.048966273,0.048966273,7.91E-12,0,0,0.083475556,0.083475556,3.54E-14,1,1,0.044800969,0.044800969,2.09E-14,1,1,0.048698109,1,0,0,0,30,0.082043309,0,1,0,0,30,0.043959247,0,1,0,0,30,NA,NA,NA,NA,NA,NA,NA,NA,NA,NA,NA,NA,NA,NA,NA,NA,NA,NA,516.531,527.899,540.579,9.71,583.543,60.41,33.26,3.068,3.022,2.006,0.608,0.515
2026-03-22T09:08:08+08:00,20260322_090808_792535,D:\CodingHHW\Biplane\experiment\experiment_results.csv,CTChest,perspective,Current mode: Perspective,1,1,0,1,1,1,16.17,0.4,15.89,0.25,0.02,0,0.25 mm,0.02 px,0.00 mm,testPoint,TargetP3D,blackCenter2,PointGreen,PointRed,PointGreen,testPoint,30,0,1,0,1,-9.373,95.395,-209.6329956,28.91526193,40.8536693,57.76392594,42.51095239,0,6,10,D:\CodingHHW\Biplane\experiment\transform_snapshots\20260322_090808_792535,LinearTransform,D:\CodingHHW\Biplane\experiment\transform_snapshots\20260322_090808_792535\20260322_090808_792535_1_LinearTransform.h5,1,LinearTransform_1,D:\CodingHHW\Biplane\experiment\transform_snapshots\20260322_090808_792535\20260322_090808_792535_2_LinearTransform_1.h5,1,LinearTransform_2,D:\CodingHHW\Biplane\experiment\transform_snapshots\20260322_090808_792535\20260322_090808_792535_3_LinearTransform_2.h5,1,3,1,0.026705136,0.026705136,6.53E-14,1,1,0.071307977,0.071307977,7.41E-14,1,1,0.057631974,0.057631974,1.25E-14,0,0,0.025371513,1,0,0,0,30,0.070583791,0,1,0,0,30,0.055373805,0,0,0,0,30,NA,NA,NA,NA,NA,NA,NA,NA,NA,NA,NA,NA,NA,NA,NA,NA,NA,NA,610.421,513.866,555.081,9.559,581.652,59.09,31.977,3.068,3.025,3.015,0.625,0.645
2026-03-22T09:08:40+08:00,20260322_090840_408232,D:\CodingHHW\Biplane\experiment\experiment_results.csv,CTChest,perspective,Current mode: Perspective,1,1,0,1,1,1,16.17,0.4,15.89,0.53,0.07,0,0.53 mm,0.07 px,0.00 mm,testPoint,TargetP3D,blackCenter2,PointGreen,PointRed,PointGreen,testPoint,30,0,1,0,1,-9.373,95.395,-209.6329956,28.91526193,40.8536693,57.76392594,42.51095239,0,6,10,D:\CodingHHW\Biplane\experiment\transform_snapshots\20260322_090840_408232,LinearTransform,D:\CodingHHW\Biplane\experiment\transform_snapshots\20260322_090840_408232\20260322_090840_408232_1_LinearTransform.h5,1,LinearTransform_1,D:\CodingHHW\Biplane\experiment\transform_snapshots\20260322_090840_408232\20260322_090840_408232_2_LinearTransform_1.h5,1,LinearTransform_2,D:\CodingHHW\Biplane\experiment\transform_snapshots\20260322_090840_408232\20260322_090840_408232_3_LinearTransform_2.h5,1,3,1,0.04615559,0.04615559,1.87E-16,0,0,0.063718175,0.063718175,7.33E-13,0,0,0.037159251,0.037159251,6.89E-13,1,1,0.045553919,0,1,0,0,30,0.062232447,0,0,0,0,30,0.035245141,0,0,0,0,30,NA,NA,NA,NA,NA,NA,NA,NA,NA,NA,NA,NA,NA,NA,NA,NA,NA,NA,503.271,501.615,489.633,9.857,580.684,57.671,31.315,3.068,3.045,2.026,0.681,0.833
2026-03-22T09:09:13+08:00,20260322_090913_797079,D:\CodingHHW\Biplane\experiment\experiment_results.csv,CTChest,perspective,Current mode: Perspective,1,1,0,1,1,1,16.17,0.4,15.89,0.11,0.05,0,0.11 mm,0.05 px,0.00 mm,testPoint,TargetP3D,blackCenter2,PointGreen,PointRed,PointGreen,testPoint,30,0,1,0,1,-9.373,95.395,-209.6329956,28.91526193,40.8536693,57.76392594,42.51095239,0,6,10,D:\CodingHHW\Biplane\experiment\transform_snapshots\20260322_090913_797079,LinearTransform,D:\CodingHHW\Biplane\experiment\transform_snapshots\20260322_090913_797079\20260322_090913_797079_1_LinearTransform.h5,1,LinearTransform_1,D:\CodingHHW\Biplane\experiment\transform_snapshots\20260322_090913_797079\20260322_090913_797079_2_LinearTransform_1.h5,1,LinearTransform_2,D:\CodingHHW\Biplane\experiment\transform_snapshots\20260322_090913_797079\20260322_090913_797079_3_LinearTransform_2.h5,1,3,1,0.067184057,0.067184057,2.15E-15,1,1,0.055235406,0.055235406,4.05E-14,0,0,0.048380956,0.048380956,4.13E-12,0,0,0.066447583,0,0,0,0,30,0.054560086,1,0,0,0,30,0.045625926,1,0,0,0,30,NA,NA,NA,NA,NA,NA,NA,NA,NA,NA,NA,NA,NA,NA,NA,NA,NA,NA,497.797,532.395,529.351,9.753,586.972,58.861,31.812,3.068,3.59,2.201,0.514,0.492
2026-03-22T09:09:39+08:00,20260322_090939_981670,D:\CodingHHW\Biplane\experiment\experiment_results.csv,CTChest,perspective,Current mode: Perspective,1,1,0,1,1,1,16.17,0.4,15.89,0.76,0.07,0,0.76 mm,0.07 px,0.00 mm,testPoint,TargetP3D,blackCenter2,PointGreen,PointRed,PointGreen,testPoint,30,0,1,0,1,-9.373,95.395,-209.6329956,28.91526193,40.8536693,57.76392594,42.51095239,0,6,10,D:\CodingHHW\Biplane\experiment\transform_snapshots\20260322_090939_981670,LinearTransform,D:\CodingHHW\Biplane\experiment\transform_snapshots\20260322_090939_981670\20260322_090939_981670_1_LinearTransform.h5,1,LinearTransform_1,D:\CodingHHW\Biplane\experiment\transform_snapshots\20260322_090939_981670\20260322_090939_981670_2_LinearTransform_1.h5,1,LinearTransform_2,D:\CodingHHW\Biplane\experiment\transform_snapshots\20260322_090939_981670\20260322_090939_981670_3_LinearTransform_2.h5,1,3,1,0.075838672,0.075838672,1.35E-14,1,1,0.045295354,0.045295354,5.47E-13,1,1,0.067615699,0.067615699,9.16E-15,1,1,0.069870285,1,0,0,0,30,0.045174552,0,0,0,0,30,0.067287869,1,1,0,0,30,NA,NA,NA,NA,NA,NA,NA,NA,NA,NA,NA,NA,NA,NA,NA,NA,NA,NA,621.412,481.701,444.067,9.99,581.037,57.994,30.943,3.068,3.122,2.161,0.555,0.6
2026-03-22T09:12:10+08:00,20260322_091210_283006,D:\CodingHHW\Biplane\experiment\experiment_results.csv,CTChest,perspective,Current mode: Perspective,1,1,0,1,1,1,79.61,73.6,85.47,0.04,0.06,0,0.04 mm,0.06 px,0.00 mm,testPoint,TargetP3D,blackCenter2,PointGreen,PointRed,PointGreen,testPoint,30,0,1,0,1,-9.373,95.395,-209.6329956,28.91526193,48.09194778,63.6739584,46.8937227,0,6,10,D:\CodingHHW\Biplane\experiment\transform_snapshots\20260322_091210_283006,LinearTransform,D:\CodingHHW\Biplane\experiment\transform_snapshots\20260322_091210_283006\20260322_091210_283006_1_LinearTransform.h5,1,LinearTransform_1,D:\CodingHHW\Biplane\experiment\transform_snapshots\20260322_091210_283006\20260322_091210_283006_2_LinearTransform_1.h5,1,LinearTransform_2,D:\CodingHHW\Biplane\experiment\transform_snapshots\20260322_091210_283006\20260322_091210_283006_3_LinearTransform_2.h5,1,3,1,0.066676441,0.066676441,1.04E-13,0,0,0.073128985,0.073128985,1.34E-14,1,1,0.060156413,0.060156413,2.70E-14,0,0,0.065372491,1,0,0,0,30,0.071878103,0,1,0,0,30,0.058382944,1,1,0,0,30,NA,NA,NA,NA,NA,NA,NA,NA,NA,NA,NA,NA,NA,NA,NA,NA,NA,NA,473.526,599.609,362.383,9.615,594.919,57.339,30.153,3.068,3.41,2.124,0.734,0.482
2026-03-22T09:15:25+08:00,20260322_091525_636653,D:\CodingHHW\Biplane\experiment\experiment_results.csv,CTChest,perspective,Current mode: Perspective,1,1,0,1,1,1,79.61,73.6,85.47,0.05,0.01,0,0.05 mm,0.01 px,0.00 mm,testPoint,TargetP3D,blackCenter2,PointGreen,PointRed,PointGreen,testPoint,30,0,1,0,1,-9.373,95.395,-209.6329956,28.91526193,48.09194778,63.6739584,46.8937227,0,6,10,D:\CodingHHW\Biplane\experiment\transform_snapshots\20260322_091525_636653,LinearTransform,D:\CodingHHW\Biplane\experiment\transform_snapshots\20260322_091525_636653\20260322_091525_636653_1_LinearTransform.h5,1,LinearTransform_1,D:\CodingHHW\Biplane\experiment\transform_snapshots\20260322_091525_636653\20260322_091525_636653_2_LinearTransform_1.h5,1,LinearTransform_2,D:\CodingHHW\Biplane\experiment\transform_snapshots\20260322_091525_636653\20260322_091525_636653_3_LinearTransform_2.h5,1,3,1,0.073291609,0.073291609,9.35E-15,0,0,0.080496754,0.080496754,1.72E-13,1,1,0.107320654,0.107320654,2.01E-13,1,1,0.071295854,0,1,0,0,30,0.080319233,0,0,0,0,30,0.102455805,1,0,0,0,30,NA,NA,NA,NA,NA,NA,NA,NA,NA,NA,NA,NA,NA,NA,NA,NA,NA,NA,427.519,569.61,400.347,9.898,597.212,57.887,29.792,3.068,3.168,2.044,0.491,0.543
2026-03-22T09:16:00+08:00,20260322_091600_178741,D:\CodingHHW\Biplane\experiment\experiment_results.csv,CTChest,perspective,Current mode: Perspective,1,1,0,1,1,1,79.61,73.6,85.47,0.02,0.06,0,0.02 mm,0.06 px,0.00 mm,testPoint,TargetP3D,blackCenter2,PointGreen,PointRed,PointGreen,testPoint,30,0,1,0,1,-9.373,95.395,-209.6329956,28.91526193,48.09194778,63.6739584,46.8937227,0,6,10,D:\CodingHHW\Biplane\experiment\transform_snapshots\20260322_091600_178741,LinearTransform,D:\CodingHHW\Biplane\experiment\transform_snapshots\20260322_091600_178741\20260322_091600_178741_1_LinearTransform.h5,1,LinearTransform_1,D:\CodingHHW\Biplane\experiment\transform_snapshots\20260322_091600_178741\20260322_091600_178741_2_LinearTransform_1.h5,1,LinearTransform_2,D:\CodingHHW\Biplane\experiment\transform_snapshots\20260322_091600_178741\20260322_091600_178741_3_LinearTransform_2.h5,1,3,1,0.057430498,0.057430498,1.46E-14,1,1,0.055419561,0.055419561,2.54E-14,0,0,0.060085552,0.060085552,4.24E-14,0,0,0.050387567,0,1,0,0,30,0.046827913,0,0,0,0,30,0.058874188,1,1,0,0,30,NA,NA,NA,NA,NA,NA,NA,NA,NA,NA,NA,NA,NA,NA,NA,NA,NA,NA,519.162,508.264,383.902,10.756,596.634,58.478,30.518,3.068,3.263,1.616,0.522,0.509
2026-03-22T09:16:38+08:00,20260322_091638_319890,D:\CodingHHW\Biplane\experiment\experiment_results.csv,CTChest,perspective,Current mode: Perspective,1,1,0,1,1,1,79.61,73.6,85.47,0.04,0.01,0,0.04 mm,0.01 px,0.00 mm,testPoint,TargetP3D,blackCenter2,PointGreen,PointRed,PointGreen,testPoint,30,0,1,0,1,-9.373,95.395,-209.6329956,28.91526193,48.09194778,63.6739584,46.8937227,0,6,10,D:\CodingHHW\Biplane\experiment\transform_snapshots\20260322_091638_319890,LinearTransform,D:\CodingHHW\Biplane\experiment\transform_snapshots\20260322_091638_319890\20260322_091638_319890_1_LinearTransform.h5,1,LinearTransform_1,D:\CodingHHW\Biplane\experiment\transform_snapshots\20260322_091638_319890\20260322_091638_319890_2_LinearTransform_1.h5,1,LinearTransform_2,D:\CodingHHW\Biplane\experiment\transform_snapshots\20260322_091638_319890\20260322_091638_319890_3_LinearTransform_2.h5,1,3,1,0.059890611,0.059890611,1.40E-14,1,1,0.077040924,0.077040924,6.05E-14,0,0,0.060142659,0.060142659,3.78E-13,1,1,0.058965539,1,0,0,0,30,0.072134018,0,1,0,0,30,0.058544909,1,0,0,0,30,NA,NA,NA,NA,NA,NA,NA,NA,NA,NA,NA,NA,NA,NA,NA,NA,NA,NA,581.706,524.545,394.421,10.02,589.587,57.011,30.097,3.068,3.023,2.684,0.648,0.486
2026-03-22T09:18:27+08:00,20260322_091827_762228,D:\CodingHHW\Biplane\experiment\experiment_results.csv,CTChest,perspective,Current mode: Perspective,1,1,0,1,1,1,79.61,73.6,85.47,0.06,0.13,0,0.06 mm,0.13 px,0.00 mm,testPoint,TargetP3D,blackCenter2,PointGreen,PointRed,PointGreen,testPoint,30,0,1,0,1,-9.373,95.395,-209.6329956,28.91526193,48.09194778,63.6739584,46.8937227,0,6,10,D:\CodingHHW\Biplane\experiment\transform_snapshots\20260322_091827_762228,LinearTransform,D:\CodingHHW\Biplane\experiment\transform_snapshots\20260322_091827_762228\20260322_091827_762228_1_LinearTransform.h5,1,LinearTransform_1,D:\CodingHHW\Biplane\experiment\transform_snapshots\20260322_091827_762228\20260322_091827_762228_2_LinearTransform_1.h5,1,LinearTransform_2,D:\CodingHHW\Biplane\experiment\transform_snapshots\20260322_091827_762228\20260322_091827_762228_3_LinearTransform_2.h5,1,3,1,0.056902274,0.056902274,2.91E-14,0,0,0.050004022,0.050004022,5.73E-14,0,0,0.057716364,0.057716364,1.10E-13,0,0,0.054731388,1,0,0,0,30,0.049481313,1,1,0,0,30,0.05732008,1,1,0,0,30,NA,NA,NA,NA,NA,NA,NA,NA,NA,NA,NA,NA,NA,NA,NA,NA,NA,NA,509.773,527.256,423.669,9.758,595.401,57.701,29.998,3.068,3.004,2.199,0.563,0.511
2026-03-22T09:19:21+08:00,20260322_091921_070180,D:\CodingHHW\Biplane\experiment\experiment_results.csv,CTChest,perspective,Current mode: Perspective,1,1,0,1,1,1,79.61,73.6,85.47,0.02,0,0,0.02 mm,0.00 px,0.00 mm,testPoint,TargetP3D,blackCenter2,PointGreen,PointRed,PointGreen,testPoint,30,0,1,0,1,-9.373,95.395,-209.6329956,28.91526193,48.09194778,63.6739584,46.8937227,0,6,10,D:\CodingHHW\Biplane\experiment\transform_snapshots\20260322_091921_070180,LinearTransform,D:\CodingHHW\Biplane\experiment\transform_snapshots\20260322_091921_070180\20260322_091921_070180_1_LinearTransform.h5,1,LinearTransform_1,D:\CodingHHW\Biplane\experiment\transform_snapshots\20260322_091921_070180\20260322_091921_070180_2_LinearTransform_1.h5,1,LinearTransform_2,D:\CodingHHW\Biplane\experiment\transform_snapshots\20260322_091921_070180\20260322_091921_070180_3_LinearTransform_2.h5,1,3,1,0.093544602,0.093544602,1.81E-13,0,0,0.054900245,0.054900245,1.08E-12,0,0,0.074456012,0.074456012,1.74E-14,0,0,0.090485838,0,0,0,0,30,0.048743416,0,1,0,0,30,0.074169767,0,0,0,0,30,NA,NA,NA,NA,NA,NA,NA,NA,NA,NA,NA,NA,NA,NA,NA,NA,NA,NA,427.044,525.919,356.921,9.679,593.833,56.358,29.428,3.068,3.312,2.092,0.523,0.625
2026-03-22T09:19:57+08:00,20260322_091957_904718,D:\CodingHHW\Biplane\experiment\experiment_results.csv,CTChest,perspective,Current mode: Perspective,1,1,0,1,1,1,79.61,73.6,85.47,0.01,0.06,0,0.01 mm,0.06 px,0.00 mm,testPoint,TargetP3D,blackCenter2,PointGreen,PointRed,PointGreen,testPoint,30,0,1,0,1,-9.373,95.395,-209.6329956,28.91526193,48.09194778,63.6739584,46.8937227,0,6,10,D:\CodingHHW\Biplane\experiment\transform_snapshots\20260322_091957_904718,LinearTransform,D:\CodingHHW\Biplane\experiment\transform_snapshots\20260322_091957_904718\20260322_091957_904718_1_LinearTransform.h5,1,LinearTransform_1,D:\CodingHHW\Biplane\experiment\transform_snapshots\20260322_091957_904718\20260322_091957_904718_2_LinearTransform_1.h5,1,LinearTransform_2,D:\CodingHHW\Biplane\experiment\transform_snapshots\20260322_091957_904718\20260322_091957_904718_3_LinearTransform_2.h5,1,3,1,0.073205318,0.073205318,1.56E-13,0,0,0.069936283,0.069936283,1.80E-13,0,0,0.07639992,0.07639992,3.10E-13,0,0,0.068442894,0,1,0,0,30,0.067109771,1,1,0,0,30,0.073511931,0,0,0,0,30,NA,NA,NA,NA,NA,NA,NA,NA,NA,NA,NA,NA,NA,NA,NA,NA,NA,NA,507.72,532.627,382.451,9.571,600.007,59.71,32.053,3.068,3.153,2.322,0.586,0.491
2026-03-22T09:20:56+08:00,20260322_092056_416066,D:\CodingHHW\Biplane\experiment\experiment_results.csv,CTChest,orthographic,Current mode: Orthographic,1,0,1,1,1,1,79.61,73.6,85.47,0.03,0,0,0.03 mm,0.00 px,0.00 mm,testPoint,TargetP3D,blackCenter2,PointGreen,PointRed,PointGreen,testPoint,30,1,1,0,1,-9.373,95.395,-209.6329956,28.91526193,48.09194778,63.6739584,46.8937227,0,6,10,D:\CodingHHW\Biplane\experiment\transform_snapshots\20260322_092056_416066,LinearTransform,D:\CodingHHW\Biplane\experiment\transform_snapshots\20260322_092056_416066\20260322_092056_416066_1_LinearTransform.h5,1,LinearTransform_1,D:\CodingHHW\Biplane\experiment\transform_snapshots\20260322_092056_416066\20260322_092056_416066_2_LinearTransform_1.h5,1,LinearTransform_2,D:\CodingHHW\Biplane\experiment\transform_snapshots\20260322_092056_416066\20260322_092056_416066_3_LinearTransform_2.h5,1,3,1,1.099136241,1.099136241,3.38E-14,0,0,1.694918855,1.694918855,2.37E-13,0,1,0.77012262,0.77012262,5.90E-14,0,0,NA,NA,NA,NA,NA,NA,NA,NA,NA,NA,NA,NA,NA,NA,NA,NA,NA,NA,0.076359984,0,1,0,0,30,0.027412939,1,0,0,0,30,0.06049813,1,1,0,0,30,612.809,556.258,383.529,9.846,577.023,30.291,32.053,3.099,3.208,2.094,0.522,0.463
2026-03-22T09:21:25+08:00,20260322_092125_454448,D:\CodingHHW\Biplane\experiment\experiment_results.csv,CTChest,orthographic,Current mode: Orthographic,1,0,1,1,1,1,79.61,73.6,85.47,0.08,0.02,0,0.08 mm,0.02 px,0.00 mm,testPoint,TargetP3D,blackCenter2,PointGreen,PointRed,PointGreen,testPoint,30,1,1,0,1,-9.373,95.395,-209.6329956,28.91526193,48.09194778,63.6739584,46.8937227,0,6,10,D:\CodingHHW\Biplane\experiment\transform_snapshots\20260322_092125_454448,LinearTransform,D:\CodingHHW\Biplane\experiment\transform_snapshots\20260322_092125_454448\20260322_092125_454448_1_LinearTransform.h5,1,LinearTransform_1,D:\CodingHHW\Biplane\experiment\transform_snapshots\20260322_092125_454448\20260322_092125_454448_2_LinearTransform_1.h5,1,LinearTransform_2,D:\CodingHHW\Biplane\experiment\transform_snapshots\20260322_092125_454448\20260322_092125_454448_3_LinearTransform_2.h5,1,3,1,1.032681313,1.032681313,2.09E-14,1,1,1.377761995,1.377761995,6.44E-15,1,1,1.171168429,1.171168429,2.21E-13,0,0,NA,NA,NA,NA,NA,NA,NA,NA,NA,NA,NA,NA,NA,NA,NA,NA,NA,NA,0.061890992,1,0,0,0,30,0.05983488,0,0,0,0,30,0.059190038,1,1,0,0,30,641.041,517,376.627,10.205,569.411,30.58,32.053,3.41,2.985,2.537,0.486,0.591
2026-03-22T09:21:52+08:00,20260322_092152_883260,D:\CodingHHW\Biplane\experiment\experiment_results.csv,CTChest,orthographic,Current mode: Orthographic,1,0,1,1,1,1,79.61,73.6,85.47,0.04,0.01,0,0.04 mm,0.01 px,0.00 mm,testPoint,TargetP3D,blackCenter2,PointGreen,PointRed,PointGreen,testPoint,30,1,1,0,1,-9.373,95.395,-209.6329956,28.91526193,48.09194778,63.6739584,46.8937227,0,6,10,D:\CodingHHW\Biplane\experiment\transform_snapshots\20260322_092152_883260,LinearTransform,D:\CodingHHW\Biplane\experiment\transform_snapshots\20260322_092152_883260\20260322_092152_883260_1_LinearTransform.h5,1,LinearTransform_1,D:\CodingHHW\Biplane\experiment\transform_snapshots\20260322_092152_883260\20260322_092152_883260_2_LinearTransform_1.h5,1,LinearTransform_2,D:\CodingHHW\Biplane\experiment\transform_snapshots\20260322_092152_883260\20260322_092152_883260_3_LinearTransform_2.h5,1,3,1,1.091678725,1.091678725,3.55E-14,1,1,1.526209172,1.526209172,1.69E-13,1,1,1.221232808,1.221232808,1.07E-13,0,0,NA,NA,NA,NA,NA,NA,NA,NA,NA,NA,NA,NA,NA,NA,NA,NA,NA,NA,0.084958769,1,1,0,0,30,0.053564718,0,0,0,0,30,0.045307864,0,0,0,0,30,605.28,535.213,428.829,9.753,571.486,30.829,32.053,3.38,3.215,2.15,0.734,0.84
2026-03-22T09:22:23+08:00,20260322_092223_128907,D:\CodingHHW\Biplane\experiment\experiment_results.csv,CTChest,orthographic,Current mode: Orthographic,1,0,1,1,1,1,79.61,73.6,85.47,0.04,0.07,0,0.04 mm,0.07 px,0.00 mm,testPoint,TargetP3D,blackCenter2,PointGreen,PointRed,PointGreen,testPoint,30,1,1,0,1,-9.373,95.395,-209.6329956,28.91526193,48.09194778,63.6739584,46.8937227,0,6,10,D:\CodingHHW\Biplane\experiment\transform_snapshots\20260322_092223_128907,LinearTransform,D:\CodingHHW\Biplane\experiment\transform_snapshots\20260322_092223_128907\20260322_092223_128907_1_LinearTransform.h5,1,LinearTransform_1,D:\CodingHHW\Biplane\experiment\transform_snapshots\20260322_092223_128907\20260322_092223_128907_2_LinearTransform_1.h5,1,LinearTransform_2,D:\CodingHHW\Biplane\experiment\transform_snapshots\20260322_092223_128907\20260322_092223_128907_3_LinearTransform_2.h5,1,3,1,1.059407654,1.059407654,1.38E-14,1,1,1.751215155,1.751215155,1.36E-12,1,1,1.279372336,1.279372336,1.40E-12,0,0,NA,NA,NA,NA,NA,NA,NA,NA,NA,NA,NA,NA,NA,NA,NA,NA,NA,NA,0.070190853,0,1,0,0,30,0.059352573,0,0,0,0,30,0.061864489,0,0,0,0,30,566.179,566.721,461.38,9.769,562.822,28.575,32.053,2.688,3.622,2.087,0.554,0.586
2026-03-22T09:23:11+08:00,20260322_092311_710051,D:\CodingHHW\Biplane\experiment\experiment_results.csv,CTChest,orthographic,Current mode: Orthographic,1,0,1,1,1,1,79.61,73.6,85.47,0.03,0.02,0,0.03 mm,0.02 px,0.00 mm,testPoint,TargetP3D,blackCenter2,PointGreen,PointRed,PointGreen,testPoint,30,1,1,0,1,-9.373,95.395,-209.6329956,28.91526193,48.09194778,63.6739584,46.8937227,0,6,10,D:\CodingHHW\Biplane\experiment\transform_snapshots\20260322_092311_710051,LinearTransform,D:\CodingHHW\Biplane\experiment\transform_snapshots\20260322_092311_710051\20260322_092311_710051_1_LinearTransform.h5,1,LinearTransform_1,D:\CodingHHW\Biplane\experiment\transform_snapshots\20260322_092311_710051\20260322_092311_710051_2_LinearTransform_1.h5,1,LinearTransform_2,D:\CodingHHW\Biplane\experiment\transform_snapshots\20260322_092311_710051\20260322_092311_710051_3_LinearTransform_2.h5,1,3,1,1.178821476,1.178821476,4.11E-14,1,1,1.382118341,1.382118341,2.22E-15,0,0,1.23319877,1.23319877,2.96E-13,0,0,NA,NA,NA,NA,NA,NA,NA,NA,NA,NA,NA,NA,NA,NA,NA,NA,NA,NA,0.073154062,0,1,0,0,30,0.038366151,1,1,0,0,30,0.059313768,0,0,0,0,30,581.503,509.746,445.893,9.652,562.938,28.523,32.053,3.099,2.862,2.441,0.594,0.568
2026-03-22T09:23:42+08:00,20260322_092342_360317,D:\CodingHHW\Biplane\experiment\experiment_results.csv,CTChest,orthographic,Current mode: Orthographic,1,0,1,1,1,1,79.61,73.6,85.47,0.05,0.01,0,0.05 mm,0.01 px,0.00 mm,testPoint,TargetP3D,blackCenter2,PointGreen,PointRed,PointGreen,testPoint,30,1,1,0,1,-9.373,95.395,-209.6329956,28.91526193,48.09194778,63.6739584,46.8937227,0,6,10,D:\CodingHHW\Biplane\experiment\transform_snapshots\20260322_092342_360317,LinearTransform,D:\CodingHHW\Biplane\experiment\transform_snapshots\20260322_092342_360317\20260322_092342_360317_1_LinearTransform.h5,1,LinearTransform_1,D:\CodingHHW\Biplane\experiment\transform_snapshots\20260322_092342_360317\20260322_092342_360317_2_LinearTransform_1.h5,1,LinearTransform_2,D:\CodingHHW\Biplane\experiment\transform_snapshots\20260322_092342_360317\20260322_092342_360317_3_LinearTransform_2.h5,1,3,1,1.203998531,1.203998531,3.55E-15,0,0,1.627793262,1.627793262,5.88E-13,1,1,1.133267282,1.133267282,1.84E-14,0,0,NA,NA,NA,NA,NA,NA,NA,NA,NA,NA,NA,NA,NA,NA,NA,NA,NA,NA,0.069039908,1,1,0,0,30,0.06857199,1,0,0,0,30,0.060239387,1,1,0,0,30,564.419,512.128,409.778,9.904,572.221,29.6,32.053,3.23,3,2.181,0.525,0.503
2026-03-22T09:28:23+08:00,20260322_092823_224303,D:\CodingHHW\Biplane\experiment\experiment_results.csv,CTChest,orthographic,Current mode: Orthographic,1,0,1,1,1,1,79.61,73.6,85.47,0.14,0.14,0,0.14 mm,0.14 px,0.00 mm,testPoint,TargetP3D,blackCenter2,PointGreen,PointRed,PointGreen,testPoint,30,1,1,0,1,-85.5215683,58.91109085,-96.64764404,139.8384431,157.7467459,171.9859388,156.5237093,0,6,10,D:\CodingHHW\Biplane\experiment\transform_snapshots\20260322_092823_224303,LinearTransform,D:\CodingHHW\Biplane\experiment\transform_snapshots\20260322_092823_224303\20260322_092823_224303_1_LinearTransform.h5,1,LinearTransform_1,D:\CodingHHW\Biplane\experiment\transform_snapshots\20260322_092823_224303\20260322_092823_224303_2_LinearTransform_1.h5,1,LinearTransform_2,D:\CodingHHW\Biplane\experiment\transform_snapshots\20260322_092823_224303\20260322_092823_224303_3_LinearTransform_2.h5,1,3,1,1.060608262,1.060608262,2.75E-14,0,0,1.307294841,1.307294841,3.29E-14,1,1,1.108363835,1.108363835,5.82E-14,0,0,NA,NA,NA,NA,NA,NA,NA,NA,NA,NA,NA,NA,NA,NA,NA,NA,NA,NA,0.069127719,0,0,0,0,30,0.041948565,1,1,0,0,30,0.055105186,1,0,0,0,30,676.22,523.646,418.567,9.773,569.657,30.122,32.053,3.378,3.056,2.376,0.614,0.575
2026-03-22T09:28:56+08:00,20260322_092856_661443,D:\CodingHHW\Biplane\experiment\experiment_results.csv,CTChest,orthographic,Current mode: Orthographic,1,0,1,1,1,1,79.61,73.6,85.47,0.17,0.11,0,0.17 mm,0.11 px,0.00 mm,testPoint,TargetP3D,blackCenter2,PointGreen,PointRed,PointGreen,testPoint,30,1,1,0,1,-85.5215683,58.91109085,-96.64764404,139.8384431,157.7467459,171.9859388,156.5237093,0,6,10,D:\CodingHHW\Biplane\experiment\transform_snapshots\20260322_092856_661443,LinearTransform,D:\CodingHHW\Biplane\experiment\transform_snapshots\20260322_092856_661443\20260322_092856_661443_1_LinearTransform.h5,1,LinearTransform_1,D:\CodingHHW\Biplane\experiment\transform_snapshots\20260322_092856_661443\20260322_092856_661443_2_LinearTransform_1.h5,1,LinearTransform_2,D:\CodingHHW\Biplane\experiment\transform_snapshots\20260322_092856_661443\20260322_092856_661443_3_LinearTransform_2.h5,1,3,1,1.034724209,1.034724209,3.51E-14,0,0,1.543965078,1.543965078,3.13E-14,1,0,1.165271249,1.165271249,3.29E-14,1,1,NA,NA,NA,NA,NA,NA,NA,NA,NA,NA,NA,NA,NA,NA,NA,NA,NA,NA,0.058687398,0,1,0,0,30,0.04724769,0,0,0,0,30,0.055070627,0,1,0,0,30,567.324,545.045,413.005,10.527,563.943,29.71,32.053,3.211,2.839,2.275,0.615,0.561
2026-03-22T09:29:28+08:00,20260322_092928_599104,D:\CodingHHW\Biplane\experiment\experiment_results.csv,CTChest,orthographic,Current mode: Orthographic,1,0,1,1,1,1,79.61,73.6,85.47,0.11,0.19,0,0.11 mm,0.19 px,0.00 mm,testPoint,TargetP3D,blackCenter2,PointGreen,PointRed,PointGreen,testPoint,30,1,1,0,1,-85.5215683,58.91109085,-96.64764404,139.8384431,157.7467459,171.9859388,156.5237093,0,6,10,D:\CodingHHW\Biplane\experiment\transform_snapshots\20260322_092928_599104,LinearTransform,D:\CodingHHW\Biplane\experiment\transform_snapshots\20260322_092928_599104\20260322_092928_599104_1_LinearTransform.h5,1,LinearTransform_1,D:\CodingHHW\Biplane\experiment\transform_snapshots\20260322_092928_599104\20260322_092928_599104_2_LinearTransform_1.h5,1,LinearTransform_2,D:\CodingHHW\Biplane\experiment\transform_snapshots\20260322_092928_599104\20260322_092928_599104_3_LinearTransform_2.h5,1,3,1,1.559877879,1.559877879,1.13E-13,0,0,1.855926439,1.855926439,0,0,0,1.636970428,1.636970428,3.60E-14,0,0,NA,NA,NA,NA,NA,NA,NA,NA,NA,NA,NA,NA,NA,NA,NA,NA,NA,NA,0.045949914,1,1,0,0,30,0.046346704,1,0,0,0,30,0.065071538,0,0,0,0,30,642.246,608.551,421.945,10.908,571.111,30.565,32.053,3.415,2.975,2.404,0.59,0.545
2026-03-22T09:30:01+08:00,20260322_093001_162532,D:\CodingHHW\Biplane\experiment\experiment_results.csv,CTChest,orthographic,Current mode: Orthographic,1,0,1,1,1,1,79.61,73.6,85.47,0.2,0.29,0,0.20 mm,0.29 px,0.00 mm,testPoint,TargetP3D,blackCenter2,PointGreen,PointRed,PointGreen,testPoint,30,1,1,0,1,-85.5215683,58.91109085,-96.64764404,139.8384431,157.7467459,171.9859388,156.5237093,0,6,10,D:\CodingHHW\Biplane\experiment\transform_snapshots\20260322_093001_162532,LinearTransform,D:\CodingHHW\Biplane\experiment\transform_snapshots\20260322_093001_162532\20260322_093001_162532_1_LinearTransform.h5,1,LinearTransform_1,D:\CodingHHW\Biplane\experiment\transform_snapshots\20260322_093001_162532\20260322_093001_162532_2_LinearTransform_1.h5,1,LinearTransform_2,D:\CodingHHW\Biplane\experiment\transform_snapshots\20260322_093001_162532\20260322_093001_162532_3_LinearTransform_2.h5,1,3,1,1.060178763,1.060178763,5.77E-15,1,1,1.486674608,1.486674608,7.53E-14,0,0,1.190503607,1.190503607,3.33E-14,0,0,NA,NA,NA,NA,NA,NA,NA,NA,NA,NA,NA,NA,NA,NA,NA,NA,NA,NA,0.054152552,0,0,0,0,30,0.053583538,0,1,0,0,30,0.055070627,1,0,0,0,30,579.491,530.023,409.737,9.722,568.229,30.286,32.053,3.313,3.436,2.074,0.752,0.639
2026-03-22T09:30:34+08:00,20260322_093034_998421,D:\CodingHHW\Biplane\experiment\experiment_results.csv,CTChest,orthographic,Current mode: Orthographic,1,0,1,1,1,1,79.61,73.6,85.47,0.05,0.03,0,0.05 mm,0.03 px,0.00 mm,testPoint,TargetP3D,blackCenter2,PointGreen,PointRed,PointGreen,testPoint,30,1,1,0,1,-85.5215683,58.91109085,-96.64764404,139.8384431,157.7467459,171.9859388,156.5237093,0,6,10,D:\CodingHHW\Biplane\experiment\transform_snapshots\20260322_093034_998421,LinearTransform,D:\CodingHHW\Biplane\experiment\transform_snapshots\20260322_093034_998421\20260322_093034_998421_1_LinearTransform.h5,1,LinearTransform_1,D:\CodingHHW\Biplane\experiment\transform_snapshots\20260322_093034_998421\20260322_093034_998421_2_LinearTransform_1.h5,1,LinearTransform_2,D:\CodingHHW\Biplane\experiment\transform_snapshots\20260322_093034_998421\20260322_093034_998421_3_LinearTransform_2.h5,1,3,1,1.165191907,1.165191907,1.15E-14,1,0,1.496746409,1.496746409,6.22E-14,1,1,1.429456364,1.429456364,1.77E-13,0,0,NA,NA,NA,NA,NA,NA,NA,NA,NA,NA,NA,NA,NA,NA,NA,NA,NA,NA,0.050882482,0,1,0,0,30,0.046875013,0,1,0,0,30,0.065208637,1,0,0,0,30,564.598,516.699,429.517,11.453,569.428,30.477,32.053,3.343,3.666,2.095,0.568,0.749
2026-03-22T09:31:06+08:00,20260322_093106_330912,D:\CodingHHW\Biplane\experiment\experiment_results.csv,CTChest,orthographic,Current mode: Orthographic,1,0,1,1,1,1,79.61,73.6,85.47,0.07,0.32,0,0.07 mm,0.32 px,0.00 mm,testPoint,TargetP3D,blackCenter2,PointGreen,PointRed,PointGreen,testPoint,30,1,1,0,1,-85.5215683,58.91109085,-96.64764404,139.8384431,157.7467459,171.9859388,156.5237093,0,6,10,D:\CodingHHW\Biplane\experiment\transform_snapshots\20260322_093106_330912,LinearTransform,D:\CodingHHW\Biplane\experiment\transform_snapshots\20260322_093106_330912\20260322_093106_330912_1_LinearTransform.h5,1,LinearTransform_1,D:\CodingHHW\Biplane\experiment\transform_snapshots\20260322_093106_330912\20260322_093106_330912_2_LinearTransform_1.h5,1,LinearTransform_2,D:\CodingHHW\Biplane\experiment\transform_snapshots\20260322_093106_330912\20260322_093106_330912_3_LinearTransform_2.h5,1,3,1,1.134011838,1.134011838,5.86E-14,1,0,1.279080249,1.279080249,5.64E-14,0,0,1.184896269,1.184896269,7.31E-13,1,1,NA,NA,NA,NA,NA,NA,NA,NA,NA,NA,NA,NA,NA,NA,NA,NA,NA,NA,0.050037022,0,0,0,0,30,0.049605685,0,0,0,0,30,0.068341999,0,0,0,0,30,562.059,516.426,398.128,10.455,564.832,29.771,32.053,3.248,3.013,1.961,0.591,0.484
2026-03-22T09:31:35+08:00,20260322_093135_522623,D:\CodingHHW\Biplane\experiment\experiment_results.csv,CTChest,orthographic,Current mode: Orthographic,1,0,1,1,1,1,79.61,73.6,85.47,0.02,0.13,0,0.02 mm,0.13 px,0.00 mm,testPoint,TargetP3D,blackCenter2,PointGreen,PointRed,PointGreen,testPoint,30,1,1,0,1,-85.5215683,58.91109085,-96.64764404,139.8384431,157.7467459,171.9859388,156.5237093,0,6,10,D:\CodingHHW\Biplane\experiment\transform_snapshots\20260322_093135_522623,LinearTransform,D:\CodingHHW\Biplane\experiment\transform_snapshots\20260322_093135_522623\20260322_093135_522623_1_LinearTransform.h5,1,LinearTransform_1,D:\CodingHHW\Biplane\experiment\transform_snapshots\20260322_093135_522623\20260322_093135_522623_2_LinearTransform_1.h5,1,LinearTransform_2,D:\CodingHHW\Biplane\experiment\transform_snapshots\20260322_093135_522623\20260322_093135_522623_3_LinearTransform_2.h5,1,3,1,1.162532054,1.162532054,1.60E-14,1,1,1.37920104,1.37920104,8.88E-16,1,1,1.596837291,1.596837291,1.12E-13,0,0,NA,NA,NA,NA,NA,NA,NA,NA,NA,NA,NA,NA,NA,NA,NA,NA,NA,NA,0.066209512,1,0,0,0,30,0.070396001,1,1,0,0,30,0.053507455,0,1,0,0,30,659.85,580.76,387.427,9.599,568.197,30.003,32.053,2.931,3.141,2.064,0.515,0.52
2026-03-22T09:32:42+08:00,20260322_093242_462224,D:\CodingHHW\Biplane\experiment\experiment_results.csv,CTChest,perspective,Current mode: Perspective,1,1,0,1,1,1,79.61,73.6,85.47,0.17,0.12,0,0.17 mm,0.12 px,0.00 mm,testPoint,TargetP3D,blackCenter2,PointGreen,PointRed,PointGreen,testPoint,30,0,1,0,1,-85.5215683,58.91109085,-96.64764404,139.8384431,157.7467459,171.9859388,156.5237093,0,6,10,D:\CodingHHW\Biplane\experiment\transform_snapshots\20260322_093242_462224,LinearTransform,D:\CodingHHW\Biplane\experiment\transform_snapshots\20260322_093242_462224\20260322_093242_462224_1_LinearTransform.h5,1,LinearTransform_1,D:\CodingHHW\Biplane\experiment\transform_snapshots\20260322_093242_462224\20260322_093242_462224_2_LinearTransform_1.h5,1,LinearTransform_2,D:\CodingHHW\Biplane\experiment\transform_snapshots\20260322_093242_462224\20260322_093242_462224_3_LinearTransform_2.h5,1,3,1,0.05319703,0.05319703,1.47E-14,0,0,0.051163278,0.051163278,6.05E-14,0,0,0.064060911,0.064060911,1.56E-12,1,1,0.052801554,0,0,0,0,30,0.048446059,1,1,0,0,30,0.058906273,1,1,0,0,30,NA,NA,NA,NA,NA,NA,NA,NA,NA,NA,NA,NA,NA,NA,NA,NA,NA,NA,585.641,531.856,438.364,10.027,593.877,56.637,29.684,2.931,3.143,2.219,0.562,0.582
2026-03-22T09:33:26+08:00,20260322_093326_741877,D:\CodingHHW\Biplane\experiment\experiment_results.csv,CTChest,perspective,Current mode: Perspective,1,1,0,1,1,1,79.61,73.6,85.47,0.08,0.1,0,0.08 mm,0.10 px,0.00 mm,testPoint,TargetP3D,blackCenter2,PointGreen,PointRed,PointGreen,testPoint,30,0,1,0,1,-85.5215683,58.91109085,-96.64764404,139.8384431,157.7467459,171.9859388,156.5237093,0,6,10,D:\CodingHHW\Biplane\experiment\transform_snapshots\20260322_093326_741877,LinearTransform,D:\CodingHHW\Biplane\experiment\transform_snapshots\20260322_093326_741877\20260322_093326_741877_1_LinearTransform.h5,1,LinearTransform_1,D:\CodingHHW\Biplane\experiment\transform_snapshots\20260322_093326_741877\20260322_093326_741877_2_LinearTransform_1.h5,1,LinearTransform_2,D:\CodingHHW\Biplane\experiment\transform_snapshots\20260322_093326_741877\20260322_093326_741877_3_LinearTransform_2.h5,1,3,1,0.051830717,0.051830717,8.90E-13,1,1,0.072473405,0.072473405,1.92E-14,0,0,0.047364303,0.047364303,7.46E-13,1,1,0.048500141,1,0,0,0,30,0.069788174,1,0,0,0,30,0.046566512,1,1,0,0,30,NA,NA,NA,NA,NA,NA,NA,NA,NA,NA,NA,NA,NA,NA,NA,NA,NA,NA,509.258,505.451,392.805,9.737,597.84,58.686,31.745,2.931,3.134,2.076,0.623,0.503
2026-03-22T09:34:49+08:00,20260322_093449_422455,D:\CodingHHW\Biplane\experiment\experiment_results.csv,CTChest,perspective,Current mode: Perspective,1,1,0,1,1,1,79.61,73.6,85.47,0.11,0.01,0,0.11 mm,0.01 px,0.00 mm,testPoint,TargetP3D,blackCenter2,PointGreen,PointRed,PointGreen,testPoint,30,0,1,0,1,-85.522,58.911,-96.64764404,139.8387052,157.7470463,171.9861965,156.5239826,0,6,10,D:\CodingHHW\Biplane\experiment\transform_snapshots\20260322_093449_422455,LinearTransform,D:\CodingHHW\Biplane\experiment\transform_snapshots\20260322_093449_422455\20260322_093449_422455_1_LinearTransform.h5,1,LinearTransform_1,D:\CodingHHW\Biplane\experiment\transform_snapshots\20260322_093449_422455\20260322_093449_422455_2_LinearTransform_1.h5,1,LinearTransform_2,D:\CodingHHW\Biplane\experiment\transform_snapshots\20260322_093449_422455\20260322_093449_422455_3_LinearTransform_2.h5,1,3,1,0.058607667,0.058607667,1.29E-14,0,0,0.082095122,0.082095122,1.90E-14,0,0,0.083943222,0.083943222,3.62E-12,0,0,0.058329374,0,1,0,0,30,0.081947605,0,1,0,0,30,0.083434293,0,0,0,0,30,NA,NA,NA,NA,NA,NA,NA,NA,NA,NA,NA,NA,NA,NA,NA,NA,NA,NA,585.977,497.58,439.818,9.843,595.54,58.529,30.512,2.931,3.55,2.187,0.554,0.576
2026-03-22T09:35:30+08:00,20260322_093530_676248,D:\CodingHHW\Biplane\experiment\experiment_results.csv,CTChest,perspective,Current mode: Perspective,1,1,0,1,1,1,79.61,73.6,85.47,0.11,0,0,0.11 mm,0.00 px,0.00 mm,testPoint,TargetP3D,blackCenter2,PointGreen,PointRed,PointGreen,testPoint,30,0,1,1,1,-85.522,58.911,-96.64764404,139.8387052,157.7470463,171.9861965,156.5239826,0,6,10,D:\CodingHHW\Biplane\experiment\transform_snapshots\20260322_093530_676248,LinearTransform,D:\CodingHHW\Biplane\experiment\transform_snapshots\20260322_093530_676248\20260322_093530_676248_1_LinearTransform.h5,1,LinearTransform_1,D:\CodingHHW\Biplane\experiment\transform_snapshots\20260322_093530_676248\20260322_093530_676248_2_LinearTransform_1.h5,1,LinearTransform_2,D:\CodingHHW\Biplane\experiment\transform_snapshots\20260322_093530_676248\20260322_093530_676248_3_LinearTransform_2.h5,1,3,1,0.083478183,0.083478183,2.21E-14,1,1,0.071921943,0.071921943,6.45E-13,1,1,0.083516143,0.083516143,2.27E-13,1,1,0.081130317,0,0,0,0,30,0.069481854,1,1,0,0,30,0.07234183,1,0,0,0,30,NA,NA,NA,NA,NA,NA,NA,NA,NA,NA,NA,NA,NA,NA,NA,NA,NA,NA,538.109,528.936,395.935,9.742,591.387,57.957,30.479,2.931,3.568,2.187,0.474,0.491
2026-03-22T09:36:01+08:00,20260322_093601_812903,D:\CodingHHW\Biplane\experiment\experiment_results.csv,CTChest,perspective,Current mode: Perspective,1,1,0,1,1,1,79.61,73.6,85.47,0.13,0.08,0,0.13 mm,0.08 px,0.00 mm,testPoint,TargetP3D,blackCenter2,PointGreen,PointRed,PointGreen,testPoint,30,0,1,0,1,-85.522,58.911,-96.64764404,139.8387052,157.7470463,171.9861965,156.5239826,0,6,10,D:\CodingHHW\Biplane\experiment\transform_snapshots\20260322_093601_812903,LinearTransform,D:\CodingHHW\Biplane\experiment\transform_snapshots\20260322_093601_812903\20260322_093601_812903_1_LinearTransform.h5,1,LinearTransform_1,D:\CodingHHW\Biplane\experiment\transform_snapshots\20260322_093601_812903\20260322_093601_812903_2_LinearTransform_1.h5,1,LinearTransform_2,D:\CodingHHW\Biplane\experiment\transform_snapshots\20260322_093601_812903\20260322_093601_812903_3_LinearTransform_2.h5,1,3,1,0.0589952,0.0589952,2.44E-15,0,0,0.077476752,0.077476752,4.13E-14,0,0,0.079292574,0.079292574,3.89E-14,1,1,0.058978373,0,1,0,0,30,0.072750895,0,0,0,0,30,0.078763741,1,0,0,0,30,NA,NA,NA,NA,NA,NA,NA,NA,NA,NA,NA,NA,NA,NA,NA,NA,NA,NA,448.839,509.934,419.043,9.616,592.288,56.218,29.369,2.931,2.963,2.367,0.816,0.606
2026-03-22T09:36:55+08:00,20260322_093655_392696,D:\CodingHHW\Biplane\experiment\experiment_results.csv,CTChest,perspective,Current mode: Perspective,1,1,0,1,1,1,79.61,73.6,85.47,0.15,0.39,0,0.15 mm,0.39 px,0.00 mm,testPoint,TargetP3D,blackCenter2,PointGreen,PointRed,PointGreen,testPoint,30,0,1,0,1,-85.522,58.911,-96.64764404,139.8387052,157.7470463,171.9861965,156.5239826,0,6,10,D:\CodingHHW\Biplane\experiment\transform_snapshots\20260322_093655_392696,LinearTransform,D:\CodingHHW\Biplane\experiment\transform_snapshots\20260322_093655_392696\20260322_093655_392696_1_LinearTransform.h5,1,LinearTransform_1,D:\CodingHHW\Biplane\experiment\transform_snapshots\20260322_093655_392696\20260322_093655_392696_2_LinearTransform_1.h5,1,LinearTransform_2,D:\CodingHHW\Biplane\experiment\transform_snapshots\20260322_093655_392696\20260322_093655_392696_3_LinearTransform_2.h5,1,3,1,0.056198968,0.056198968,1.93E-14,1,1,0.080016256,0.080016256,1.01E-12,1,1,0.063596841,0.063596841,2.33E-13,0,0,0.055722155,0,1,0,0,30,0.074653816,1,0,0,0,30,0.063324569,1,0,0,0,30,NA,NA,NA,NA,NA,NA,NA,NA,NA,NA,NA,NA,NA,NA,NA,NA,NA,NA,498.505,506.134,428.047,9.812,592.11,56.325,29.264,2.931,2.984,2.373,0.944,0.501
2026-03-22T09:40:18+08:00,20260322_094018_841920,D:\CodingHHW\Biplane\experiment\experiment_results.csv,CTChest,perspective,Current mode: Perspective,1,1,0,1,1,1,46.99,43.1,67.87,0.09,0.01,0,0.09 mm,0.01 px,0.00 mm,testPoint,TargetP3D,blackCenter2,PointGreen,PointRed,PointGreen,testPoint,30,0,1,0,1,-85.522,58.911,-96.64764404,139.8387052,152.6503681,166.9404494,153.1431742,0,6,10,D:\CodingHHW\Biplane\experiment\transform_snapshots\20260322_094018_841920,LinearTransform,D:\CodingHHW\Biplane\experiment\transform_snapshots\20260322_094018_841920\20260322_094018_841920_1_LinearTransform.h5,1,LinearTransform_1,D:\CodingHHW\Biplane\experiment\transform_snapshots\20260322_094018_841920\20260322_094018_841920_2_LinearTransform_1.h5,1,LinearTransform_2,D:\CodingHHW\Biplane\experiment\transform_snapshots\20260322_094018_841920\20260322_094018_841920_3_LinearTransform_2.h5,1,3,1,0.060815282,0.060815282,1.48E-12,0,0,0.076236554,0.076236554,1.23E-14,0,0,0.071539682,0.071539682,8.02E-14,1,1,0.059576619,1,1,0,0,30,0.0756958,1,1,0,0,30,0.071310534,1,1,0,0,30,NA,NA,NA,NA,NA,NA,NA,NA,NA,NA,NA,NA,NA,NA,NA,NA,NA,NA,511.887,538.362,438.624,10.291,597.176,57.407,30.004,2.931,3.068,1.65,0.588,0.7
2026-03-22T09:40:56+08:00,20260322_094056_769752,D:\CodingHHW\Biplane\experiment\experiment_results.csv,CTChest,perspective,Current mode: Perspective,1,1,0,1,1,1,46.99,43.1,67.87,0.15,0.13,0,0.15 mm,0.13 px,0.00 mm,testPoint,TargetP3D,blackCenter2,PointGreen,PointRed,PointGreen,testPoint,30,0,1,0,1,-85.522,58.911,-96.64764404,139.8387052,152.6503681,166.9404494,153.1431742,0,6,10,D:\CodingHHW\Biplane\experiment\transform_snapshots\20260322_094056_769752,LinearTransform,D:\CodingHHW\Biplane\experiment\transform_snapshots\20260322_094056_769752\20260322_094056_769752_1_LinearTransform.h5,1,LinearTransform_1,D:\CodingHHW\Biplane\experiment\transform_snapshots\20260322_094056_769752\20260322_094056_769752_2_LinearTransform_1.h5,1,LinearTransform_2,D:\CodingHHW\Biplane\experiment\transform_snapshots\20260322_094056_769752\20260322_094056_769752_3_LinearTransform_2.h5,1,3,1,0.097187093,0.097187093,7.76E-15,0,0,0.076381511,0.076381511,1.44E-13,1,1,0.077035561,0.077035561,3.48E-13,1,1,0.094248218,0,1,0,0,30,0.068761604,1,1,0,0,30,0.076190618,0,1,0,0,30,NA,NA,NA,NA,NA,NA,NA,NA,NA,NA,NA,NA,NA,NA,NA,NA,NA,NA,460.906,471.061,434.999,10.587,593.987,57.266,29.532,2.931,2.954,2.026,0.5,0.49
2026-03-22T09:41:41+08:00,20260322_094141_088752,D:\CodingHHW\Biplane\experiment\experiment_results.csv,CTChest,perspective,Current mode: Perspective,1,1,0,1,1,1,46.99,43.1,67.87,0.15,0.22,0,0.15 mm,0.22 px,0.00 mm,testPoint,TargetP3D,blackCenter2,PointGreen,PointRed,PointGreen,testPoint,30,0,1,0,1,-85.522,58.911,-96.64764404,139.8387052,152.6503681,166.9404494,153.1431742,0,6,10,D:\CodingHHW\Biplane\experiment\transform_snapshots\20260322_094141_088752,LinearTransform,D:\CodingHHW\Biplane\experiment\transform_snapshots\20260322_094141_088752\20260322_094141_088752_1_LinearTransform.h5,1,LinearTransform_1,D:\CodingHHW\Biplane\experiment\transform_snapshots\20260322_094141_088752\20260322_094141_088752_2_LinearTransform_1.h5,1,LinearTransform_2,D:\CodingHHW\Biplane\experiment\transform_snapshots\20260322_094141_088752\20260322_094141_088752_3_LinearTransform_2.h5,1,3,1,0.04552071,0.04552071,6.60E-13,0,0,0.058568692,0.058568692,6.58E-13,0,0,0.10455659,0.10455659,2.04E-14,1,1,0.040564141,1,1,0,0,30,0.056888372,1,1,0,0,30,0.103496504,1,1,0,0,30,NA,NA,NA,NA,NA,NA,NA,NA,NA,NA,NA,NA,NA,NA,NA,NA,NA,NA,565.99,541.621,404.956,9.915,588.108,54.369,28.079,2.931,2.987,2.05,0.493,0.571
2026-03-22T09:42:17+08:00,20260322_094217_073572,D:\CodingHHW\Biplane\experiment\experiment_results.csv,CTChest,perspective,Current mode: Perspective,1,1,0,1,1,1,46.99,43.1,67.87,0.18,0.19,0,0.18 mm,0.19 px,0.00 mm,testPoint,TargetP3D,blackCenter2,PointGreen,PointRed,PointGreen,testPoint,30,0,1,0,1,-85.522,58.911,-96.64764404,139.8387052,152.6503681,166.9404494,153.1431742,0,6,10,D:\CodingHHW\Biplane\experiment\transform_snapshots\20260322_094217_073572,LinearTransform,D:\CodingHHW\Biplane\experiment\transform_snapshots\20260322_094217_073572\20260322_094217_073572_1_LinearTransform.h5,1,LinearTransform_1,D:\CodingHHW\Biplane\experiment\transform_snapshots\20260322_094217_073572\20260322_094217_073572_2_LinearTransform_1.h5,1,LinearTransform_2,D:\CodingHHW\Biplane\experiment\transform_snapshots\20260322_094217_073572\20260322_094217_073572_3_LinearTransform_2.h5,1,3,1,0.098488419,0.098488419,1.32E-14,0,0,0.04861417,0.04861417,3.62E-14,1,1,0.094190132,0.094190132,3.65E-14,0,0,0.082904804,1,0,0,0,30,0.047098502,1,1,0,0,30,0.093492201,0,0,0,0,30,NA,NA,NA,NA,NA,NA,NA,NA,NA,NA,NA,NA,NA,NA,NA,NA,NA,NA,442.182,535.643,426.524,9.981,588.621,57.121,28.757,2.931,2.994,2.164,0.542,0.519
2026-03-22T09:42:51+08:00,20260322_094251_155210,D:\CodingHHW\Biplane\experiment\experiment_results.csv,CTChest,perspective,Current mode: Perspective,1,1,0,1,1,1,46.99,43.1,67.87,0.05,0.08,0,0.05 mm,0.08 px,0.00 mm,testPoint,TargetP3D,blackCenter2,PointGreen,PointRed,PointGreen,testPoint,30,0,1,0,1,-85.522,58.911,-96.64764404,139.8387052,152.6503681,166.9404494,153.1431742,0,6,10,D:\CodingHHW\Biplane\experiment\transform_snapshots\20260322_094251_155210,LinearTransform,D:\CodingHHW\Biplane\experiment\transform_snapshots\20260322_094251_155210\20260322_094251_155210_1_LinearTransform.h5,1,LinearTransform_1,D:\CodingHHW\Biplane\experiment\transform_snapshots\20260322_094251_155210\20260322_094251_155210_2_LinearTransform_1.h5,1,LinearTransform_2,D:\CodingHHW\Biplane\experiment\transform_snapshots\20260322_094251_155210\20260322_094251_155210_3_LinearTransform_2.h5,1,3,1,0.065301401,0.065301401,4.16E-12,1,1,0.070410476,0.070410476,3.92E-14,0,0,0.054006851,0.054006851,2.45E-13,0,0,0.063275389,1,1,0,0,30,0.067914511,1,1,0,0,30,0.053729123,0,0,0,0,30,NA,NA,NA,NA,NA,NA,NA,NA,NA,NA,NA,NA,NA,NA,NA,NA,NA,NA,448.333,527.347,457.458,9.939,597.605,58.093,29.949,2.931,3.249,2.259,0.635,0.678
2026-03-22T09:43:25+08:00,20260322_094325_726152,D:\CodingHHW\Biplane\experiment\experiment_results.csv,CTChest,perspective,Current mode: Perspective,1,1,0,1,1,1,46.99,43.1,67.87,0.21,0.52,0,0.21 mm,0.52 px,0.00 mm,testPoint,TargetP3D,blackCenter2,PointGreen,PointRed,PointGreen,testPoint,30,0,1,0,1,-85.522,58.911,-96.64764404,139.8387052,152.6503681,166.9404494,153.1431742,0,6,10,D:\CodingHHW\Biplane\experiment\transform_snapshots\20260322_094325_726152,LinearTransform,D:\CodingHHW\Biplane\experiment\transform_snapshots\20260322_094325_726152\20260322_094325_726152_1_LinearTransform.h5,1,LinearTransform_1,D:\CodingHHW\Biplane\experiment\transform_snapshots\20260322_094325_726152\20260322_094325_726152_2_LinearTransform_1.h5,1,LinearTransform_2,D:\CodingHHW\Biplane\experiment\transform_snapshots\20260322_094325_726152\20260322_094325_726152_3_LinearTransform_2.h5,1,3,1,0.069019932,0.069019932,3.14E-14,1,1,0.049759183,0.049759183,1.65E-14,0,0,0.056307426,0.056307426,1.84E-14,0,0,0.064967134,1,1,0,0,30,0.048013708,0,1,0,0,30,0.055801496,0,0,0,0,30,NA,NA,NA,NA,NA,NA,NA,NA,NA,NA,NA,NA,NA,NA,NA,NA,NA,NA,482.998,540.356,371.877,9.589,591.942,56.455,29.259,2.931,2.986,2.141,0.505,0.501
2026-03-22T09:45:04+08:00,20260322_094504_740088,D:\CodingHHW\Biplane\experiment\experiment_results.csv,CTChest,orthographic,Current mode: Orthographic,1,0,1,1,1,1,46.99,43.1,67.87,0.07,0.03,0,0.07 mm,0.03 px,0.00 mm,testPoint,TargetP3D,blackCenter2,PointGreen,PointRed,PointGreen,testPoint,30,1,1,0,1,-85.522,58.911,-96.64764404,139.8387052,152.6503681,166.9404494,153.1431742,0,6,10,D:\CodingHHW\Biplane\experiment\transform_snapshots\20260322_094504_740088,LinearTransform,D:\CodingHHW\Biplane\experiment\transform_snapshots\20260322_094504_740088\20260322_094504_740088_1_LinearTransform.h5,1,LinearTransform_1,D:\CodingHHW\Biplane\experiment\transform_snapshots\20260322_094504_740088\20260322_094504_740088_2_LinearTransform_1.h5,1,LinearTransform_2,D:\CodingHHW\Biplane\experiment\transform_snapshots\20260322_094504_740088\20260322_094504_740088_3_LinearTransform_2.h5,1,3,1,1.159435269,1.159435269,8.44E-15,0,0,1.484497548,1.484497548,2.95E-14,0,0,1.170390553,1.170390553,1.27E-13,0,0,NA,NA,NA,NA,NA,NA,NA,NA,NA,NA,NA,NA,NA,NA,NA,NA,NA,NA,0.076459482,0,1,0,0,30,0.057607541,0,0,0,0,30,0.051934456,1,1,0,0,30,564.155,654.697,475.469,9.986,565.81,29.594,29.259,2.951,1.771,2.404,0.513,0.696
2026-03-22T09:45:50+08:00,20260322_094550_134727,D:\CodingHHW\Biplane\experiment\experiment_results.csv,CTChest,orthographic,Current mode: Orthographic,1,0,1,1,1,1,46.99,43.1,67.87,0.03,0.06,0,0.03 mm,0.06 px,0.00 mm,testPoint,TargetP3D,blackCenter2,PointGreen,PointRed,PointGreen,testPoint,30,1,1,0,1,-85.522,58.911,-96.64764404,139.8387052,152.6503681,166.9404494,153.1431742,0,6,10,D:\CodingHHW\Biplane\experiment\transform_snapshots\20260322_094550_134727,LinearTransform,D:\CodingHHW\Biplane\experiment\transform_snapshots\20260322_094550_134727\20260322_094550_134727_1_LinearTransform.h5,1,LinearTransform_1,D:\CodingHHW\Biplane\experiment\transform_snapshots\20260322_094550_134727\20260322_094550_134727_2_LinearTransform_1.h5,1,LinearTransform_2,D:\CodingHHW\Biplane\experiment\transform_snapshots\20260322_094550_134727\20260322_094550_134727_3_LinearTransform_2.h5,1,3,1,1.144398374,1.144398374,2.64E-14,0,0,1.365569532,1.365569532,4.78E-13,1,1,1.231603337,1.231603337,1.02E-14,1,1,NA,NA,NA,NA,NA,NA,NA,NA,NA,NA,NA,NA,NA,NA,NA,NA,NA,NA,0.051815321,0,1,0,0,30,0.067548897,1,0,0,0,30,0.032079875,1,1,0,0,30,650.771,594.228,446.158,9.728,557.484,30.847,29.259,2.732,1.944,2.125,0.478,0.705
2026-03-22T09:46:19+08:00,20260322_094619_079314,D:\CodingHHW\Biplane\experiment\experiment_results.csv,CTChest,orthographic,Current mode: Orthographic,1,0,1,1,1,1,46.99,43.1,67.87,0.09,0.3,0,0.09 mm,0.30 px,0.00 mm,testPoint,TargetP3D,blackCenter2,PointGreen,PointRed,PointGreen,testPoint,30,1,1,0,1,-85.522,58.911,-96.64764404,139.8387052,152.6503681,166.9404494,153.1431742,0,6,10,D:\CodingHHW\Biplane\experiment\transform_snapshots\20260322_094619_079314,LinearTransform,D:\CodingHHW\Biplane\experiment\transform_snapshots\20260322_094619_079314\20260322_094619_079314_1_LinearTransform.h5,1,LinearTransform_1,D:\CodingHHW\Biplane\experiment\transform_snapshots\20260322_094619_079314\20260322_094619_079314_2_LinearTransform_1.h5,1,LinearTransform_2,D:\CodingHHW\Biplane\experiment\transform_snapshots\20260322_094619_079314\20260322_094619_079314_3_LinearTransform_2.h5,1,3,1,1.197237871,1.197237871,8.44E-15,1,1,1.271898341,1.271898341,2.64E-14,1,1,1.193439428,1.193439428,2.26E-13,1,1,NA,NA,NA,NA,NA,NA,NA,NA,NA,NA,NA,NA,NA,NA,NA,NA,NA,NA,0.036523228,0,1,0,0,30,0.061160664,0,0,0,0,30,0.06305335,1,1,0,0,30,614.746,563.815,493.618,9.731,568.389,29.605,29.259,3.394,3.104,2.251,0.562,0.649
2026-03-22T09:47:11+08:00,20260322_094711_843821,D:\CodingHHW\Biplane\experiment\experiment_results.csv,CTChest,orthographic,Current mode: Orthographic,1,0,1,1,1,1,46.99,43.1,67.87,0.14,0.08,0,0.14 mm,0.08 px,0.00 mm,testPoint,TargetP3D,blackCenter2,PointGreen,PointRed,PointGreen,testPoint,30,1,1,0,1,-85.522,58.911,-96.64764404,139.8387052,152.6503681,166.9404494,153.1431742,0,6,10,D:\CodingHHW\Biplane\experiment\transform_snapshots\20260322_094711_843821,LinearTransform,D:\CodingHHW\Biplane\experiment\transform_snapshots\20260322_094711_843821\20260322_094711_843821_1_LinearTransform.h5,1,LinearTransform_1,D:\CodingHHW\Biplane\experiment\transform_snapshots\20260322_094711_843821\20260322_094711_843821_2_LinearTransform_1.h5,1,LinearTransform_2,D:\CodingHHW\Biplane\experiment\transform_snapshots\20260322_094711_843821\20260322_094711_843821_3_LinearTransform_2.h5,1,3,1,1.137685637,1.137685637,1.11E-14,1,1,1.237931001,1.237931001,4.40E-14,1,1,1.149125383,1.149125383,1.42E-14,1,1,NA,NA,NA,NA,NA,NA,NA,NA,NA,NA,NA,NA,NA,NA,NA,NA,NA,NA,0.053809117,1,0,0,0,30,0.069155597,1,0,0,0,30,0.037349298,1,0,0,0,30,579.555,557.42,508.755,10.568,568.968,30.508,29.259,3.101,3.427,2.287,0.52,0.497
2026-03-22T09:48:05+08:00,20260322_094805_142109,D:\CodingHHW\Biplane\experiment\experiment_results.csv,CTChest,orthographic,Current mode: Orthographic,1,0,1,1,1,1,46.99,43.1,67.87,0.05,0.13,0,0.05 mm,0.13 px,0.00 mm,testPoint,TargetP3D,blackCenter2,PointGreen,PointRed,PointGreen,testPoint,30,1,1,0,1,-85.522,58.911,-96.64764404,139.8387052,152.6503681,166.9404494,153.1431742,0,6,10,D:\CodingHHW\Biplane\experiment\transform_snapshots\20260322_094805_142109,LinearTransform,D:\CodingHHW\Biplane\experiment\transform_snapshots\20260322_094805_142109\20260322_094805_142109_1_LinearTransform.h5,1,LinearTransform_1,D:\CodingHHW\Biplane\experiment\transform_snapshots\20260322_094805_142109\20260322_094805_142109_2_LinearTransform_1.h5,1,LinearTransform_2,D:\CodingHHW\Biplane\experiment\transform_snapshots\20260322_094805_142109\20260322_094805_142109_3_LinearTransform_2.h5,1,3,1,1.148809864,1.148809864,1.69E-14,0,0,1.390247248,1.390247248,9.55E-15,1,1,1.147665933,1.147665933,4.00E-13,0,0,NA,NA,NA,NA,NA,NA,NA,NA,NA,NA,NA,NA,NA,NA,NA,NA,NA,NA,0.06668462,1,0,0,0,30,0.061783252,1,1,0,0,30,0.058616024,0,1,0,0,30,662.902,568.76,469.812,9.772,567.884,29.86,29.259,3.201,3.839,2.267,0.527,0.66
2026-03-22T09:48:47+08:00,20260322_094847_063769,D:\CodingHHW\Biplane\experiment\experiment_results.csv,CTChest,orthographic,Current mode: Orthographic,1,0,1,1,1,1,46.99,43.1,67.87,0.15,0.13,0,0.15 mm,0.13 px,0.00 mm,testPoint,TargetP3D,blackCenter2,PointGreen,PointRed,PointGreen,testPoint,30,1,1,0,1,-85.522,58.911,-96.64764404,139.8387052,152.6503681,166.9404494,153.1431742,0,6,10,D:\CodingHHW\Biplane\experiment\transform_snapshots\20260322_094847_063769,LinearTransform,D:\CodingHHW\Biplane\experiment\transform_snapshots\20260322_094847_063769\20260322_094847_063769_1_LinearTransform.h5,1,LinearTransform_1,D:\CodingHHW\Biplane\experiment\transform_snapshots\20260322_094847_063769\20260322_094847_063769_2_LinearTransform_1.h5,1,LinearTransform_2,D:\CodingHHW\Biplane\experiment\transform_snapshots\20260322_094847_063769\20260322_094847_063769_3_LinearTransform_2.h5,1,3,1,0.983208597,0.983208597,4.14E-14,1,1,1.093099679,1.093099679,2.40E-14,0,0,0.917897154,0.917897154,9.14E-14,0,0,NA,NA,NA,NA,NA,NA,NA,NA,NA,NA,NA,NA,NA,NA,NA,NA,NA,NA,0.088852021,0,1,0,0,30,0.081016441,0,1,0,0,30,0.05747903,1,1,0,0,30,601.837,505.488,405.429,9.982,571.977,30.815,29.259,3.063,1.688,2.034,0.515,0.467
2026-03-22T09:53:44+08:00,20260322_095344_884416,D:\CodingHHW\Biplane\experiment\experiment_results.csv,CTChest,orthographic,Current mode: Orthographic,1,0,1,1,1,1,16.17,0.4,15.89,0.44,0.01,0,0.44 mm,0.01 px,0.00 mm,testPoint,TargetP3D,blackCenter2,PointGreen,PointRed,PointGreen,testPoint,30,1,1,0,1,-85.522,58.911,-96.64764404,139.8387052,148.5377184,160.4695546,149.6153261,0,6,10,D:\CodingHHW\Biplane\experiment\transform_snapshots\20260322_095344_884416,LinearTransform,D:\CodingHHW\Biplane\experiment\transform_snapshots\20260322_095344_884416\20260322_095344_884416_1_LinearTransform.h5,1,LinearTransform_1,D:\CodingHHW\Biplane\experiment\transform_snapshots\20260322_095344_884416\20260322_095344_884416_2_LinearTransform_1.h5,1,LinearTransform_2,D:\CodingHHW\Biplane\experiment\transform_snapshots\20260322_095344_884416\20260322_095344_884416_3_LinearTransform_2.h5,1,3,1,0.793428671,0.793428671,4.41E-14,1,1,0.938774203,0.938774203,2.07E-14,0,1,0.840261169,0.840261169,2.89E-13,1,0,NA,NA,NA,NA,NA,NA,NA,NA,NA,NA,NA,NA,NA,NA,NA,NA,NA,NA,0.050317905,0,1,0,0,30,0.047284777,1,0,0,0,30,0.059204838,0,0,0,0,30,566.463,485.503,691.26,9.912,552.006,28.94,29.259,2.813,2.938,2.049,0.677,0.479
2026-03-22T09:54:09+08:00,20260322_095409_438903,D:\CodingHHW\Biplane\experiment\experiment_results.csv,CTChest,orthographic,Current mode: Orthographic,1,0,1,1,1,1,16.17,0.4,15.89,0.5,0,0,0.50 mm,0.00 px,0.00 mm,testPoint,TargetP3D,blackCenter2,PointGreen,PointRed,PointGreen,testPoint,30,1,1,0,1,-85.522,58.911,-96.64764404,139.8387052,148.5377184,160.4695546,149.6153261,0,6,10,D:\CodingHHW\Biplane\experiment\transform_snapshots\20260322_095409_438903,LinearTransform,D:\CodingHHW\Biplane\experiment\transform_snapshots\20260322_095409_438903\20260322_095409_438903_1_LinearTransform.h5,1,LinearTransform_1,D:\CodingHHW\Biplane\experiment\transform_snapshots\20260322_095409_438903\20260322_095409_438903_2_LinearTransform_1.h5,1,LinearTransform_2,D:\CodingHHW\Biplane\experiment\transform_snapshots\20260322_095409_438903\20260322_095409_438903_3_LinearTransform_2.h5,1,3,1,0.864650355,0.864650355,8.99E-15,0,0,0.877967546,0.877967546,2.01E-14,1,1,0.840261169,0.840261169,2.89E-13,1,0,NA,NA,NA,NA,NA,NA,NA,NA,NA,NA,NA,NA,NA,NA,NA,NA,NA,NA,0.062036966,1,0,0,0,30,0.045335814,1,0,0,0,30,0.059204838,0,0,0,0,30,727.269,462.323,685.246,9.777,555.283,29.72,29.259,3.121,3.166,1.999,0.641,0.483
2026-03-22T09:54:35+08:00,20260322_095435_115473,D:\CodingHHW\Biplane\experiment\experiment_results.csv,CTChest,orthographic,Current mode: Orthographic,1,0,1,1,1,1,16.17,0.4,15.89,0.27,0.15,0,0.27 mm,0.15 px,0.00 mm,testPoint,TargetP3D,blackCenter2,PointGreen,PointRed,PointGreen,testPoint,30,1,1,0,1,-85.522,58.911,-96.64764404,139.8387052,148.5377184,160.4695546,149.6153261,0,6,10,D:\CodingHHW\Biplane\experiment\transform_snapshots\20260322_095435_115473,LinearTransform,D:\CodingHHW\Biplane\experiment\transform_snapshots\20260322_095435_115473\20260322_095435_115473_1_LinearTransform.h5,1,LinearTransform_1,D:\CodingHHW\Biplane\experiment\transform_snapshots\20260322_095435_115473\20260322_095435_115473_2_LinearTransform_1.h5,1,LinearTransform_2,D:\CodingHHW\Biplane\experiment\transform_snapshots\20260322_095435_115473\20260322_095435_115473_3_LinearTransform_2.h5,1,3,1,0.93763711,0.93763711,1.31E-14,1,1,0.809224741,0.809224741,1.44E-14,0,0,0.882891311,0.882891311,2.38E-14,0,0,NA,NA,NA,NA,NA,NA,NA,NA,NA,NA,NA,NA,NA,NA,NA,NA,NA,NA,0.046834935,1,1,0,0,30,0.061269548,0,0,0,0,30,0.0801185,0,0,0,0,30,519.258,544.719,579.582,9.734,554.988,29.558,29.259,3.328,3.186,2.218,0.503,0.615
2026-03-22T09:55:01+08:00,20260322_095501_479695,D:\CodingHHW\Biplane\experiment\experiment_results.csv,CTChest,orthographic,Current mode: Orthographic,1,0,1,1,1,1,16.17,0.4,15.89,0.22,0.32,0,0.22 mm,0.32 px,0.00 mm,testPoint,TargetP3D,blackCenter2,PointGreen,PointRed,PointGreen,testPoint,30,1,1,0,1,-85.522,58.911,-96.64764404,139.8387052,148.5377184,160.4695546,149.6153261,0,6,10,D:\CodingHHW\Biplane\experiment\transform_snapshots\20260322_095501_479695,LinearTransform,D:\CodingHHW\Biplane\experiment\transform_snapshots\20260322_095501_479695\20260322_095501_479695_1_LinearTransform.h5,1,LinearTransform_1,D:\CodingHHW\Biplane\experiment\transform_snapshots\20260322_095501_479695\20260322_095501_479695_2_LinearTransform_1.h5,1,LinearTransform_2,D:\CodingHHW\Biplane\experiment\transform_snapshots\20260322_095501_479695\20260322_095501_479695_3_LinearTransform_2.h5,1,3,1,0.832733512,0.832733512,1.33E-14,0,0,0.854985684,0.854985684,9.38E-14,1,1,0.824347099,0.824347099,8.10E-15,0,0,NA,NA,NA,NA,NA,NA,NA,NA,NA,NA,NA,NA,NA,NA,NA,NA,NA,NA,0.040342792,1,0,0,0,30,0.077032616,0,0,0,0,30,0.051892621,0,1,0,0,30,595.326,646.928,548.043,9.513,552.724,30.616,29.259,3.185,3.172,2.138,0.695,0.69
2026-03-22T09:55:27+08:00,20260322_095527_214979,D:\CodingHHW\Biplane\experiment\experiment_results.csv,CTChest,orthographic,Current mode: Orthographic,1,0,1,1,1,1,16.17,0.4,15.89,0.82,0.1,0,0.82 mm,0.10 px,0.00 mm,testPoint,TargetP3D,blackCenter2,PointGreen,PointRed,PointGreen,testPoint,30,1,1,0,1,-85.522,58.911,-96.64764404,139.8387052,148.5377184,160.4695546,149.6153261,0,6,10,D:\CodingHHW\Biplane\experiment\transform_snapshots\20260322_095527_214979,LinearTransform,D:\CodingHHW\Biplane\experiment\transform_snapshots\20260322_095527_214979\20260322_095527_214979_1_LinearTransform.h5,1,LinearTransform_1,D:\CodingHHW\Biplane\experiment\transform_snapshots\20260322_095527_214979\20260322_095527_214979_2_LinearTransform_1.h5,1,LinearTransform_2,D:\CodingHHW\Biplane\experiment\transform_snapshots\20260322_095527_214979\20260322_095527_214979_3_LinearTransform_2.h5,1,3,1,0.983902392,0.983902392,8.44E-15,1,1,1.082370959,1.082370959,2.22E-15,0,0,0.944772738,0.944772738,3.61E-13,0,0,NA,NA,NA,NA,NA,NA,NA,NA,NA,NA,NA,NA,NA,NA,NA,NA,NA,NA,0.0531089,1,1,0,0,30,0.059098032,1,0,0,0,30,0.068610985,1,0,0,0,30,549.625,650.818,570.619,10.009,551.503,29.362,29.259,3.369,2.875,2.273,0.479,0.509
2026-03-22T09:55:52+08:00,20260322_095552_917231,D:\CodingHHW\Biplane\experiment\experiment_results.csv,CTChest,orthographic,Current mode: Orthographic,1,0,1,1,1,1,16.17,0.4,15.89,0.6,0.3,0,0.60 mm,0.30 px,0.00 mm,testPoint,TargetP3D,blackCenter2,PointGreen,PointRed,PointGreen,testPoint,30,1,1,0,1,-85.522,58.911,-96.64764404,139.8387052,148.5377184,160.4695546,149.6153261,0,6,10,D:\CodingHHW\Biplane\experiment\transform_snapshots\20260322_095552_917231,LinearTransform,D:\CodingHHW\Biplane\experiment\transform_snapshots\20260322_095552_917231\20260322_095552_917231_1_LinearTransform.h5,1,LinearTransform_1,D:\CodingHHW\Biplane\experiment\transform_snapshots\20260322_095552_917231\20260322_095552_917231_2_LinearTransform_1.h5,1,LinearTransform_2,D:\CodingHHW\Biplane\experiment\transform_snapshots\20260322_095552_917231\20260322_095552_917231_3_LinearTransform_2.h5,1,3,1,1.05075752,1.05075752,3.55E-15,1,1,0.969678856,0.969678856,1.17E-14,1,1,0.985539978,0.985539978,1.78E-14,1,1,NA,NA,NA,NA,NA,NA,NA,NA,NA,NA,NA,NA,NA,NA,NA,NA,NA,NA,0.071630948,0,0,0,0,30,0.067091246,1,0,0,0,30,0.070842064,0,0,0,0,30,631.931,558.776,547.57,9.975,554.193,30.147,29.259,3.591,2.881,2.096,0.603,0.679
2026-03-22T09:56:20+08:00,20260322_095620_896227,D:\CodingHHW\Biplane\experiment\experiment_results.csv,CTChest,orthographic,Current mode: Orthographic,1,0,1,1,1,1,16.17,0.4,15.89,0.23,0.29,0,0.23 mm,0.29 px,0.00 mm,testPoint,TargetP3D,blackCenter2,PointGreen,PointRed,PointGreen,testPoint,30,1,1,0,1,-85.522,58.911,-96.64764404,139.8387052,148.5377184,160.4695546,149.6153261,0,6,10,D:\CodingHHW\Biplane\experiment\transform_snapshots\20260322_095620_896227,LinearTransform,D:\CodingHHW\Biplane\experiment\transform_snapshots\20260322_095620_896227\20260322_095620_896227_1_LinearTransform.h5,1,LinearTransform_1,D:\CodingHHW\Biplane\experiment\transform_snapshots\20260322_095620_896227\20260322_095620_896227_2_LinearTransform_1.h5,1,LinearTransform_2,D:\CodingHHW\Biplane\experiment\transform_snapshots\20260322_095620_896227\20260322_095620_896227_3_LinearTransform_2.h5,1,3,1,0.966825009,0.966825009,4.33E-15,0,0,1.095899117,1.095899117,2.11E-14,1,1,0.978501285,0.978501285,6.88E-15,1,1,NA,NA,NA,NA,NA,NA,NA,NA,NA,NA,NA,NA,NA,NA,NA,NA,NA,NA,0.061123495,1,1,0,0,30,0.063698454,0,1,0,0,30,0.076554083,1,0,0,0,30,622.212,598.536,609.266,10.039,553.731,28.874,29.259,2.71,2.941,2.707,0.487,0.556
2026-03-22T09:56:54+08:00,20260322_095654_177799,D:\CodingHHW\Biplane\experiment\experiment_results.csv,CTChest,orthographic,Current mode: Orthographic,1,0,1,1,1,1,16.17,0.4,15.89,0.26,0.42,0,0.26 mm,0.42 px,0.00 mm,testPoint,TargetP3D,blackCenter2,PointGreen,PointRed,PointGreen,testPoint,30,1,1,0,1,-85.522,58.911,-96.64764404,139.8387052,148.5377184,160.4695546,149.6153261,0,6,10,D:\CodingHHW\Biplane\experiment\transform_snapshots\20260322_095654_177799,LinearTransform,D:\CodingHHW\Biplane\experiment\transform_snapshots\20260322_095654_177799\20260322_095654_177799_1_LinearTransform.h5,1,LinearTransform_1,D:\CodingHHW\Biplane\experiment\transform_snapshots\20260322_095654_177799\20260322_095654_177799_2_LinearTransform_1.h5,1,LinearTransform_2,D:\CodingHHW\Biplane\experiment\transform_snapshots\20260322_095654_177799\20260322_095654_177799_3_LinearTransform_2.h5,1,3,1,0.785516374,0.785516374,7.09E-14,1,1,0.792784962,0.792784962,1.29E-14,0,0,0.780350294,0.780350294,6.88E-15,1,1,NA,NA,NA,NA,NA,NA,NA,NA,NA,NA,NA,NA,NA,NA,NA,NA,NA,NA,0.056168605,0,1,0,0,30,0.065059954,0,1,0,0,30,0.062159485,0,0,0,0,30,476.536,503.933,549.51,9.498,553.401,28.987,29.259,3.294,2.883,1.964,0.482,0.82
2026-03-22T09:57:28+08:00,20260322_095728_943958,D:\CodingHHW\Biplane\experiment\experiment_results.csv,CTChest,orthographic,Current mode: Orthographic,1,0,1,1,1,1,16.17,0.4,15.89,0.08,0.01,0,0.08 mm,0.01 px,0.00 mm,testPoint,TargetP3D,blackCenter2,PointGreen,PointRed,PointGreen,testPoint,30,1,1,0,1,-85.522,58.911,-96.64764404,139.8387052,148.5377184,160.4695546,149.6153261,0,6,10,D:\CodingHHW\Biplane\experiment\transform_snapshots\20260322_095728_943958,LinearTransform,D:\CodingHHW\Biplane\experiment\transform_snapshots\20260322_095728_943958\20260322_095728_943958_1_LinearTransform.h5,1,LinearTransform_1,D:\CodingHHW\Biplane\experiment\transform_snapshots\20260322_095728_943958\20260322_095728_943958_2_LinearTransform_1.h5,1,LinearTransform_2,D:\CodingHHW\Biplane\experiment\transform_snapshots\20260322_095728_943958\20260322_095728_943958_3_LinearTransform_2.h5,1,3,1,0.826739541,0.826739541,7.88E-15,1,1,0.88584851,0.88584851,1.22E-15,0,0,0.862928303,0.862928303,2.37E-13,0,0,NA,NA,NA,NA,NA,NA,NA,NA,NA,NA,NA,NA,NA,NA,NA,NA,NA,NA,0.062795065,1,0,0,0,30,0.047545537,0,1,0,0,30,0.042561892,1,0,0,0,30,550.228,570.367,509.386,9.602,560.37,30.11,29.259,3.077,2.96,1.579,0.646,0.476
2026-03-22T09:59:00+08:00,20260322_095900_918821,D:\CodingHHW\Biplane\experiment\experiment_results.csv,CTChest,perspective,Current mode: Perspective,1,1,0,1,1,1,16.17,0.4,15.89,0.12,0.04,0,0.12 mm,0.04 px,0.00 mm,testPoint,TargetP3D,blackCenter2,PointGreen,PointRed,PointGreen,testPoint,30,0,1,0,1,-85.522,58.911,-96.64764404,139.8387052,148.5377184,160.4695546,149.6153261,0,6,10,D:\CodingHHW\Biplane\experiment\transform_snapshots\20260322_095900_918821,LinearTransform,D:\CodingHHW\Biplane\experiment\transform_snapshots\20260322_095900_918821\20260322_095900_918821_1_LinearTransform.h5,1,LinearTransform_1,D:\CodingHHW\Biplane\experiment\transform_snapshots\20260322_095900_918821\20260322_095900_918821_2_LinearTransform_1.h5,1,LinearTransform_2,D:\CodingHHW\Biplane\experiment\transform_snapshots\20260322_095900_918821\20260322_095900_918821_3_LinearTransform_2.h5,1,3,1,0.05859498,0.05859498,1.19E-14,0,0,0.059511156,0.059511156,2.19E-14,0,0,0.048380956,0.048380956,4.13E-12,0,0,0.058249772,1,1,0,0,30,0.057606202,0,0,0,0,30,0.045625926,1,0,0,0,30,NA,NA,NA,NA,NA,NA,NA,NA,NA,NA,NA,NA,NA,NA,NA,NA,NA,NA,512.407,565.224,582.22,10.143,580.52,57.055,30.688,3.077,3.28,2.258,0.524,0.472
2026-03-22T09:59:30+08:00,20260322_095930_136996,D:\CodingHHW\Biplane\experiment\experiment_results.csv,CTChest,perspective,Current mode: Perspective,1,1,0,1,1,1,16.17,0.4,15.89,0.41,0.07,0,0.41 mm,0.07 px,0.00 mm,testPoint,TargetP3D,blackCenter2,PointGreen,PointRed,PointGreen,testPoint,30,0,1,0,1,-85.522,58.911,-96.64764404,139.8387052,148.5377184,160.4695546,149.6153261,0,6,10,D:\CodingHHW\Biplane\experiment\transform_snapshots\20260322_095930_136996,LinearTransform,D:\CodingHHW\Biplane\experiment\transform_snapshots\20260322_095930_136996\20260322_095930_136996_1_LinearTransform.h5,1,LinearTransform_1,D:\CodingHHW\Biplane\experiment\transform_snapshots\20260322_095930_136996\20260322_095930_136996_2_LinearTransform_1.h5,1,LinearTransform_2,D:\CodingHHW\Biplane\experiment\transform_snapshots\20260322_095930_136996\20260322_095930_136996_3_LinearTransform_2.h5,1,3,1,0.04427351,0.04427351,3.49E-14,0,0,0.054668396,0.054668396,1.32E-13,1,1,0.051183058,0.051183058,4.32E-14,1,1,0.043260323,0,0,0,0,30,0.054225884,1,1,0,0,30,0.046729794,0,0,0,0,30,NA,NA,NA,NA,NA,NA,NA,NA,NA,NA,NA,NA,NA,NA,NA,NA,NA,NA,450.902,516.64,549.162,10.527,583.14,59.486,31.771,3.077,3.24,2.076,0.533,0.517
2026-03-22T10:00:05+08:00,20260322_100005_298986,D:\CodingHHW\Biplane\experiment\experiment_results.csv,CTChest,perspective,Current mode: Perspective,1,1,0,1,1,1,16.17,0.4,15.89,0.33,0.07,0,0.33 mm,0.07 px,0.00 mm,testPoint,TargetP3D,blackCenter2,PointGreen,PointRed,PointGreen,testPoint,30,0,1,0,1,-85.522,58.911,-96.64764404,139.8387052,148.5377184,160.4695546,149.6153261,0,6,10,D:\CodingHHW\Biplane\experiment\transform_snapshots\20260322_100005_298986,LinearTransform,D:\CodingHHW\Biplane\experiment\transform_snapshots\20260322_100005_298986\20260322_100005_298986_1_LinearTransform.h5,1,LinearTransform_1,D:\CodingHHW\Biplane\experiment\transform_snapshots\20260322_100005_298986\20260322_100005_298986_2_LinearTransform_1.h5,1,LinearTransform_2,D:\CodingHHW\Biplane\experiment\transform_snapshots\20260322_100005_298986\20260322_100005_298986_3_LinearTransform_2.h5,1,3,1,0.051608179,0.051608179,1.27E-14,1,1,0.06094649,0.06094649,8.19E-16,1,1,0.064897861,0.064897861,9.19E-14,1,1,0.049243208,1,1,0,0,30,0.057691787,0,1,0,0,30,0.063943096,0,1,0,0,30,NA,NA,NA,NA,NA,NA,NA,NA,NA,NA,NA,NA,NA,NA,NA,NA,NA,NA,598.327,550.692,524.347,10.846,582.219,58.64,31.655,3.077,2.995,2.196,0.556,0.456
2026-03-22T10:00:30+08:00,20260322_100030_208012,D:\CodingHHW\Biplane\experiment\experiment_results.csv,CTChest,perspective,Current mode: Perspective,1,1,0,1,1,1,16.17,0.4,15.89,0.22,0.26,0,0.22 mm,0.26 px,0.00 mm,testPoint,TargetP3D,blackCenter2,PointGreen,PointRed,PointGreen,testPoint,30,0,1,0,1,-85.522,58.911,-96.64764404,139.8387052,148.5377184,160.4695546,149.6153261,0,6,10,D:\CodingHHW\Biplane\experiment\transform_snapshots\20260322_100030_208012,LinearTransform,D:\CodingHHW\Biplane\experiment\transform_snapshots\20260322_100030_208012\20260322_100030_208012_1_LinearTransform.h5,1,LinearTransform_1,D:\CodingHHW\Biplane\experiment\transform_snapshots\20260322_100030_208012\20260322_100030_208012_2_LinearTransform_1.h5,1,LinearTransform_2,D:\CodingHHW\Biplane\experiment\transform_snapshots\20260322_100030_208012\20260322_100030_208012_3_LinearTransform_2.h5,1,3,1,0.062616125,0.062616125,3.31E-14,1,1,0.081897384,0.081897384,2.91E-14,0,0,0.030937141,0.030937141,3.02E-14,1,1,0.062338855,1,1,0,0,30,0.075417107,1,0,0,0,30,0.030407118,1,0,0,0,30,NA,NA,NA,NA,NA,NA,NA,NA,NA,NA,NA,NA,NA,NA,NA,NA,NA,NA,460.241,533.816,585.493,9.642,590.795,60.64,32.584,3.077,3.159,2.095,0.611,0.481
2026-03-22T10:01:00+08:00,20260322_100100_301475,D:\CodingHHW\Biplane\experiment\experiment_results.csv,CTChest,perspective,Current mode: Perspective,1,1,0,1,1,1,16.17,0.4,15.89,0.12,0.08,0,0.12 mm,0.08 px,0.00 mm,testPoint,TargetP3D,blackCenter2,PointGreen,PointRed,PointGreen,testPoint,30,0,1,0,1,-85.522,58.911,-96.64764404,139.8387052,148.5377184,160.4695546,149.6153261,0,6,10,D:\CodingHHW\Biplane\experiment\transform_snapshots\20260322_100100_301475,LinearTransform,D:\CodingHHW\Biplane\experiment\transform_snapshots\20260322_100100_301475\20260322_100100_301475_1_LinearTransform.h5,1,LinearTransform_1,D:\CodingHHW\Biplane\experiment\transform_snapshots\20260322_100100_301475\20260322_100100_301475_2_LinearTransform_1.h5,1,LinearTransform_2,D:\CodingHHW\Biplane\experiment\transform_snapshots\20260322_100100_301475\20260322_100100_301475_3_LinearTransform_2.h5,1,3,1,0.055862004,0.055862004,3.63E-12,1,1,0.063718175,0.063718175,7.33E-13,0,0,0.037159251,0.037159251,6.89E-13,1,1,0.055634416,1,1,0,0,30,0.062232447,0,0,0,0,30,0.035245141,0,0,0,0,30,NA,NA,NA,NA,NA,NA,NA,NA,NA,NA,NA,NA,NA,NA,NA,NA,NA,NA,447.103,481.871,561.05,9.88,580.417,58.952,31.436,3.077,3.11,2.877,0.494,0.542
2026-03-22T10:01:45+08:00,20260322_100145_655574,D:\CodingHHW\Biplane\experiment\experiment_results.csv,CTChest,perspective,Current mode: Perspective,1,1,0,1,1,1,16.17,0.4,15.89,0.2,0.06,0,0.20 mm,0.06 px,0.00 mm,testPoint,TargetP3D,blackCenter2,PointGreen,PointRed,PointGreen,testPoint,30,0,1,0,1,-85.522,58.911,-96.64764404,139.8387052,148.5377184,160.4695546,149.6153261,0,6,10,D:\CodingHHW\Biplane\experiment\transform_snapshots\20260322_100145_655574,LinearTransform,D:\CodingHHW\Biplane\experiment\transform_snapshots\20260322_100145_655574\20260322_100145_655574_1_LinearTransform.h5,1,LinearTransform_1,D:\CodingHHW\Biplane\experiment\transform_snapshots\20260322_100145_655574\20260322_100145_655574_2_LinearTransform_1.h5,1,LinearTransform_2,D:\CodingHHW\Biplane\experiment\transform_snapshots\20260322_100145_655574\20260322_100145_655574_3_LinearTransform_2.h5,1,3,1,0.05375601,0.05375601,9.71E-17,0,0,0.075005766,0.075005766,8.87E-14,1,1,0.067963385,0.067963385,1.27E-14,1,1,0.050886613,0,0,0,0,30,0.065674399,0,1,0,0,30,0.062749814,0,1,0,0,30,NA,NA,NA,NA,NA,NA,NA,NA,NA,NA,NA,NA,NA,NA,NA,NA,NA,NA,457.902,542.118,525.821,9.603,584.376,58.977,31.297,3.077,3.081,2.205,0.66,0.507
2026-03-22T10:12:02+08:00,20260322_101202_218667,D:\CodingHHW\Biplane\experiment\experiment_results.csv,CTChest,perspective,Current mode: Perspective,1,1,0,1,1,1,16.17,0.4,15.89,2.17,0.13,0,2.17 mm,0.13 px,0.00 mm,testPoint,TargetP3D,blackCenter2,PointGreen,PointRed,PointGreen,testPoint,30,0,1,0,1,-101.9827576,-111.3226624,-134.1309509,257.5588268,270.880186,288.2427149,272.2272425,0,6,10,D:\CodingHHW\Biplane\experiment\transform_snapshots\20260322_101202_218667,LinearTransform,D:\CodingHHW\Biplane\experiment\transform_snapshots\20260322_101202_218667\20260322_101202_218667_1_LinearTransform.h5,1,LinearTransform_1,D:\CodingHHW\Biplane\experiment\transform_snapshots\20260322_101202_218667\20260322_101202_218667_2_LinearTransform_1.h5,1,LinearTransform_2,D:\CodingHHW\Biplane\experiment\transform_snapshots\20260322_101202_218667\20260322_101202_218667_3_LinearTransform_2.h5,1,3,1,0.033596402,0.033596402,1.08E-12,1,1,0.055111184,0.055111184,6.75E-13,1,1,0.036317251,0.036317251,2.11E-12,0,0,0.03216248,1,0,0,0,30,0.052520695,1,0,0,0,30,0.035537263,0,0,0,0,30,NA,NA,NA,NA,NA,NA,NA,NA,NA,NA,NA,NA,NA,NA,NA,NA,NA,NA,520.534,536.765,526.588,9.913,581.896,58.923,32.073,3.077,3.063,2.09,0.491,0.494
2026-03-22T10:13:01+08:00,20260322_101301_480042,D:\CodingHHW\Biplane\experiment\experiment_results.csv,CTChest,perspective,Current mode: Perspective,1,1,0,1,1,1,16.17,0.4,15.89,0.54,0.17,0,0.54 mm,0.17 px,0.00 mm,testPoint,TargetP3D,blackCenter2,PointGreen,PointRed,PointGreen,testPoint,30,0,1,0,1,-101.9827576,-111.3226624,-134.1309509,257.5588268,270.880186,288.2427149,272.2272425,0,6,10,D:\CodingHHW\Biplane\experiment\transform_snapshots\20260322_101301_480042,LinearTransform,D:\CodingHHW\Biplane\experiment\transform_snapshots\20260322_101301_480042\20260322_101301_480042_1_LinearTransform.h5,1,LinearTransform_1,D:\CodingHHW\Biplane\experiment\transform_snapshots\20260322_101301_480042\20260322_101301_480042_2_LinearTransform_1.h5,1,LinearTransform_2,D:\CodingHHW\Biplane\experiment\transform_snapshots\20260322_101301_480042\20260322_101301_480042_3_LinearTransform_2.h5,1,3,1,0.051984959,0.051984959,7.20E-15,1,1,0.074495606,0.074495606,6.15E-14,1,1,0.051717582,0.051717582,2.15E-14,1,1,0.051340999,1,0,0,0,30,0.056137197,1,0,0,0,30,0.049580715,1,0,0,0,30,NA,NA,NA,NA,NA,NA,NA,NA,NA,NA,NA,NA,NA,NA,NA,NA,NA,NA,483.729,526.292,496.938,10.091,588.6,58.948,31.629,3.077,3.038,1.997,0.704,0.512
2026-03-22T10:14:06+08:00,20260322_101406_522232,D:\CodingHHW\Biplane\experiment\experiment_results.csv,CTChest,perspective,Current mode: Perspective,1,1,0,1,1,1,16.17,0.4,15.89,2.02,0.18,0.0,2.02 mm,0.18 px,0.00 mm,testPoint,TargetP3D,blackCenter2,PointGreen,PointRed,PointGreen,testPoint,30.0,0,1,0,1,-101.98275756835938,-111.32266235351562,-134.13095092773438,257.5588267537696,270.8801860075339,288.2427148537181,272.22724253834053,0,6.0,10.0,D:\CodingHHW\Biplane\experiment\transform_snapshots\20260322_101406_522232,LinearTransform,D:\CodingHHW\Biplane\experiment\transform_snapshots\20260322_101406_522232\20260322_101406_522232_1_LinearTransform.h5,1,LinearTransform_1,D:\CodingHHW\Biplane\experiment\transform_snapshots\20260322_101406_522232\20260322_101406_522232_2_LinearTransform_1.h5,1,LinearTransform_2,D:\CodingHHW\Biplane\experiment\transform_snapshots\20260322_101406_522232\20260322_101406_522232_3_LinearTransform_2.h5,1,3,1,0.06775706170851507,0.06775706170858507,6.999956170261612e-14,1,1,0.05645396196231706,0.05645396196236484,4.777428452840127e-14,1,1,0.04880158566082603,0.048801585660888915,6.288719545111121e-14,1,1,0.06357181478285692,1,1,0,0,30.0,0.05594661477382,1,0,0,0,30.0,0.0484349312267005,0,1,0,0,30.0,NA,NA,NA,NA,NA,NA,NA,NA,NA,NA,NA,NA,NA,NA,NA,NA,NA,NA,473.385,539.941,542.162,9.752,581.825,58.384,31.689,3.077,3.565,2.034,0.514,0.563
2026-03-22T10:14:40+08:00,20260322_101440_200285,D:\CodingHHW\Biplane\experiment\experiment_results.csv,CTChest,perspective,Current mode: Perspective,1,1,0,1,1,1,16.17,0.4,15.89,0.48,0.68,0.0,0.48 mm,0.68 px,0.00 mm,testPoint,TargetP3D,blackCenter2,PointGreen,PointRed,PointGreen,testPoint,30.0,0,1,0,1,-101.98275756835938,-111.32266235351562,-134.13095092773438,257.5588267537696,270.8801860075339,288.2427148537181,272.22724253834053,0,6.0,10.0,D:\CodingHHW\Biplane\experiment\transform_snapshots\20260322_101440_200285,LinearTransform,D:\CodingHHW\Biplane\experiment\transform_snapshots\20260322_101440_200285\20260322_101440_200285_1_LinearTransform.h5,1,LinearTransform_1,D:\CodingHHW\Biplane\experiment\transform_snapshots\20260322_101440_200285\20260322_101440_200285_2_LinearTransform_1.h5,1,LinearTransform_2,D:\CodingHHW\Biplane\experiment\transform_snapshots\20260322_101440_200285\20260322_101440_200285_3_LinearTransform_2.h5,1,3,1,0.05807105202745311,0.058071052029454395,2.001288024189307e-12,0,0,0.08567263178833828,0.08567263178837832,4.003741782554471e-14,0,0,0.05661455707225422,0.056614557072488664,2.344444083313135e-13,1,1,0.05612243120711281,1,0,0,0,30.0,0.07485188827273594,1,0,0,0,30.0,0.05553438741849308,1,0,0,0,30.0,NA,NA,NA,NA,NA,NA,NA,NA,NA,NA,NA,NA,NA,NA,NA,NA,NA,NA,524.226,576.617,514.335,9.869,582.926,60.193,33.276,3.077,2.939,2.302,0.512,0.67
2026-03-22T10:15:09+08:00,20260322_101509_227852,D:\CodingHHW\Biplane\experiment\experiment_results.csv,CTChest,perspective,Current mode: Perspective,1,1,0,1,1,1,16.17,0.4,15.89,0.14,0.22,0.0,0.14 mm,0.22 px,0.00 mm,testPoint,TargetP3D,blackCenter2,PointGreen,PointRed,PointGreen,testPoint,30.0,0,1,0,1,-101.98275756835938,-111.32266235351562,-134.13095092773438,257.5588267537696,270.8801860075339,288.2427148537181,272.22724253834053,0,6.0,10.0,D:\CodingHHW\Biplane\experiment\transform_snapshots\20260322_101509_227852,LinearTransform,D:\CodingHHW\Biplane\experiment\transform_snapshots\20260322_101509_227852\20260322_101509_227852_1_LinearTransform.h5,1,LinearTransform_1,D:\CodingHHW\Biplane\experiment\transform_snapshots\20260322_101509_227852\20260322_101509_227852_2_LinearTransform_1.h5,1,LinearTransform_2,D:\CodingHHW\Biplane\experiment\transform_snapshots\20260322_101509_227852\20260322_101509_227852_3_LinearTransform_2.h5,1,3,1,0.05300688564186257,0.05300688564186682,4.253541963095131e-15,0,0,0.04462526563851679,0.044625265638549516,3.272382365082649e-14,1,1,0.06703704859310726,0.06703704859310888,1.6237011735142914e-15,1,1,0.04548567016225003,0,1,0,0,30.0,0.04239843132326955,0,1,0,0,30.0,0.06507899715067934,0,1,0,0,30.0,NA,NA,NA,NA,NA,NA,NA,NA,NA,NA,NA,NA,NA,NA,NA,NA,NA,NA,530.587,570.517,508.335,9.64,587.007,60.39,32.787,3.077,3.046,2.092,0.664,0.487
2026-03-22T10:15:41+08:00,20260322_101541_834187,D:\CodingHHW\Biplane\experiment\experiment_results.csv,CTChest,perspective,Current mode: Perspective,1,1,0,1,1,1,16.17,0.4,15.89,2.31,0.65,0.0,2.31 mm,0.65 px,0.00 mm,testPoint,TargetP3D,blackCenter2,PointGreen,PointRed,PointGreen,testPoint,30.0,0,1,0,1,-101.98275756835938,-111.32266235351562,-134.13095092773438,257.5588267537696,270.8801860075339,288.2427148537181,272.22724253834053,0,6.0,10.0,D:\CodingHHW\Biplane\experiment\transform_snapshots\20260322_101541_834187,LinearTransform,D:\CodingHHW\Biplane\experiment\transform_snapshots\20260322_101541_834187\20260322_101541_834187_1_LinearTransform.h5,1,LinearTransform_1,D:\CodingHHW\Biplane\experiment\transform_snapshots\20260322_101541_834187\20260322_101541_834187_2_LinearTransform_1.h5,1,LinearTransform_2,D:\CodingHHW\Biplane\experiment\transform_snapshots\20260322_101541_834187\20260322_101541_834187_3_LinearTransform_2.h5,1,3,1,0.05653966946594098,0.05653966946598617,4.518607710224387e-14,0,0,0.08263803543663296,0.08263803543856307,1.930108850523027e-12,1,1,0.05249003194715463,0.05249003194715604,1.4085954624931674e-15,1,1,0.052908817927347,0,0,0,0,30.0,0.08067661946596268,1,1,0,0,30.0,0.052395822569249066,1,1,0,0,30.0,NA,NA,NA,NA,NA,NA,NA,NA,NA,NA,NA,NA,NA,NA,NA,NA,NA,NA,568.213,467.037,523.822,9.754,581.15,57.38,30.433,3.077,2.954,2.178,0.549,0.728
2026-03-22T10:16:17+08:00,20260322_101617_242248,D:\CodingHHW\Biplane\experiment\experiment_results.csv,CTChest,perspective,Current mode: Perspective,1,1,0,1,1,1,16.17,0.4,15.89,0.87,0.26,0.0,0.87 mm,0.26 px,0.00 mm,testPoint,TargetP3D,blackCenter2,PointGreen,PointRed,PointGreen,testPoint,30.0,0,1,0,1,-101.98275756835938,-111.32266235351562,-134.13095092773438,257.5588267537696,270.8801860075339,288.2427148537181,272.22724253834053,0,6.0,10.0,D:\CodingHHW\Biplane\experiment\transform_snapshots\20260322_101617_242248,LinearTransform,D:\CodingHHW\Biplane\experiment\transform_snapshots\20260322_101617_242248\20260322_101617_242248_1_LinearTransform.h5,1,LinearTransform_1,D:\CodingHHW\Biplane\experiment\transform_snapshots\20260322_101617_242248\20260322_101617_242248_2_LinearTransform_1.h5,1,LinearTransform_2,D:\CodingHHW\Biplane\experiment\transform_snapshots\20260322_101617_242248\20260322_101617_242248_3_LinearTransform_2.h5,1,3,1,0.10168189224757426,0.10168189224757819,3.927413949611491e-15,1,1,0.06524972269607789,0.06524972269608803,1.0144662887512368e-14,0,0,0.03865465624454051,0.03865465624492131,3.807995585525248e-13,0,0,0.09950655475097138,0,1,0,0,30.0,0.0649614990008647,1,0,0,0,30.0,0.03820689601454609,1,0,0,0,30.0,NA,NA,NA,NA,NA,NA,NA,NA,NA,NA,NA,NA,NA,NA,NA,NA,NA,NA,485.27,452.987,480.993,9.798,578.903,57.597,30.998,3.077,2.889,2.851,0.574,0.532
2026-03-22T10:17:09+08:00,20260322_101709_655142,D:\CodingHHW\Biplane\experiment\experiment_results.csv,CTChest,orthographic,Current mode: Orthographic,1,0,1,1,1,1,16.17,0.4,15.89,0.44,0.45,0.0,0.44 mm,0.45 px,0.00 mm,testPoint,TargetP3D,blackCenter2,PointGreen,PointRed,PointGreen,testPoint,30.0,1,1,0,1,-101.98275756835938,-111.32266235351562,-134.13095092773438,257.5588267537696,270.8801860075339,288.2427148537181,272.22724253834053,0,6.0,10.0,D:\CodingHHW\Biplane\experiment\transform_snapshots\20260322_101709_655142,LinearTransform,D:\CodingHHW\Biplane\experiment\transform_snapshots\20260322_101709_655142\20260322_101709_655142_1_LinearTransform.h5,1,LinearTransform_1,D:\CodingHHW\Biplane\experiment\transform_snapshots\20260322_101709_655142\20260322_101709_655142_2_LinearTransform_1.h5,1,LinearTransform_2,D:\CodingHHW\Biplane\experiment\transform_snapshots\20260322_101709_655142\20260322_101709_655142_3_LinearTransform_2.h5,1,3,1,0.7956208380901738,0.795620838090235,6.117328865684613e-14,1,0,1.0750950599406792,1.0750950599407165,3.730349362740526e-14,1,1,0.9364373757377804,0.9364373757378093,2.886579864025407e-14,1,1,NA,NA,NA,NA,NA,NA,NA,NA,NA,NA,NA,NA,NA,NA,NA,NA,NA,NA,0.0667580881728507,0,0,0,0,30.0,0.053193319923487865,0,0,0,0,30.0,0.05015242986408034,1,1,0,0,30.0,490.026,591.504,580.181,9.681,552.512,30.098,30.998,3.036,2.949,2.054,0.503,0.525
2026-03-22T10:17:48+08:00,20260322_101748_141234,D:\CodingHHW\Biplane\experiment\experiment_results.csv,CTChest,orthographic,Current mode: Orthographic,1,0,1,1,1,1,16.17,0.4,15.89,1.01,0.47,0.0,1.01 mm,0.47 px,0.00 mm,testPoint,TargetP3D,blackCenter2,PointGreen,PointRed,PointGreen,testPoint,30.0,1,1,0,1,-101.98275756835938,-111.32266235351562,-134.13095092773438,257.5588267537696,270.8801860075339,288.2427148537181,272.22724253834053,0,6.0,10.0,D:\CodingHHW\Biplane\experiment\transform_snapshots\20260322_101748_141234,LinearTransform,D:\CodingHHW\Biplane\experiment\transform_snapshots\20260322_101748_141234\20260322_101748_141234_1_LinearTransform.h5,1,LinearTransform_1,D:\CodingHHW\Biplane\experiment\transform_snapshots\20260322_101748_141234\20260322_101748_141234_2_LinearTransform_1.h5,1,LinearTransform_2,D:\CodingHHW\Biplane\experiment\transform_snapshots\20260322_101748_141234\20260322_101748_141234_3_LinearTransform_2.h5,1,3,1,0.97840168536725,0.9784016853672625,1.2434497875801753e-14,1,1,1.0649118810246372,1.0649118810246476,1.0436096431476471e-14,1,1,1.0458243871070119,1.045824387107024,1.2212453270876722e-14,0,1,NA,NA,NA,NA,NA,NA,NA,NA,NA,NA,NA,NA,NA,NA,NA,NA,NA,NA,0.07050765260512419,1,0,0,0,30.0,0.06110326258974342,1,0,0,0,30.0,0.06873078223180029,1,1,0,0,30.0,584.577,615.841,530.292,9.635,549.943,29.656,30.998,3.183,3.425,2.053,0.555,0.581
2026-03-22T10:18:23+08:00,20260322_101823_668727,D:\CodingHHW\Biplane\experiment\experiment_results.csv,CTChest,orthographic,Current mode: Orthographic,1,0,1,1,1,1,16.17,0.4,15.89,0.88,0.15,0.0,0.88 mm,0.15 px,0.00 mm,testPoint,TargetP3D,blackCenter2,PointGreen,PointRed,PointGreen,testPoint,30.0,1,1,0,1,-101.98275756835938,-111.32266235351562,-134.13095092773438,257.5588267537696,270.8801860075339,288.2427148537181,272.22724253834053,0,6.0,10.0,D:\CodingHHW\Biplane\experiment\transform_snapshots\20260322_101823_668727,LinearTransform,D:\CodingHHW\Biplane\experiment\transform_snapshots\20260322_101823_668727\20260322_101823_668727_1_LinearTransform.h5,1,LinearTransform_1,D:\CodingHHW\Biplane\experiment\transform_snapshots\20260322_101823_668727\20260322_101823_668727_2_LinearTransform_1.h5,1,LinearTransform_2,D:\CodingHHW\Biplane\experiment\transform_snapshots\20260322_101823_668727\20260322_101823_668727_3_LinearTransform_2.h5,1,3,1,0.9217577949268068,0.9217577949268201,1.3322676295501878e-14,0,0,0.9834655378475071,0.9834655378475352,2.808864252301646e-14,0,0,0.9305885494415731,0.9305885494416007,2.7644553313166398e-14,0,0,NA,NA,NA,NA,NA,NA,NA,NA,NA,NA,NA,NA,NA,NA,NA,NA,NA,NA,0.06076556949044016,0,1,0,0,30.0,0.08637174443550763,0,1,0,0,30.0,0.051687375233757944,1,1,0,0,30.0,597.846,539.909,604.728,10.113,555.858,30.156,30.998,3.501,2.983,2.27,0.499,0.509
2026-03-22T10:19:02+08:00,20260322_101902_528218,D:\CodingHHW\Biplane\experiment\experiment_results.csv,CTChest,orthographic,Current mode: Orthographic,1,0,1,1,1,1,16.17,0.4,15.89,0.63,0.56,0.0,0.63 mm,0.56 px,0.00 mm,testPoint,TargetP3D,blackCenter2,PointGreen,PointRed,PointGreen,testPoint,30.0,1,1,0,1,-101.98275756835938,-111.32266235351562,-134.13095092773438,257.5588267537696,270.8801860075339,288.2427148537181,272.22724253834053,0,6.0,10.0,D:\CodingHHW\Biplane\experiment\transform_snapshots\20260322_101902_528218,LinearTransform,D:\CodingHHW\Biplane\experiment\transform_snapshots\20260322_101902_528218\20260322_101902_528218_1_LinearTransform.h5,1,LinearTransform_1,D:\CodingHHW\Biplane\experiment\transform_snapshots\20260322_101902_528218\20260322_101902_528218_2_LinearTransform_1.h5,1,LinearTransform_2,D:\CodingHHW\Biplane\experiment\transform_snapshots\20260322_101902_528218\20260322_101902_528218_3_LinearTransform_2.h5,1,3,1,0.9449100618808898,0.9449100618809143,2.453592884421596e-14,0,0,1.065805089193798,1.0658050891937996,1.5543122344752192e-15,1,1,0.973121880818289,0.9731218808182932,4.218847493575595e-15,0,0,NA,NA,NA,NA,NA,NA,NA,NA,NA,NA,NA,NA,NA,NA,NA,NA,NA,NA,0.040505921540029105,1,1,0,0,30.0,0.06100748864797134,1,0,0,0,30.0,0.073361169878181,0,0,0,0,30.0,624.297,636.118,624.738,10.019,556.438,30.184,30.998,3.384,3.177,1.55,0.541,0.634
2026-03-22T10:19:39+08:00,20260322_101939_483243,D:\CodingHHW\Biplane\experiment\experiment_results.csv,CTChest,orthographic,Current mode: Orthographic,1,0,1,1,1,1,16.17,0.4,15.89,0.46,0.55,0.0,0.46 mm,0.55 px,0.00 mm,testPoint,TargetP3D,blackCenter2,PointGreen,PointRed,PointGreen,testPoint,30.0,1,1,0,1,-101.98275756835938,-111.32266235351562,-134.13095092773438,257.5588267537696,270.8801860075339,288.2427148537181,272.22724253834053,0,6.0,10.0,D:\CodingHHW\Biplane\experiment\transform_snapshots\20260322_101939_483243,LinearTransform,D:\CodingHHW\Biplane\experiment\transform_snapshots\20260322_101939_483243\20260322_101939_483243_1_LinearTransform.h5,1,LinearTransform_1,D:\CodingHHW\Biplane\experiment\transform_snapshots\20260322_101939_483243\20260322_101939_483243_2_LinearTransform_1.h5,1,LinearTransform_2,D:\CodingHHW\Biplane\experiment\transform_snapshots\20260322_101939_483243\20260322_101939_483243_3_LinearTransform_2.h5,1,3,1,0.980752665881262,0.980752665881332,7.005507285384738e-14,1,1,1.048519155187863,1.0485191551878814,1.84297022087776e-14,1,1,0.9727313713895664,0.9727313713896203,5.384581669432009e-14,0,0,NA,NA,NA,NA,NA,NA,NA,NA,NA,NA,NA,NA,NA,NA,NA,NA,NA,NA,0.06148812706133495,1,0,0,0,30.0,0.05966185515379205,1,1,0,0,30.0,0.04857703968920973,0,1,0,0,30.0,626.636,534.896,605.265,9.837,551.415,29.31,30.998,2.747,3.075,2.017,0.533,0.589
2026-03-22T10:20:49+08:00,20260322_102049_200354,D:\CodingHHW\Biplane\experiment\experiment_results.csv,CTChest,orthographic,Current mode: Orthographic,1,0,1,1,1,1,16.17,0.4,15.89,1.1,0.54,0.0,1.10 mm,0.54 px,0.00 mm,testPoint,TargetP3D,blackCenter2,PointGreen,PointRed,PointGreen,testPoint,30.0,1,1,0,1,-101.98275756835938,-111.32266235351562,-134.13095092773438,257.5588267537696,270.8801860075339,288.2427148537181,272.22724253834053,0,6.0,10.0,D:\CodingHHW\Biplane\experiment\transform_snapshots\20260322_102049_200354,LinearTransform,D:\CodingHHW\Biplane\experiment\transform_snapshots\20260322_102049_200354\20260322_102049_200354_1_LinearTransform.h5,1,LinearTransform_1,D:\CodingHHW\Biplane\experiment\transform_snapshots\20260322_102049_200354\20260322_102049_200354_2_LinearTransform_1.h5,1,LinearTransform_2,D:\CodingHHW\Biplane\experiment\transform_snapshots\20260322_102049_200354\20260322_102049_200354_3_LinearTransform_2.h5,1,3,1,1.023166833977534,1.0231668339775435,9.547918011776346e-15,0,0,1.108744685083191,1.1087446850838099,6.188383139260623e-13,1,1,1.090512634896136,1.0905126348961582,2.220446049250313e-14,1,1,NA,NA,NA,NA,NA,NA,NA,NA,NA,NA,NA,NA,NA,NA,NA,NA,NA,NA,0.04411949572295284,1,1,0,0,30.0,0.04862433351264578,0,1,0,0,30.0,0.07558324052056503,0,1,0,0,30.0,638.211,584.298,605.148,9.897,547.064,29.295,30.998,3.237,2.968,2.135,0.579,0.494
2026-03-22T10:21:16+08:00,20260322_102116_073177,D:\CodingHHW\Biplane\experiment\experiment_results.csv,CTChest,orthographic,Current mode: Orthographic,1,0,1,1,1,1,16.17,0.4,15.89,0.94,1.36,0.0,0.94 mm,1.36 px,0.00 mm,testPoint,TargetP3D,blackCenter2,PointGreen,PointRed,PointGreen,testPoint,30.0,1,1,0,1,-101.98275756835938,-111.32266235351562,-134.13095092773438,257.5588267537696,270.8801860075339,288.2427148537181,272.22724253834053,0,6.0,10.0,D:\CodingHHW\Biplane\experiment\transform_snapshots\20260322_102116_073177,LinearTransform,D:\CodingHHW\Biplane\experiment\transform_snapshots\20260322_102116_073177\20260322_102116_073177_1_LinearTransform.h5,1,LinearTransform_1,D:\CodingHHW\Biplane\experiment\transform_snapshots\20260322_102116_073177\20260322_102116_073177_2_LinearTransform_1.h5,1,LinearTransform_2,D:\CodingHHW\Biplane\experiment\transform_snapshots\20260322_102116_073177\20260322_102116_073177_3_LinearTransform_2.h5,1,3,1,1.1008965099834405,1.1008965099834687,2.8199664825478976e-14,0,0,1.2192724258701355,1.2192724258701448,9.325873406851315e-15,1,1,1.1083219300041376,1.1083219300041671,2.9531932455029164e-14,0,0,NA,NA,NA,NA,NA,NA,NA,NA,NA,NA,NA,NA,NA,NA,NA,NA,NA,NA,0.06100020747942781,0,0,0,0,30.0,0.06204216970310833,0,0,0,0,30.0,0.048684453027448456,0,1,0,0,30.0,660.399,611.597,567.874,9.938,551.631,29.184,30.998,3.235,3.507,2.218,0.649,0.625
2026-03-22T10:23:14+08:00,20260322_102314_263635,D:\CodingHHW\Biplane\experiment\experiment_results.csv,CTChest,orthographic,Current mode: Orthographic,1,0,1,1,1,1,46.99,43.1,67.87,0.25,0.1,0.0,0.25 mm,0.10 px,0.00 mm,testPoint,TargetP3D,blackCenter2,PointGreen,PointRed,PointGreen,testPoint,30.0,1,1,0,1,-101.983,-111.323,-134.1309509,257.55921537547664,273.91664784218585,292.1907337252176,274.5555323142933,0,6.0,10.0,D:\CodingHHW\Biplane\experiment\transform_snapshots\20260322_102314_263635,LinearTransform,D:\CodingHHW\Biplane\experiment\transform_snapshots\20260322_102314_263635\20260322_102314_263635_1_LinearTransform.h5,1,LinearTransform_1,D:\CodingHHW\Biplane\experiment\transform_snapshots\20260322_102314_263635\20260322_102314_263635_2_LinearTransform_1.h5,1,LinearTransform_2,D:\CodingHHW\Biplane\experiment\transform_snapshots\20260322_102314_263635\20260322_102314_263635_3_LinearTransform_2.h5,1,3,1,1.0857986427875088,1.0857986427875372,2.842170943040401e-14,0,0,1.5657405057462488,1.5657405057462817,3.2862601528904634e-14,1,1,0.9945497943201361,0.9945497943202138,7.771561172376096e-14,1,1,NA,NA,NA,NA,NA,NA,NA,NA,NA,NA,NA,NA,NA,NA,NA,NA,NA,NA,0.07159680889678272,1,1,0,0,30.0,0.04926642268520887,0,0,0,0,30.0,0.0451544571445915,1,0,0,0,30.0,580.668,590.917,503.726,9.875,562.878,29.236,30.998,2.802,3.048,1.978,0.58,0.506
2026-03-22T10:23:55+08:00,20260322_102355_981459,D:\CodingHHW\Biplane\experiment\experiment_results.csv,CTChest,orthographic,Current mode: Orthographic,1,0,1,1,1,1,46.99,43.1,67.87,0.24,0.28,0.0,0.24 mm,0.28 px,0.00 mm,testPoint,TargetP3D,blackCenter2,PointGreen,PointRed,PointGreen,testPoint,30.0,1,1,0,1,-101.983,-111.323,-134.1309509,257.55921537547664,273.91664784218585,292.1907337252176,274.5555323142933,0,6.0,10.0,D:\CodingHHW\Biplane\experiment\transform_snapshots\20260322_102355_981459,LinearTransform,D:\CodingHHW\Biplane\experiment\transform_snapshots\20260322_102355_981459\20260322_102355_981459_1_LinearTransform.h5,1,LinearTransform_1,D:\CodingHHW\Biplane\experiment\transform_snapshots\20260322_102355_981459\20260322_102355_981459_2_LinearTransform_1.h5,1,LinearTransform_2,D:\CodingHHW\Biplane\experiment\transform_snapshots\20260322_102355_981459\20260322_102355_981459_3_LinearTransform_2.h5,1,3,1,0.9807731870402113,0.9807731870402482,3.68594044175552e-14,1,1,1.3836576398942477,1.3836576398942582,1.0436096431476471e-14,0,0,1.3685648971096611,1.368564897110656,9.949818746690653e-13,1,1,NA,NA,NA,NA,NA,NA,NA,NA,NA,NA,NA,NA,NA,NA,NA,NA,NA,NA,0.034101596683495536,1,1,0,0,30.0,0.07075807368714725,0,1,0,0,30.0,0.07126135203777498,0,1,0,0,30.0,605.044,551.975,503.635,10.19,562.148,30.261,30.998,3.214,3.443,2.109,0.488,0.491
2026-03-22T10:24:29+08:00,20260322_102429_250361,D:\CodingHHW\Biplane\experiment\experiment_results.csv,CTChest,orthographic,Current mode: Orthographic,1,0,1,1,1,1,46.99,43.1,67.87,0.28,0.42,0.0,0.28 mm,0.42 px,0.00 mm,testPoint,TargetP3D,blackCenter2,PointGreen,PointRed,PointGreen,testPoint,30.0,1,1,0,1,-101.983,-111.323,-134.1309509,257.55921537547664,273.91664784218585,292.1907337252176,274.5555323142933,0,6.0,10.0,D:\CodingHHW\Biplane\experiment\transform_snapshots\20260322_102429_250361,LinearTransform,D:\CodingHHW\Biplane\experiment\transform_snapshots\20260322_102429_250361\20260322_102429_250361_1_LinearTransform.h5,1,LinearTransform_1,D:\CodingHHW\Biplane\experiment\transform_snapshots\20260322_102429_250361\20260322_102429_250361_2_LinearTransform_1.h5,1,LinearTransform_2,D:\CodingHHW\Biplane\experiment\transform_snapshots\20260322_102429_250361\20260322_102429_250361_3_LinearTransform_2.h5,1,3,1,1.0316217465231527,1.031621746523166,1.3322676295501878e-14,0,0,1.3221472323486878,1.3221472323487096,2.1760371282653068e-14,1,1,1.0338459112932565,1.0338459112933083,5.1736392947532295e-14,1,1,NA,NA,NA,NA,NA,NA,NA,NA,NA,NA,NA,NA,NA,NA,NA,NA,NA,NA,0.06355370719887109,1,1,0,0,30.0,0.08348182550509915,0,1,0,0,30.0,0.05035155624728489,0,1,0,0,30.0,559.554,529.867,478.109,9.678,568.325,29.113,30.998,2.73,3.093,2.137,0.675,0.598
2026-03-22T10:25:01+08:00,20260322_102501_525352,D:\CodingHHW\Biplane\experiment\experiment_results.csv,CTChest,orthographic,Current mode: Orthographic,1,0,1,1,1,1,46.99,43.1,67.87,0.21,0.08,0.0,0.21 mm,0.08 px,0.00 mm,testPoint,TargetP3D,blackCenter2,PointGreen,PointRed,PointGreen,testPoint,30.0,1,1,0,1,-101.983,-111.323,-134.1309509,257.55921537547664,273.91664784218585,292.1907337252176,274.5555323142933,0,6.0,10.0,D:\CodingHHW\Biplane\experiment\transform_snapshots\20260322_102501_525352,LinearTransform,D:\CodingHHW\Biplane\experiment\transform_snapshots\20260322_102501_525352\20260322_102501_525352_1_LinearTransform.h5,1,LinearTransform_1,D:\CodingHHW\Biplane\experiment\transform_snapshots\20260322_102501_525352\20260322_102501_525352_2_LinearTransform_1.h5,1,LinearTransform_2,D:\CodingHHW\Biplane\experiment\transform_snapshots\20260322_102501_525352\20260322_102501_525352_3_LinearTransform_2.h5,1,3,1,0.9127613646428874,0.9127613646428944,6.994405055138486e-15,1,1,1.1071124331804911,1.107112433180498,6.8833827526759706e-15,0,0,1.0286365557850614,1.02863655578656,1.4985790386390363e-12,1,1,NA,NA,NA,NA,NA,NA,NA,NA,NA,NA,NA,NA,NA,NA,NA,NA,NA,NA,0.04783195357845093,1,0,0,0,30.0,0.0692395105289673,0,0,0,0,30.0,0.03378077752679867,0,1,0,0,30.0,537.072,591.877,488.426,9.499,570.117,29.845,30.998,3.236,3.135,1.982,0.518,0.549
2026-03-22T10:25:41+08:00,20260322_102541_173237,D:\CodingHHW\Biplane\experiment\experiment_results.csv,CTChest,orthographic,Current mode: Orthographic,1,0,1,1,1,1,46.99,43.1,67.87,0.19,0.21,0.0,0.19 mm,0.21 px,0.00 mm,testPoint,TargetP3D,blackCenter2,PointGreen,PointRed,PointGreen,testPoint,30.0,1,1,0,1,-101.983,-111.323,-134.1309509,257.55921537547664,273.91664784218585,292.1907337252176,274.5555323142933,0,6.0,10.0,D:\CodingHHW\Biplane\experiment\transform_snapshots\20260322_102541_173237,LinearTransform,D:\CodingHHW\Biplane\experiment\transform_snapshots\20260322_102541_173237\20260322_102541_173237_1_LinearTransform.h5,1,LinearTransform_1,D:\CodingHHW\Biplane\experiment\transform_snapshots\20260322_102541_173237\20260322_102541_173237_2_LinearTransform_1.h5,1,LinearTransform_2,D:\CodingHHW\Biplane\experiment\transform_snapshots\20260322_102541_173237\20260322_102541_173237_3_LinearTransform_2.h5,1,3,1,1.3849628835646643,1.3849628835646852,2.0872192862952943e-14,0,0,1.8909655119024542,1.8909655119024609,6.661338147750939e-15,1,1,1.072567321336039,1.0725673213372169,1.177946629127291e-12,1,1,NA,NA,NA,NA,NA,NA,NA,NA,NA,NA,NA,NA,NA,NA,NA,NA,NA,NA,0.0525956378613285,0,0,0,0,30.0,0.05467566205537093,1,0,0,0,30.0,0.05251098091969416,0,1,0,0,30.0,582.405,775.636,450.44,9.679,565.289,29.436,30.998,2.795,3.124,2.291,0.499,0.498
2026-03-22T10:26:23+08:00,20260322_102623_119104,D:\CodingHHW\Biplane\experiment\experiment_results.csv,CTChest,orthographic,Current mode: Orthographic,1,0,1,1,1,1,46.99,43.1,67.87,0.25,0.33,0.0,0.25 mm,0.33 px,0.00 mm,testPoint,TargetP3D,blackCenter2,PointGreen,PointRed,PointGreen,testPoint,30.0,1,1,0,1,-101.983,-111.323,-134.1309509,257.55921537547664,273.91664784218585,292.1907337252176,274.5555323142933,0,6.0,10.0,D:\CodingHHW\Biplane\experiment\transform_snapshots\20260322_102623_119104,LinearTransform,D:\CodingHHW\Biplane\experiment\transform_snapshots\20260322_102623_119104\20260322_102623_119104_1_LinearTransform.h5,1,LinearTransform_1,D:\CodingHHW\Biplane\experiment\transform_snapshots\20260322_102623_119104\20260322_102623_119104_2_LinearTransform_1.h5,1,LinearTransform_2,D:\CodingHHW\Biplane\experiment\transform_snapshots\20260322_102623_119104\20260322_102623_119104_3_LinearTransform_2.h5,1,3,1,0.8844794518507685,0.8844794518507755,6.994405055138486e-15,1,1,1.0680172803999366,1.0680172803999408,4.218847493575595e-15,1,1,0.9711334339031136,0.9711334339033155,2.0194956817931597e-13,0,0,NA,NA,NA,NA,NA,NA,NA,NA,NA,NA,NA,NA,NA,NA,NA,NA,NA,NA,0.055505799371709116,1,1,0,0,30.0,0.04497820187500808,1,0,0,0,30.0,0.04101028849512502,1,0,0,0,30.0,554.648,543.729,444.817,9.657,561.305,29.075,30.998,3.096,3.441,1.984,0.585,0.483
2026-03-22T10:26:59+08:00,20260322_102659_792546,D:\CodingHHW\Biplane\experiment\experiment_results.csv,CTChest,perspective,Current mode: Perspective,1,1,0,1,1,1,46.99,43.1,67.87,0.95,0.29,0.0,0.95 mm,0.29 px,0.00 mm,testPoint,TargetP3D,blackCenter2,PointGreen,PointRed,PointGreen,testPoint,30.0,0,1,0,1,-101.983,-111.323,-134.1309509,257.55921537547664,273.91664784218585,292.1907337252176,274.5555323142933,0,6.0,10.0,D:\CodingHHW\Biplane\experiment\transform_snapshots\20260322_102659_792546,LinearTransform,D:\CodingHHW\Biplane\experiment\transform_snapshots\20260322_102659_792546\20260322_102659_792546_1_LinearTransform.h5,1,LinearTransform_1,D:\CodingHHW\Biplane\experiment\transform_snapshots\20260322_102659_792546\20260322_102659_792546_2_LinearTransform_1.h5,1,LinearTransform_2,D:\CodingHHW\Biplane\experiment\transform_snapshots\20260322_102659_792546\20260322_102659_792546_3_LinearTransform_2.h5,1,3,1,0.06981288964533558,0.0698128896453607,2.5118795932144167e-14,0,0,0.08588850365520168,0.08588850365723028,2.028599510595086e-12,0,0,0.08588905011772374,0.08588905011811783,3.9408754037850713e-13,1,1,0.06621642289367248,0,0,0,0,30.0,0.07677629790928507,0,1,0,0,30.0,0.0829057952514505,0,1,0,0,30.0,NA,NA,NA,NA,NA,NA,NA,NA,NA,NA,NA,NA,NA,NA,NA,NA,NA,NA,655.574,544.096,471.237,10.567,593.214,57.057,30.085,3.096,3.398,2.189,0.504,0.504
2026-03-22T10:27:37+08:00,20260322_102737_850364,D:\CodingHHW\Biplane\experiment\experiment_results.csv,CTChest,perspective,Current mode: Perspective,1,1,0,1,1,1,46.99,43.1,67.87,0.31,0.35,0.0,0.31 mm,0.35 px,0.00 mm,testPoint,TargetP3D,blackCenter2,PointGreen,PointRed,PointGreen,testPoint,30.0,0,1,0,1,-101.983,-111.323,-134.1309509,257.55921537547664,273.91664784218585,292.1907337252176,274.5555323142933,0,6.0,10.0,D:\CodingHHW\Biplane\experiment\transform_snapshots\20260322_102737_850364,LinearTransform,D:\CodingHHW\Biplane\experiment\transform_snapshots\20260322_102737_850364\20260322_102737_850364_1_LinearTransform.h5,1,LinearTransform_1,D:\CodingHHW\Biplane\experiment\transform_snapshots\20260322_102737_850364\20260322_102737_850364_2_LinearTransform_1.h5,1,LinearTransform_2,D:\CodingHHW\Biplane\experiment\transform_snapshots\20260322_102737_850364\20260322_102737_850364_3_LinearTransform_2.h5,1,3,1,0.06665266184462337,0.06665266184467954,5.6163407258225106e-14,1,1,0.09024789437768586,0.09024789437771528,2.942091015256665e-14,1,1,0.0815084062727486,0.08150840627279361,4.50195436485501e-14,1,1,0.06405300492401857,0,0,0,0,30.0,0.08719314852098528,0,1,0,0,30.0,0.0784552689342844,0,1,0,0,30.0,NA,NA,NA,NA,NA,NA,NA,NA,NA,NA,NA,NA,NA,NA,NA,NA,NA,NA,531.003,532.973,411.55,9.89,595.774,57.624,30.389,3.096,3.512,2.659,0.571,0.541
2026-03-22T10:28:17+08:00,20260322_102817_102524,D:\CodingHHW\Biplane\experiment\experiment_results.csv,CTChest,perspective,Current mode: Perspective,1,1,0,1,1,1,46.99,43.1,67.87,0.24,0.11,0.0,0.24 mm,0.11 px,0.00 mm,testPoint,TargetP3D,blackCenter2,PointGreen,PointRed,PointGreen,testPoint,30.0,0,1,0,1,-101.983,-111.323,-134.1309509,257.55921537547664,273.91664784218585,292.1907337252176,274.5555323142933,0,6.0,10.0,D:\CodingHHW\Biplane\experiment\transform_snapshots\20260322_102817_102524,LinearTransform,D:\CodingHHW\Biplane\experiment\transform_snapshots\20260322_102817_102524\20260322_102817_102524_1_LinearTransform.h5,1,LinearTransform_1,D:\CodingHHW\Biplane\experiment\transform_snapshots\20260322_102817_102524\20260322_102817_102524_2_LinearTransform_1.h5,1,LinearTransform_2,D:\CodingHHW\Biplane\experiment\transform_snapshots\20260322_102817_102524\20260322_102817_102524_3_LinearTransform_2.h5,1,3,1,0.0529637772495879,0.0529637772496229,3.499978085130806e-14,1,1,0.0749016633913178,0.07490166339191857,6.007694342002878e-13,0,0,0.04359250844345511,0.04359250844392378,4.686737109516059e-13,1,1,0.050653992155675086,1,1,0,0,30.0,0.07343257576056758,1,0,0,0,30.0,0.04347551119873027,1,1,0,0,30.0,NA,NA,NA,NA,NA,NA,NA,NA,NA,NA,NA,NA,NA,NA,NA,NA,NA,NA,596.429,537.626,459.311,9.934,592.234,58.446,30.575,3.096,2.931,2.011,0.563,0.504
2026-03-22T10:28:48+08:00,20260322_102848_829374,D:\CodingHHW\Biplane\experiment\experiment_results.csv,CTChest,perspective,Current mode: Perspective,1,1,0,1,1,1,46.99,43.1,67.87,0.36,0.29,0.0,0.36 mm,0.29 px,0.00 mm,testPoint,TargetP3D,blackCenter2,PointGreen,PointRed,PointGreen,testPoint,30.0,0,1,0,1,-101.983,-111.323,-134.1309509,257.55921537547664,273.91664784218585,292.1907337252176,274.5555323142933,0,6.0,10.0,D:\CodingHHW\Biplane\experiment\transform_snapshots\20260322_102848_829374,LinearTransform,D:\CodingHHW\Biplane\experiment\transform_snapshots\20260322_102848_829374\20260322_102848_829374_1_LinearTransform.h5,1,LinearTransform_1,D:\CodingHHW\Biplane\experiment\transform_snapshots\20260322_102848_829374\20260322_102848_829374_2_LinearTransform_1.h5,1,LinearTransform_2,D:\CodingHHW\Biplane\experiment\transform_snapshots\20260322_102848_829374\20260322_102848_829374_3_LinearTransform_2.h5,1,3,1,0.05567802523997617,0.055678025239990124,1.3954115640757436e-14,1,1,0.05363811875242687,0.05363811875243013,3.2612801348363973e-15,0,0,0.05398778811173566,0.05398778811185548,1.1982081993267002e-13,0,0,0.0536101993292236,1,0,0,0,30.0,0.053046934141860264,1,1,0,0,30.0,0.053284668898420096,1,0,0,0,30.0,NA,NA,NA,NA,NA,NA,NA,NA,NA,NA,NA,NA,NA,NA,NA,NA,NA,NA,468.607,518.432,401.603,10.261,594.369,56.889,28.785,3.096,2.528,2.308,0.652,0.485
2026-03-22T10:29:19+08:00,20260322_102919_915467,D:\CodingHHW\Biplane\experiment\experiment_results.csv,CTChest,perspective,Current mode: Perspective,1,1,0,1,1,1,46.99,43.1,67.87,0.39,0.6,0.0,0.39 mm,0.60 px,0.00 mm,testPoint,TargetP3D,blackCenter2,PointGreen,PointRed,PointGreen,testPoint,30.0,0,1,0,1,-101.983,-111.323,-134.1309509,257.55921537547664,273.91664784218585,292.1907337252176,274.5555323142933,0,6.0,10.0,D:\CodingHHW\Biplane\experiment\transform_snapshots\20260322_102919_915467,LinearTransform,D:\CodingHHW\Biplane\experiment\transform_snapshots\20260322_102919_915467\20260322_102919_915467_1_LinearTransform.h5,1,LinearTransform_1,D:\CodingHHW\Biplane\experiment\transform_snapshots\20260322_102919_915467\20260322_102919_915467_2_LinearTransform_1.h5,1,LinearTransform_2,D:\CodingHHW\Biplane\experiment\transform_snapshots\20260322_102919_915467\20260322_102919_915467_3_LinearTransform_2.h5,1,3,1,0.07531976526253821,0.07531976526256244,2.423061751244404e-14,1,1,0.06344879142350358,0.06344879142375577,2.521871600436043e-13,0,0,0.07416123011068032,0.07416123011091579,2.354644257351879e-13,1,1,0.06915944288709498,0,0,0,0,30.0,0.06021521245989012,1,0,0,0,30.0,0.07312673656202366,0,1,0,0,30.0,NA,NA,NA,NA,NA,NA,NA,NA,NA,NA,NA,NA,NA,NA,NA,NA,NA,NA,551.27,587.043,429.549,9.805,594.535,57.347,29.23,3.096,3.864,2.235,0.528,0.57
2026-03-22T10:32:04+08:00,20260322_103204_502490,D:\CodingHHW\Biplane\experiment\experiment_results.csv,CTChest,perspective,Current mode: Perspective,1,1,0,1,1,1,79.61,73.6,85.47,0.21,0.11,0.0,0.21 mm,0.11 px,0.00 mm,testPoint,TargetP3D,blackCenter2,PointGreen,PointRed,PointGreen,testPoint,30.0,0,1,0,1,-101.983,-111.323,-134.1309509,257.55921537547664,279.63093373222154,297.34701971437653,278.1790562740249,0,6.0,10.0,D:\CodingHHW\Biplane\experiment\transform_snapshots\20260322_103204_502490,LinearTransform,D:\CodingHHW\Biplane\experiment\transform_snapshots\20260322_103204_502490\20260322_103204_502490_1_LinearTransform.h5,1,LinearTransform_1,D:\CodingHHW\Biplane\experiment\transform_snapshots\20260322_103204_502490\20260322_103204_502490_2_LinearTransform_1.h5,1,LinearTransform_2,D:\CodingHHW\Biplane\experiment\transform_snapshots\20260322_103204_502490\20260322_103204_502490_3_LinearTransform_2.h5,1,3,1,0.04551609971777658,0.04551609971779726,2.0684842727547448e-14,1,1,0.04530142737334723,0.045301427373795895,4.486619409327375e-13,0,0,0.08046074769877225,0.08046074769907342,3.0117575100518934e-13,0,0,0.04422727927822499,0,0,0,0,30.0,0.04456287314309663,0,0,0,0,30.0,0.07466951403004314,1,0,0,0,30.0,NA,NA,NA,NA,NA,NA,NA,NA,NA,NA,NA,NA,NA,NA,NA,NA,NA,NA,536.301,570.473,386.707,9.524,594.839,58.518,31.398,3.096,3.014,2.021,0.475,0.64
2026-03-22T10:32:52+08:00,20260322_103252_275522,D:\CodingHHW\Biplane\experiment\experiment_results.csv,CTChest,perspective,Current mode: Perspective,1,1,0,1,1,1,79.61,73.6,85.47,0.3,0.43,0.0,0.30 mm,0.43 px,0.00 mm,testPoint,TargetP3D,blackCenter2,PointGreen,PointRed,PointGreen,testPoint,30.0,0,1,0,1,-101.983,-111.323,-134.1309509,257.55921537547664,279.63093373222154,297.34701971437653,278.1790562740249,0,6.0,10.0,D:\CodingHHW\Biplane\experiment\transform_snapshots\20260322_103252_275522,LinearTransform,D:\CodingHHW\Biplane\experiment\transform_snapshots\20260322_103252_275522\20260322_103252_275522_1_LinearTransform.h5,1,LinearTransform_1,D:\CodingHHW\Biplane\experiment\transform_snapshots\20260322_103252_275522\20260322_103252_275522_2_LinearTransform_1.h5,1,LinearTransform_2,D:\CodingHHW\Biplane\experiment\transform_snapshots\20260322_103252_275522\20260322_103252_275522_3_LinearTransform_2.h5,1,3,1,0.06365565245318847,0.06365565245319994,1.1476930517062556e-14,1,1,0.07874147492622319,0.0787414749262366,1.3405943022348765e-14,0,0,0.06314981708842231,0.06314981708846688,4.4575454438700035e-14,1,1,0.06308248398437792,0,0,0,0,30.0,0.07698627278329404,0,0,0,0,30.0,0.06310043436194947,0,1,0,0,30.0,NA,NA,NA,NA,NA,NA,NA,NA,NA,NA,NA,NA,NA,NA,NA,NA,NA,NA,578.865,515.56,390.392,10.193,598.806,56.705,29.62,3.096,2.628,2.316,0.811,0.577
2026-03-22T10:33:25+08:00,20260322_103325_290768,D:\CodingHHW\Biplane\experiment\experiment_results.csv,CTChest,perspective,Current mode: Perspective,1,1,0,1,1,1,79.61,73.6,85.47,0.11,0.01,0.0,0.11 mm,0.01 px,0.00 mm,testPoint,TargetP3D,blackCenter2,PointGreen,PointRed,PointGreen,testPoint,30.0,0,1,0,1,-101.983,-111.323,-134.1309509,257.55921537547664,279.63093373222154,297.34701971437653,278.1790562740249,0,6.0,10.0,D:\CodingHHW\Biplane\experiment\transform_snapshots\20260322_103325_290768,LinearTransform,D:\CodingHHW\Biplane\experiment\transform_snapshots\20260322_103325_290768\20260322_103325_290768_1_LinearTransform.h5,1,LinearTransform_1,D:\CodingHHW\Biplane\experiment\transform_snapshots\20260322_103325_290768\20260322_103325_290768_2_LinearTransform_1.h5,1,LinearTransform_2,D:\CodingHHW\Biplane\experiment\transform_snapshots\20260322_103325_290768\20260322_103325_290768_3_LinearTransform_2.h5,1,3,1,0.0744686249953067,0.0744686249953205,1.3808398868775384e-14,1,1,0.05655012373533481,0.056550123735386836,5.20278264914964e-14,1,1,0.05727091554932081,0.057270915549737754,4.1694425689797754e-13,1,1,0.0659314124215944,0,0,0,0,30.0,0.05251300989409532,0,1,0,0,30.0,0.05660701108963779,1,1,0,0,30.0,NA,NA,NA,NA,NA,NA,NA,NA,NA,NA,NA,NA,NA,NA,NA,NA,NA,NA,452.344,527.386,460.273,9.827,595.34,59.535,31.755,3.096,3.31,2.362,0.546,0.483
2026-03-22T10:33:56+08:00,20260322_103356_442420,D:\CodingHHW\Biplane\experiment\experiment_results.csv,CTChest,perspective,Current mode: Perspective,1,1,0,1,1,1,79.61,73.6,85.47,0.35,0.28,0.0,0.35 mm,0.28 px,0.00 mm,testPoint,TargetP3D,blackCenter2,PointGreen,PointRed,PointGreen,testPoint,30.0,0,1,0,1,-101.983,-111.323,-134.1309509,257.55921537547664,279.63093373222154,297.34701971437653,278.1790562740249,0,6.0,10.0,D:\CodingHHW\Biplane\experiment\transform_snapshots\20260322_103356_442420,LinearTransform,D:\CodingHHW\Biplane\experiment\transform_snapshots\20260322_103356_442420\20260322_103356_442420_1_LinearTransform.h5,1,LinearTransform_1,D:\CodingHHW\Biplane\experiment\transform_snapshots\20260322_103356_442420\20260322_103356_442420_2_LinearTransform_1.h5,1,LinearTransform_2,D:\CodingHHW\Biplane\experiment\transform_snapshots\20260322_103356_442420\20260322_103356_442420_3_LinearTransform_2.h5,1,3,1,0.05145411605540189,0.051454116055409525,7.632783294297951e-15,1,1,0.048523293482682577,0.04852329348284486,1.6228685062458226e-13,1,1,0.08746146335145454,0.08746146335228648,8.319456235028611e-13,0,0,0.05096830118768293,1,0,0,0,30.0,0.0458691045272542,0,0,0,0,30.0,0.07349204102012885,0,0,0,0,30.0,NA,NA,NA,NA,NA,NA,NA,NA,NA,NA,NA,NA,NA,NA,NA,NA,NA,NA,482.709,588.899,379.093,9.856,587.509,57.332,30.709,3.096,3.316,2.432,0.502,0.663
2026-03-22T10:34:32+08:00,20260322_103432_410731,D:\CodingHHW\Biplane\experiment\experiment_results.csv,CTChest,perspective,Current mode: Perspective,1,1,0,1,1,1,79.61,73.6,85.47,0.11,0.09,0.0,0.11 mm,0.09 px,0.00 mm,testPoint,TargetP3D,blackCenter2,PointGreen,PointRed,PointGreen,testPoint,30.0,0,1,0,1,-101.983,-111.323,-134.1309509,257.55921537547664,279.63093373222154,297.34701971437653,278.1790562740249,0,6.0,10.0,D:\CodingHHW\Biplane\experiment\transform_snapshots\20260322_103432_410731,LinearTransform,D:\CodingHHW\Biplane\experiment\transform_snapshots\20260322_103432_410731\20260322_103432_410731_1_LinearTransform.h5,1,LinearTransform_1,D:\CodingHHW\Biplane\experiment\transform_snapshots\20260322_103432_410731\20260322_103432_410731_2_LinearTransform_1.h5,1,LinearTransform_2,D:\CodingHHW\Biplane\experiment\transform_snapshots\20260322_103432_410731\20260322_103432_410731_3_LinearTransform_2.h5,1,3,1,0.04883922398985511,0.04883922398987023,1.511984981661385e-14,1,1,0.07108476052011026,0.0710847605208659,7.556455461354972e-13,0,0,0.08303665400637997,0.08303665400688329,5.033196082138147e-13,0,0,0.04706371844477163,1,0,0,0,30.0,0.06936482521224571,1,0,0,0,30.0,0.07942119103149405,0,1,0,0,30.0,NA,NA,NA,NA,NA,NA,NA,NA,NA,NA,NA,NA,NA,NA,NA,NA,NA,NA,541.972,552.114,399.276,10.184,596.934,58.454,30.947,3.096,2.987,2.155,0.5,0.497
2026-03-22T10:35:04+08:00,20260322_103504_414455,D:\CodingHHW\Biplane\experiment\experiment_results.csv,CTChest,perspective,Current mode: Perspective,1,1,0,1,1,1,79.61,73.6,85.47,0.19,0.19,0.0,0.19 mm,0.19 px,0.00 mm,testPoint,TargetP3D,blackCenter2,PointGreen,PointRed,PointGreen,testPoint,30.0,0,1,0,1,-101.983,-111.323,-134.1309509,257.55921537547664,279.63093373222154,297.34701971437653,278.1790562740249,0,6.0,10.0,D:\CodingHHW\Biplane\experiment\transform_snapshots\20260322_103504_414455,LinearTransform,D:\CodingHHW\Biplane\experiment\transform_snapshots\20260322_103504_414455\20260322_103504_414455_1_LinearTransform.h5,1,LinearTransform_1,D:\CodingHHW\Biplane\experiment\transform_snapshots\20260322_103504_414455\20260322_103504_414455_2_LinearTransform_1.h5,1,LinearTransform_2,D:\CodingHHW\Biplane\experiment\transform_snapshots\20260322_103504_414455\20260322_103504_414455_3_LinearTransform_2.h5,1,3,1,0.047096115083497064,0.047096115083653536,1.56472057533108e-13,1,1,0.07379270852010257,0.07379270852010873,6.161737786669619e-15,0,0,0.04452067807733225,0.04452067807826609,9.338363415878348e-13,0,0,0.04693016308297507,0,1,0,0,30.0,0.07360885956849443,0,1,0,0,30.0,0.043927183069714215,1,1,0,0,30.0,NA,NA,NA,NA,NA,NA,NA,NA,NA,NA,NA,NA,NA,NA,NA,NA,NA,NA,677.157,496.266,436.917,9.849,591.536,58.248,31.144,3.096,3.276,2.132,0.636,0.501
2026-03-22T10:36:02+08:00,20260322_103602_242346,D:\CodingHHW\Biplane\experiment\experiment_results.csv,CTChest,perspective,Current mode: Perspective,1,1,0,1,1,1,79.61,73.6,85.47,0.3,0.08,0.0,0.30 mm,0.08 px,0.00 mm,testPoint,TargetP3D,blackCenter2,PointGreen,PointRed,PointGreen,testPoint,30.0,0,1,0,1,-101.983,-111.323,-134.1309509,257.55921537547664,279.63093373222154,297.34701971437653,278.1790562740249,0,6.0,10.0,D:\CodingHHW\Biplane\experiment\transform_snapshots\20260322_103602_242346,LinearTransform,D:\CodingHHW\Biplane\experiment\transform_snapshots\20260322_103602_242346\20260322_103602_242346_1_LinearTransform.h5,1,LinearTransform_1,D:\CodingHHW\Biplane\experiment\transform_snapshots\20260322_103602_242346\20260322_103602_242346_2_LinearTransform_1.h5,1,LinearTransform_2,D:\CodingHHW\Biplane\experiment\transform_snapshots\20260322_103602_242346\20260322_103602_242346_3_LinearTransform_2.h5,1,3,1,0.05047128906468888,0.050471289064740445,5.1562920599934614e-14,1,1,0.0715847735866285,0.07158477358710402,4.755223992347624e-13,1,1,0.06231397610043791,0.062313976100989314,5.514061429678918e-13,0,0,0.049141927723042635,0,1,0,0,30.0,0.0701529201969356,0,1,0,0,30.0,0.061769509478700316,1,0,0,0,30.0,NA,NA,NA,NA,NA,NA,NA,NA,NA,NA,NA,NA,NA,NA,NA,NA,NA,NA,544.494,546.994,481.52,9.708,590.754,56.663,29.178,3.096,2.031,3.496,0.508,0.588
2026-03-22T10:37:05+08:00,20260322_103705_770471,D:\CodingHHW\Biplane\experiment\experiment_results.csv,CTChest,orthographic,Current mode: Orthographic,1,0,1,1,1,1,79.61,73.6,85.47,0.35,0.04,0.0,0.35 mm,0.04 px,0.00 mm,testPoint,TargetP3D,blackCenter2,PointGreen,PointRed,PointGreen,testPoint,30.0,1,1,0,1,-101.983,-111.323,-134.1309509,257.55921537547664,279.63093373222154,297.34701971437653,278.1790562740249,0,6.0,10.0,D:\CodingHHW\Biplane\experiment\transform_snapshots\20260322_103705_770471,LinearTransform,D:\CodingHHW\Biplane\experiment\transform_snapshots\20260322_103705_770471\20260322_103705_770471_1_LinearTransform.h5,1,LinearTransform_1,D:\CodingHHW\Biplane\experiment\transform_snapshots\20260322_103705_770471\20260322_103705_770471_2_LinearTransform_1.h5,1,LinearTransform_2,D:\CodingHHW\Biplane\experiment\transform_snapshots\20260322_103705_770471\20260322_103705_770471_3_LinearTransform_2.h5,1,3,1,1.3348913678594674,1.334891367859497,2.9531932455029164e-14,1,1,1.339602408185318,1.3396024081854558,1.3788969965844444e-13,0,0,1.6038458763290366,1.6038458763293164,2.7977620220553945e-13,1,1,NA,NA,NA,NA,NA,NA,NA,NA,NA,NA,NA,NA,NA,NA,NA,NA,NA,NA,0.039499311902488954,1,0,0,0,30.0,0.05549964594605582,1,1,0,0,30.0,0.061795339086322336,0,1,0,0,30.0,647.7,501.923,420.273,10.075,570.391,29.406,29.178,3.285,3.002,2.341,0.576,0.559
2026-03-22T10:37:52+08:00,20260322_103752_774614,D:\CodingHHW\Biplane\experiment\experiment_results.csv,CTChest,orthographic,Current mode: Orthographic,1,0,1,1,1,1,79.61,73.6,85.47,0.17,0.39,0.0,0.17 mm,0.39 px,0.00 mm,testPoint,TargetP3D,blackCenter2,PointGreen,PointRed,PointGreen,testPoint,30.0,1,1,0,1,-101.983,-111.323,-134.1309509,257.55921537547664,279.63093373222154,297.34701971437653,278.1790562740249,0,6.0,10.0,D:\CodingHHW\Biplane\experiment\transform_snapshots\20260322_103752_774614,LinearTransform,D:\CodingHHW\Biplane\experiment\transform_snapshots\20260322_103752_774614\20260322_103752_774614_1_LinearTransform.h5,1,LinearTransform_1,D:\CodingHHW\Biplane\experiment\transform_snapshots\20260322_103752_774614\20260322_103752_774614_2_LinearTransform_1.h5,1,LinearTransform_2,D:\CodingHHW\Biplane\experiment\transform_snapshots\20260322_103752_774614\20260322_103752_774614_3_LinearTransform_2.h5,1,3,1,1.9791763922733705,1.9791763922736487,2.7822188997106423e-13,1,1,2.580004983292011,2.5800049832921768,1.6564527527407336e-13,0,0,0.7689095678572713,0.7689095678573514,8.01581023779363e-14,0,0,NA,NA,NA,NA,NA,NA,NA,NA,NA,NA,NA,NA,NA,NA,NA,NA,NA,NA,0.029149925744647504,0,1,0,0,30.0,0.05323892511855004,1,1,0,0,30.0,0.04201586989537048,1,1,0,0,30.0,628.762,549.374,454.276,10.203,564.578,29.096,29.178,3.172,2.932,2.229,0.542,0.589
2026-03-22T10:38:32+08:00,20260322_103832_022057,D:\CodingHHW\Biplane\experiment\experiment_results.csv,CTChest,orthographic,Current mode: Orthographic,1,0,1,1,1,1,79.61,73.6,85.47,0.21,0.26,0.0,0.21 mm,0.26 px,0.00 mm,testPoint,TargetP3D,blackCenter2,PointGreen,PointRed,PointGreen,testPoint,30.0,1,1,0,1,-101.983,-111.323,-134.1309509,257.55921537547664,279.63093373222154,297.34701971437653,278.1790562740249,0,6.0,10.0,D:\CodingHHW\Biplane\experiment\transform_snapshots\20260322_103832_022057,LinearTransform,D:\CodingHHW\Biplane\experiment\transform_snapshots\20260322_103832_022057\20260322_103832_022057_1_LinearTransform.h5,1,LinearTransform_1,D:\CodingHHW\Biplane\experiment\transform_snapshots\20260322_103832_022057\20260322_103832_022057_2_LinearTransform_1.h5,1,LinearTransform_2,D:\CodingHHW\Biplane\experiment\transform_snapshots\20260322_103832_022057\20260322_103832_022057_3_LinearTransform_2.h5,1,3,1,1.3761768147870919,1.3761768147871294,3.752553823233029e-14,0,0,1.8561898290902425,1.8561898290910033,7.607248164731573e-13,0,1,1.133545393396786,1.1335453933970354,2.4935609133081016e-13,1,1,NA,NA,NA,NA,NA,NA,NA,NA,NA,NA,NA,NA,NA,NA,NA,NA,NA,NA,0.06417624721258992,1,0,0,0,30.0,0.07847081051115876,0,1,0,0,30.0,0.0491648888017193,0,0,0,0,30.0,693.716,564.089,407.161,9.578,565.136,30.539,29.178,3.21,2.967,2.015,0.569,0.532
2026-03-22T10:39:15+08:00,20260322_103915_755176,D:\CodingHHW\Biplane\experiment\experiment_results.csv,CTChest,orthographic,Current mode: Orthographic,1,0,1,1,1,1,79.61,73.6,85.47,0.18,0.31,0.0,0.18 mm,0.31 px,0.00 mm,testPoint,TargetP3D,blackCenter2,PointGreen,PointRed,PointGreen,testPoint,30.0,1,1,0,1,-101.983,-111.323,-134.1309509,257.55921537547664,279.63093373222154,297.34701971437653,278.1790562740249,0,6.0,10.0,D:\CodingHHW\Biplane\experiment\transform_snapshots\20260322_103915_755176,LinearTransform,D:\CodingHHW\Biplane\experiment\transform_snapshots\20260322_103915_755176\20260322_103915_755176_1_LinearTransform.h5,1,LinearTransform_1,D:\CodingHHW\Biplane\experiment\transform_snapshots\20260322_103915_755176\20260322_103915_755176_2_LinearTransform_1.h5,1,LinearTransform_2,D:\CodingHHW\Biplane\experiment\transform_snapshots\20260322_103915_755176\20260322_103915_755176_3_LinearTransform_2.h5,1,3,1,1.2962594609690588,1.2962594609690776,1.887379141862766e-14,0,0,1.6373824173793088,1.6373824173793472,3.8413716652030416e-14,1,1,1.0841874822445359,1.0841874822459434,1.4075407506197735e-12,1,1,NA,NA,NA,NA,NA,NA,NA,NA,NA,NA,NA,NA,NA,NA,NA,NA,NA,NA,0.05525499604363815,0,1,0,0,30.0,0.026471386196779374,1,0,0,0,30.0,0.06405404953596981,1,1,0,0,30.0,604.392,548.151,414.161,9.999,569.586,29.225,29.178,2.737,3.175,2.195,0.564,0.678
2026-03-22T10:40:02+08:00,20260322_104002_497781,D:\CodingHHW\Biplane\experiment\experiment_results.csv,CTChest,orthographic,Current mode: Orthographic,1,0,1,1,1,1,79.61,73.6,85.47,0.31,0.1,0.0,0.31 mm,0.10 px,0.00 mm,testPoint,TargetP3D,blackCenter2,PointGreen,PointRed,PointGreen,testPoint,30.0,1,1,0,1,-101.983,-111.323,-134.1309509,257.55921537547664,279.63093373222154,297.34701971437653,278.1790562740249,0,6.0,10.0,D:\CodingHHW\Biplane\experiment\transform_snapshots\20260322_104002_497781,LinearTransform,D:\CodingHHW\Biplane\experiment\transform_snapshots\20260322_104002_497781\20260322_104002_497781_1_LinearTransform.h5,1,LinearTransform_1,D:\CodingHHW\Biplane\experiment\transform_snapshots\20260322_104002_497781\20260322_104002_497781_2_LinearTransform_1.h5,1,LinearTransform_2,D:\CodingHHW\Biplane\experiment\transform_snapshots\20260322_104002_497781\20260322_104002_497781_3_LinearTransform_2.h5,1,3,1,0.8422805250925012,0.8422805250925061,4.884981308350689e-15,0,0,1.3251884570295926,1.3251884570296244,3.175237850427948e-14,0,0,0.9791945042365454,0.9791945042379585,1.4130918657428992e-12,0,0,NA,NA,NA,NA,NA,NA,NA,NA,NA,NA,NA,NA,NA,NA,NA,NA,NA,NA,0.0709904641359337,1,1,0,0,30.0,0.05018291903105269,0,0,0,0,30.0,0.0595998493849238,0,1,0,0,30.0,533.275,492.302,433.014,10.08,566.933,30.25,29.178,2.967,3.311,1.995,0.539,0.613
2026-03-22T10:40:33+08:00,20260322_104033_665272,D:\CodingHHW\Biplane\experiment\experiment_results.csv,CTChest,orthographic,Current mode: Orthographic,1,0,1,1,1,1,79.61,73.6,85.47,0.22,0.12,0.0,0.22 mm,0.12 px,0.00 mm,testPoint,TargetP3D,blackCenter2,PointGreen,PointRed,PointGreen,testPoint,30.0,1,1,0,1,-101.983,-111.323,-134.1309509,257.55921537547664,279.63093373222154,297.34701971437653,278.1790562740249,0,6.0,10.0,D:\CodingHHW\Biplane\experiment\transform_snapshots\20260322_104033_665272,LinearTransform,D:\CodingHHW\Biplane\experiment\transform_snapshots\20260322_104033_665272\20260322_104033_665272_1_LinearTransform.h5,1,LinearTransform_1,D:\CodingHHW\Biplane\experiment\transform_snapshots\20260322_104033_665272\20260322_104033_665272_2_LinearTransform_1.h5,1,LinearTransform_2,D:\CodingHHW\Biplane\experiment\transform_snapshots\20260322_104033_665272\20260322_104033_665272_3_LinearTransform_2.h5,1,3,1,1.2789367716991056,1.2789367716991185,1.2878587085651816e-14,0,0,2.0831156037956964,2.083115603795751,5.46229728115577e-14,1,1,2.8328160750468063,2.832816075049622,2.815525590449397e-12,0,0,NA,NA,NA,NA,NA,NA,NA,NA,NA,NA,NA,NA,NA,NA,NA,NA,NA,NA,0.050683347627897446,1,1,0,0,30.0,0.04141233418040455,1,0,0,0,30.0,0.03132395536912872,0,0,0,0,30.0,607.929,563.452,493.05,9.65,563.225,29.109,29.178,3.083,2.912,1.979,0.568,0.49
2026-03-22T10:47:57+08:00,20260322_104757_781604,D:\CodingHHW\Biplane\experiment\experiment_results.csv,CTChest,orthographic,Current mode: Orthographic,1,0,1,1,1,1,79.61,73.6,85.47,0.11,0.16,0.0,0.11 mm,0.16 px,0.00 mm,testPoint,TargetP3D,blackCenter2,PointGreen,PointRed,PointGreen,testPoint,30.0,1,1,0,1,124.12857055664062,35.32632827758789,-171.99200439453125,165.12850876186556,157.4850752679883,181.9816939573606,168.19842599573815,0,6.0,10.0,D:\CodingHHW\Biplane\experiment\transform_snapshots\20260322_104757_781604,LinearTransform,D:\CodingHHW\Biplane\experiment\transform_snapshots\20260322_104757_781604\20260322_104757_781604_1_LinearTransform.h5,1,LinearTransform_1,D:\CodingHHW\Biplane\experiment\transform_snapshots\20260322_104757_781604\20260322_104757_781604_2_LinearTransform_1.h5,1,LinearTransform_2,D:\CodingHHW\Biplane\experiment\transform_snapshots\20260322_104757_781604\20260322_104757_781604_3_LinearTransform_2.h5,1,3,1,1.2572869214859255,1.257286921485932,6.439293542825908e-15,0,0,2.046380735986212,2.046380735986551,3.388400671155978e-13,1,1,1.41261714987409,1.4126171498742492,1.5920598173124745e-13,1,1,NA,NA,NA,NA,NA,NA,NA,NA,NA,NA,NA,NA,NA,NA,NA,NA,NA,NA,0.045459017074082585,1,0,0,0,30.0,0.04809952664379199,1,1,0,0,30.0,0.04514184996703109,0,0,0,0,30.0,606.863,871.012,505.527,9.709,567.279,29.816,29.178,3.243,2.91,2.024,0.847,0.491
2026-03-22T10:48:42+08:00,20260322_104842_406437,D:\CodingHHW\Biplane\experiment\experiment_results.csv,CTChest,orthographic,Current mode: Orthographic,1,0,1,1,1,1,79.61,73.6,85.47,0.1,0.46,0.0,0.10 mm,0.46 px,0.00 mm,testPoint,TargetP3D,blackCenter2,PointGreen,PointRed,PointGreen,testPoint,30.0,1,1,0,1,124.12857055664062,35.32632827758789,-171.99200439453125,165.12850876186556,157.4850752679883,181.9816939573606,168.19842599573815,0,6.0,10.0,D:\CodingHHW\Biplane\experiment\transform_snapshots\20260322_104842_406437,LinearTransform,D:\CodingHHW\Biplane\experiment\transform_snapshots\20260322_104842_406437\20260322_104842_406437_1_LinearTransform.h5,1,LinearTransform_1,D:\CodingHHW\Biplane\experiment\transform_snapshots\20260322_104842_406437\20260322_104842_406437_2_LinearTransform_1.h5,1,LinearTransform_2,D:\CodingHHW\Biplane\experiment\transform_snapshots\20260322_104842_406437\20260322_104842_406437_3_LinearTransform_2.h5,1,3,1,1.7016500184138865,1.7016500184138952,8.659739592076221e-15,1,1,1.4217729769027547,1.4217729769028282,7.349676423018536e-14,0,0,1.3022347984956057,1.3022347984956737,6.794564910705958e-14,0,0,NA,NA,NA,NA,NA,NA,NA,NA,NA,NA,NA,NA,NA,NA,NA,NA,NA,NA,0.039591155509171826,0,0,0,0,30.0,0.05066960051006217,0,1,0,0,30.0,0.036521456568522556,1,0,0,0,30.0,695.009,537.052,438.421,10.065,569.365,29.93,29.178,3.223,3.203,2.466,0.652,0.487
2026-03-22T10:49:16+08:00,20260322_104916_432326,D:\CodingHHW\Biplane\experiment\experiment_results.csv,CTChest,orthographic,Current mode: Orthographic,1,0,1,1,1,1,79.61,73.6,85.47,0.12,0.1,0.0,0.12 mm,0.10 px,0.00 mm,testPoint,TargetP3D,blackCenter2,PointGreen,PointRed,PointGreen,testPoint,30.0,1,1,0,1,124.12857055664062,35.32632827758789,-171.99200439453125,165.12850876186556,157.4850752679883,181.9816939573606,168.19842599573815,0,6.0,10.0,D:\CodingHHW\Biplane\experiment\transform_snapshots\20260322_104916_432326,LinearTransform,D:\CodingHHW\Biplane\experiment\transform_snapshots\20260322_104916_432326\20260322_104916_432326_1_LinearTransform.h5,1,LinearTransform_1,D:\CodingHHW\Biplane\experiment\transform_snapshots\20260322_104916_432326\20260322_104916_432326_2_LinearTransform_1.h5,1,LinearTransform_2,D:\CodingHHW\Biplane\experiment\transform_snapshots\20260322_104916_432326\20260322_104916_432326_3_LinearTransform_2.h5,1,3,1,1.4423352551038398,1.4423352551038466,6.8833827526759706e-15,0,0,1.6078919109878254,1.6078919109878391,1.3766765505351941e-14,0,1,1.646712737044024,1.6467127370440733,4.929390229335695e-14,1,0,NA,NA,NA,NA,NA,NA,NA,NA,NA,NA,NA,NA,NA,NA,NA,NA,NA,NA,0.06171765109901503,1,0,0,0,30.0,0.03566832057393217,1,0,0,0,30.0,0.05762155886974787,0,0,0,0,30.0,600.386,576.17,440.312,9.66,568.146,29.393,29.178,3.13,2.943,2.084,0.611,0.623
2026-03-22T10:49:51+08:00,20260322_104951_801643,D:\CodingHHW\Biplane\experiment\experiment_results.csv,CTChest,orthographic,Current mode: Orthographic,1,0,1,1,1,1,79.61,73.6,85.47,0.05,0.04,0.0,0.05 mm,0.04 px,0.00 mm,testPoint,TargetP3D,blackCenter2,PointGreen,PointRed,PointGreen,testPoint,30.0,1,1,0,1,124.12857055664062,35.32632827758789,-171.99200439453125,165.12850876186556,157.4850752679883,181.9816939573606,168.19842599573815,0,6.0,10.0,D:\CodingHHW\Biplane\experiment\transform_snapshots\20260322_104951_801643,LinearTransform,D:\CodingHHW\Biplane\experiment\transform_snapshots\20260322_104951_801643\20260322_104951_801643_1_LinearTransform.h5,1,LinearTransform_1,D:\CodingHHW\Biplane\experiment\transform_snapshots\20260322_104951_801643\20260322_104951_801643_2_LinearTransform_1.h5,1,LinearTransform_2,D:\CodingHHW\Biplane\experiment\transform_snapshots\20260322_104951_801643\20260322_104951_801643_3_LinearTransform_2.h5,1,3,1,1.6936983748203827,1.6936983748203884,5.773159728050814e-15,0,0,1.4912990473399501,1.4912990473399876,3.752553823233029e-14,0,0,1.4480532397755252,1.4480532397755508,2.55351295663786e-14,1,1,NA,NA,NA,NA,NA,NA,NA,NA,NA,NA,NA,NA,NA,NA,NA,NA,NA,NA,0.06052715260811321,0,1,0,0,30.0,0.03631696602708266,1,0,0,0,30.0,0.06302554400954953,0,1,0,0,30.0,679.333,514.946,451.263,9.798,566.495,29.198,29.178,3.241,3.215,2.149,0.705,0.575
2026-03-22T10:50:24+08:00,20260322_105024_170498,D:\CodingHHW\Biplane\experiment\experiment_results.csv,CTChest,orthographic,Current mode: Orthographic,1,0,1,1,1,1,79.61,73.6,85.47,0.14,0.26,0.0,0.14 mm,0.26 px,0.00 mm,testPoint,TargetP3D,blackCenter2,PointGreen,PointRed,PointGreen,testPoint,30.0,1,1,0,1,124.12857055664062,35.32632827758789,-171.99200439453125,165.12850876186556,157.4850752679883,181.9816939573606,168.19842599573815,0,6.0,10.0,D:\CodingHHW\Biplane\experiment\transform_snapshots\20260322_105024_170498,LinearTransform,D:\CodingHHW\Biplane\experiment\transform_snapshots\20260322_105024_170498\20260322_105024_170498_1_LinearTransform.h5,1,LinearTransform_1,D:\CodingHHW\Biplane\experiment\transform_snapshots\20260322_105024_170498\20260322_105024_170498_2_LinearTransform_1.h5,1,LinearTransform_2,D:\CodingHHW\Biplane\experiment\transform_snapshots\20260322_105024_170498\20260322_105024_170498_3_LinearTransform_2.h5,1,3,1,1.464252970386567,1.4642529703866582,9.126033262418787e-14,0,0,2.0598307780691787,2.0598307780691845,5.773159728050814e-15,0,0,1.5981999202303498,1.5981999202316377,1.2878587085651816e-12,1,1,NA,NA,NA,NA,NA,NA,NA,NA,NA,NA,NA,NA,NA,NA,NA,NA,NA,NA,0.07566066272409809,1,0,0,0,30.0,0.05442795946816032,0,1,0,0,30.0,0.04280297611076717,1,1,0,0,30.0,587.249,489.791,408.387,9.848,568.286,29.319,29.178,2.739,3.092,2.325,0.517,0.509
2026-03-22T10:51:06+08:00,20260322_105106_220001,D:\CodingHHW\Biplane\experiment\experiment_results.csv,CTChest,orthographic,Current mode: Orthographic,1,0,1,1,1,1,79.61,73.6,85.47,0.1,0.47,0.0,0.10 mm,0.47 px,0.00 mm,testPoint,TargetP3D,blackCenter2,PointGreen,PointRed,PointGreen,testPoint,30.0,1,1,0,1,124.12857055664062,35.32632827758789,-171.99200439453125,165.12850876186556,157.4850752679883,181.9816939573606,168.19842599573815,0,6.0,10.0,D:\CodingHHW\Biplane\experiment\transform_snapshots\20260322_105106_220001,LinearTransform,D:\CodingHHW\Biplane\experiment\transform_snapshots\20260322_105106_220001\20260322_105106_220001_1_LinearTransform.h5,1,LinearTransform_1,D:\CodingHHW\Biplane\experiment\transform_snapshots\20260322_105106_220001\20260322_105106_220001_2_LinearTransform_1.h5,1,LinearTransform_2,D:\CodingHHW\Biplane\experiment\transform_snapshots\20260322_105106_220001\20260322_105106_220001_3_LinearTransform_2.h5,1,3,1,1.397784843938782,1.3977848439387945,1.2434497875801753e-14,0,0,2.211759238401997,2.2117592384019984,1.3322676295501878e-15,0,0,2.005982519058206,2.0059825190582155,9.325873406851315e-15,1,1,NA,NA,NA,NA,NA,NA,NA,NA,NA,NA,NA,NA,NA,NA,NA,NA,NA,NA,0.04779630516659864,0,1,0,0,30.0,0.04889433595458392,0,0,0,0,30.0,0.0487476436847121,1,0,0,0,30.0,713.431,519.691,406.686,10.958,571.634,29.414,29.178,2.791,2.909,1.5,0.507,0.612
2026-03-22T10:51:38+08:00,20260322_105138_970996,D:\CodingHHW\Biplane\experiment\experiment_results.csv,CTChest,orthographic,Current mode: Orthographic,1,0,1,1,1,1,79.61,73.6,85.47,0.05,0.01,0.0,0.05 mm,0.01 px,0.00 mm,testPoint,TargetP3D,blackCenter2,PointGreen,PointRed,PointGreen,testPoint,30.0,1,1,0,1,124.12857055664062,35.32632827758789,-171.99200439453125,165.12850876186556,157.4850752679883,181.9816939573606,168.19842599573815,0,6.0,10.0,D:\CodingHHW\Biplane\experiment\transform_snapshots\20260322_105138_970996,LinearTransform,D:\CodingHHW\Biplane\experiment\transform_snapshots\20260322_105138_970996\20260322_105138_970996_1_LinearTransform.h5,1,LinearTransform_1,D:\CodingHHW\Biplane\experiment\transform_snapshots\20260322_105138_970996\20260322_105138_970996_2_LinearTransform_1.h5,1,LinearTransform_2,D:\CodingHHW\Biplane\experiment\transform_snapshots\20260322_105138_970996\20260322_105138_970996_3_LinearTransform_2.h5,1,3,1,1.9758421444426597,1.9758421444426721,1.2434497875801753e-14,1,1,1.527326681528332,1.5273266815286233,2.913225216616411e-13,0,0,1.7362387086189262,1.7362387086300881,1.1161960244976399e-11,0,0,NA,NA,NA,NA,NA,NA,NA,NA,NA,NA,NA,NA,NA,NA,NA,NA,NA,NA,0.07728308785656159,0,0,0,0,30.0,0.06264790389510536,1,1,0,0,30.0,0.06825893979121678,0,0,0,0,30.0,653.229,570.897,404.194,9.775,572.288,28.938,29.178,2.859,3.09,2.514,0.535,0.486
2026-03-22T10:52:07+08:00,20260322_105207_081008,D:\CodingHHW\Biplane\experiment\experiment_results.csv,CTChest,orthographic,Current mode: Orthographic,1,0,1,1,1,1,79.61,73.6,85.47,0.21,0.19,0.0,0.21 mm,0.19 px,0.00 mm,testPoint,TargetP3D,blackCenter2,PointGreen,PointRed,PointGreen,testPoint,30.0,1,1,0,1,124.12857055664062,35.32632827758789,-171.99200439453125,165.12850876186556,157.4850752679883,181.9816939573606,168.19842599573815,0,6.0,10.0,D:\CodingHHW\Biplane\experiment\transform_snapshots\20260322_105207_081008,LinearTransform,D:\CodingHHW\Biplane\experiment\transform_snapshots\20260322_105207_081008\20260322_105207_081008_1_LinearTransform.h5,1,LinearTransform_1,D:\CodingHHW\Biplane\experiment\transform_snapshots\20260322_105207_081008\20260322_105207_081008_2_LinearTransform_1.h5,1,LinearTransform_2,D:\CodingHHW\Biplane\experiment\transform_snapshots\20260322_105207_081008\20260322_105207_081008_3_LinearTransform_2.h5,1,3,1,0.9511419783964822,0.9511419783964912,8.992806499463768e-15,1,1,1.218168650692445,1.2181686506929283,4.833911049217932e-13,0,1,1.0587894351808886,1.0587894351810465,1.5787371410169726e-13,1,1,NA,NA,NA,NA,NA,NA,NA,NA,NA,NA,NA,NA,NA,NA,NA,NA,NA,NA,0.058341172997089484,1,1,0,0,30.0,0.06161367315047148,0,1,0,0,30.0,0.07221926011452601,1,0,0,0,30.0,543.88,544.638,391.133,10.747,564.593,30.111,29.178,3.143,2.954,2.078,0.586,0.566
2026-03-22T10:53:15+08:00,20260322_105315_231885,D:\CodingHHW\Biplane\experiment\experiment_results.csv,CTChest,perspective,Current mode: Perspective,1,1,0,1,1,1,79.61,73.6,85.47,0.03,0.21,0.0,0.03 mm,0.21 px,0.00 mm,testPoint,TargetP3D,blackCenter2,PointGreen,PointRed,PointGreen,testPoint,30.0,0,1,0,1,124.12857055664062,35.32632827758789,-171.99200439453125,165.12850876186556,157.4850752679883,181.9816939573606,168.19842599573815,0,6.0,10.0,D:\CodingHHW\Biplane\experiment\transform_snapshots\20260322_105315_231885,LinearTransform,D:\CodingHHW\Biplane\experiment\transform_snapshots\20260322_105315_231885\20260322_105315_231885_1_LinearTransform.h5,1,LinearTransform_1,D:\CodingHHW\Biplane\experiment\transform_snapshots\20260322_105315_231885\20260322_105315_231885_2_LinearTransform_1.h5,1,LinearTransform_2,D:\CodingHHW\Biplane\experiment\transform_snapshots\20260322_105315_231885\20260322_105315_231885_3_LinearTransform_2.h5,1,3,1,0.06476775156806476,0.06476775156806808,3.316791286067655e-15,1,1,0.07368285782696882,0.07368285782706273,9.391099009548043e-14,1,1,0.05290217869211024,0.05290217869263147,5.212288933797993e-13,0,0,0.06331517560896636,0,0,0,0,30.0,0.06696033664518566,0,0,0,0,30.0,0.05087004366829187,1,1,0,0,30.0,NA,NA,NA,NA,NA,NA,NA,NA,NA,NA,NA,NA,NA,NA,NA,NA,NA,NA,543.207,527.465,447.408,9.551,589.401,55.551,28.52,3.143,2.977,2.13,0.534,0.692
2026-03-22T10:53:58+08:00,20260322_105358_066260,D:\CodingHHW\Biplane\experiment\experiment_results.csv,CTChest,perspective,Current mode: Perspective,1,1,0,1,1,1,79.61,73.6,85.47,0.12,0.13,0.0,0.12 mm,0.13 px,0.00 mm,testPoint,TargetP3D,blackCenter2,PointGreen,PointRed,PointGreen,testPoint,30.0,0,1,0,1,124.12857055664062,35.32632827758789,-171.99200439453125,165.12850876186556,157.4850752679883,181.9816939573606,168.19842599573815,0,6.0,10.0,D:\CodingHHW\Biplane\experiment\transform_snapshots\20260322_105358_066260,LinearTransform,D:\CodingHHW\Biplane\experiment\transform_snapshots\20260322_105358_066260\20260322_105358_066260_1_LinearTransform.h5,1,LinearTransform_1,D:\CodingHHW\Biplane\experiment\transform_snapshots\20260322_105358_066260\20260322_105358_066260_2_LinearTransform_1.h5,1,LinearTransform_2,D:\CodingHHW\Biplane\experiment\transform_snapshots\20260322_105358_066260\20260322_105358_066260_3_LinearTransform_2.h5,1,3,1,0.050807791414442464,0.05080779141447252,3.0052349497822206e-14,0,0,0.062155539845736824,0.062155539845799836,6.301209554138154e-14,0,0,0.07841770446555833,0.07841770446558272,2.438327317833e-14,1,1,0.04888502424954312,0,0,0,0,30.0,0.06153053959573612,0,0,0,0,30.0,0.07590237801645415,0,0,0,0,30.0,NA,NA,NA,NA,NA,NA,NA,NA,NA,NA,NA,NA,NA,NA,NA,NA,NA,NA,441.312,515.777,426.257,9.927,594.657,56.045,29.201,3.143,3.24,2.17,0.539,0.565
2026-03-22T10:54:32+08:00,20260322_105432_518755,D:\CodingHHW\Biplane\experiment\experiment_results.csv,CTChest,perspective,Current mode: Perspective,1,1,0,1,1,1,79.61,73.6,85.47,0.15,0.16,0.0,0.15 mm,0.16 px,0.00 mm,testPoint,TargetP3D,blackCenter2,PointGreen,PointRed,PointGreen,testPoint,30.0,0,1,0,1,124.12857055664062,35.32632827758789,-171.99200439453125,165.12850876186556,157.4850752679883,181.9816939573606,168.19842599573815,0,6.0,10.0,D:\CodingHHW\Biplane\experiment\transform_snapshots\20260322_105432_518755,LinearTransform,D:\CodingHHW\Biplane\experiment\transform_snapshots\20260322_105432_518755\20260322_105432_518755_1_LinearTransform.h5,1,LinearTransform_1,D:\CodingHHW\Biplane\experiment\transform_snapshots\20260322_105432_518755\20260322_105432_518755_2_LinearTransform_1.h5,1,LinearTransform_2,D:\CodingHHW\Biplane\experiment\transform_snapshots\20260322_105432_518755\20260322_105432_518755_3_LinearTransform_2.h5,1,3,1,0.08074655924986916,0.0807465592498832,1.404432126150823e-14,1,1,0.06832305955527772,0.0683230595552837,5.981326545168031e-15,0,0,0.0810007549833512,0.08100075498335405,2.8449465006019636e-15,1,1,0.07887609178590832,1,1,0,0,30.0,0.060220320664239727,1,1,0,0,30.0,0.07919029685442751,1,1,0,0,30.0,NA,NA,NA,NA,NA,NA,NA,NA,NA,NA,NA,NA,NA,NA,NA,NA,NA,NA,452.998,564.568,411.0,10.302,592.533,57.596,30.227,3.143,2.987,2.366,0.537,0.581
2026-03-22T10:55:26+08:00,20260322_105526_120287,D:\CodingHHW\Biplane\experiment\experiment_results.csv,CTChest,perspective,Current mode: Perspective,1,1,0,1,1,1,79.61,73.6,85.47,0.16,0.0,0.0,0.16 mm,0.00 px,0.00 mm,testPoint,TargetP3D,blackCenter2,PointGreen,PointRed,PointGreen,testPoint,30.0,0,1,0,1,124.12857055664062,35.32632827758789,-171.99200439453125,165.12850876186556,157.4850752679883,181.9816939573606,168.19842599573815,0,6.0,10.0,D:\CodingHHW\Biplane\experiment\transform_snapshots\20260322_105526_120287,LinearTransform,D:\CodingHHW\Biplane\experiment\transform_snapshots\20260322_105526_120287\20260322_105526_120287_1_LinearTransform.h5,1,LinearTransform_1,D:\CodingHHW\Biplane\experiment\transform_snapshots\20260322_105526_120287\20260322_105526_120287_2_LinearTransform_1.h5,1,LinearTransform_2,D:\CodingHHW\Biplane\experiment\transform_snapshots\20260322_105526_120287\20260322_105526_120287_3_LinearTransform_2.h5,1,3,1,0.06393434994802126,0.06393434994802918,7.924216838262055e-15,1,1,0.06099388095594643,0.060993880955956016,9.582612481295882e-15,1,1,0.0911974497558917,0.09119744975607422,1.8252066524837574e-13,0,0,0.0636062136688388,1,1,0,0,30.0,0.05806716181750949,0,0,0,0,30.0,0.09116275800579311,0,0,0,0,30.0,NA,NA,NA,NA,NA,NA,NA,NA,NA,NA,NA,NA,NA,NA,NA,NA,NA,NA,427.279,468.16,400.402,9.501,598.123,56.761,29.081,3.143,1.73,2.304,0.475,0.639
2026-03-22T10:56:27+08:00,20260322_105627_622719,D:\CodingHHW\Biplane\experiment\experiment_results.csv,CTChest,perspective,Current mode: Perspective,1,1,0,1,1,1,79.61,73.6,85.47,0.15,0.06,0.0,0.15 mm,0.06 px,0.00 mm,testPoint,TargetP3D,blackCenter2,PointGreen,PointRed,PointGreen,testPoint,30.0,0,1,0,1,124.12857055664062,35.32632827758789,-171.99200439453125,165.12850876186556,157.4850752679883,181.9816939573606,168.19842599573815,0,6.0,10.0,D:\CodingHHW\Biplane\experiment\transform_snapshots\20260322_105627_622719,LinearTransform,D:\CodingHHW\Biplane\experiment\transform_snapshots\20260322_105627_622719\20260322_105627_622719_1_LinearTransform.h5,1,LinearTransform_1,D:\CodingHHW\Biplane\experiment\transform_snapshots\20260322_105627_622719\20260322_105627_622719_2_LinearTransform_1.h5,1,LinearTransform_2,D:\CodingHHW\Biplane\experiment\transform_snapshots\20260322_105627_622719\20260322_105627_622719_3_LinearTransform_2.h5,1,3,1,0.09266303593281608,0.09266303593281747,1.3877787807814457e-15,1,1,0.060415235396418424,0.060415235396456,3.757411048965764e-14,0,0,0.06924868460806907,0.06924868460808342,1.4349632593280148e-14,0,0,0.08391838934596302,0,1,0,0,30.0,0.06022627183070521,0,1,0,0,30.0,0.06751062923328134,1,0,0,0,30.0,NA,NA,NA,NA,NA,NA,NA,NA,NA,NA,NA,NA,NA,NA,NA,NA,NA,NA,499.596,540.188,400.698,9.96,595.849,55.497,28.74,3.143,3.075,2.018,0.698,0.504
2026-03-22T10:57:00+08:00,20260322_105700_284705,D:\CodingHHW\Biplane\experiment\experiment_results.csv,CTChest,perspective,Current mode: Perspective,1,1,0,1,1,1,79.61,73.6,85.47,0.11,0.47,0.0,0.11 mm,0.47 px,0.00 mm,testPoint,TargetP3D,blackCenter2,PointGreen,PointRed,PointGreen,testPoint,30.0,0,1,0,1,124.12857055664062,35.32632827758789,-171.99200439453125,165.12850876186556,157.4850752679883,181.9816939573606,168.19842599573815,0,6.0,10.0,D:\CodingHHW\Biplane\experiment\transform_snapshots\20260322_105700_284705,LinearTransform,D:\CodingHHW\Biplane\experiment\transform_snapshots\20260322_105700_284705\20260322_105700_284705_1_LinearTransform.h5,1,LinearTransform_1,D:\CodingHHW\Biplane\experiment\transform_snapshots\20260322_105700_284705\20260322_105700_284705_2_LinearTransform_1.h5,1,LinearTransform_2,D:\CodingHHW\Biplane\experiment\transform_snapshots\20260322_105700_284705\20260322_105700_284705_3_LinearTransform_2.h5,1,3,1,0.07510443804570255,0.07510443804574714,4.458933222650785e-14,1,1,0.06733308367273465,0.06733308367364624,9.115902477319082e-13,0,0,0.05970334489066581,0.05970334489085797,1.9215878888090288e-13,0,0,0.0722086386819158,0,1,0,0,30.0,0.06537762803127205,1,0,0,0,30.0,0.04990660938561825,1,0,0,0,30.0,NA,NA,NA,NA,NA,NA,NA,NA,NA,NA,NA,NA,NA,NA,NA,NA,NA,NA,450.747,502.234,396.448,9.67,590.965,55.665,28.382,3.143,3.21,2.327,0.695,0.609
2026-03-22T10:59:44+08:00,20260322_105944_664575,D:\CodingHHW\Biplane\experiment\experiment_results.csv,CTChest,perspective,Current mode: Perspective,1,1,0,1,1,1,46.99,43.1,67.87,0.2,0.31,0.0,0.20 mm,0.31 px,0.00 mm,testPoint,TargetP3D,blackCenter2,PointGreen,PointRed,PointGreen,testPoint,30.0,0,1,0,1,124.129,35.326,-171.9920044,165.12903977895476,158.76312503814583,178.105486136615,167.3325503179052,0,6.0,10.0,D:\CodingHHW\Biplane\experiment\transform_snapshots\20260322_105944_664575,LinearTransform,D:\CodingHHW\Biplane\experiment\transform_snapshots\20260322_105944_664575\20260322_105944_664575_1_LinearTransform.h5,1,LinearTransform_1,D:\CodingHHW\Biplane\experiment\transform_snapshots\20260322_105944_664575\20260322_105944_664575_2_LinearTransform_1.h5,1,LinearTransform_2,D:\CodingHHW\Biplane\experiment\transform_snapshots\20260322_105944_664575\20260322_105944_664575_3_LinearTransform_2.h5,1,3,1,0.0671934634667087,0.06719346346676655,5.785649737077847e-14,0,0,0.06871787516603864,0.06871787516606587,2.7228219678931964e-14,0,0,0.0765965081385007,0.07659650813915375,6.530470608723249e-13,1,1,0.0664687135334537,1,0,0,0,30.0,0.06694943650456787,1,0,0,0,30.0,0.07159211952582414,0,0,0,0,30.0,NA,NA,NA,NA,NA,NA,NA,NA,NA,NA,NA,NA,NA,NA,NA,NA,NA,NA,470.014,584.509,464.16,9.917,597.873,57.473,29.664,3.143,3.012,2.24,0.615,0.504
2026-03-22T11:00:32+08:00,20260322_110032_696259,D:\CodingHHW\Biplane\experiment\experiment_results.csv,CTChest,perspective,Current mode: Perspective,1,1,0,1,1,1,46.99,43.1,67.87,0.21,0.13,0.0,0.21 mm,0.13 px,0.00 mm,testPoint,TargetP3D,blackCenter2,PointGreen,PointRed,PointGreen,testPoint,30.0,0,1,0,1,124.129,35.326,-171.9920044,165.12903977895476,158.76312503814583,178.105486136615,167.3325503179052,0,6.0,10.0,D:\CodingHHW\Biplane\experiment\transform_snapshots\20260322_110032_696259,LinearTransform,D:\CodingHHW\Biplane\experiment\transform_snapshots\20260322_110032_696259\20260322_110032_696259_1_LinearTransform.h5,1,LinearTransform_1,D:\CodingHHW\Biplane\experiment\transform_snapshots\20260322_110032_696259\20260322_110032_696259_2_LinearTransform_1.h5,1,LinearTransform_2,D:\CodingHHW\Biplane\experiment\transform_snapshots\20260322_110032_696259\20260322_110032_696259_3_LinearTransform_2.h5,1,3,1,0.06032345911121574,0.06032345911254584,1.3300957557582649e-12,0,0,0.05500217600192391,0.05500217600202149,9.757472607674345e-14,0,0,0.0703183490912626,0.07031834909128798,2.538247390049264e-14,0,0,0.05698433660921318,1,1,0,0,30.0,0.046838210910358134,1,0,0,0,30.0,0.06990261063405392,0,0,0,0,30.0,NA,NA,NA,NA,NA,NA,NA,NA,NA,NA,NA,NA,NA,NA,NA,NA,NA,NA,492.77,583.545,509.194,9.677,594.34,56.715,29.254,3.143,3.396,2.686,0.54,0.506
2026-03-22T11:02:08+08:00,20260322_110208_824750,D:\CodingHHW\Biplane\experiment\experiment_results.csv,CTChest,perspective,Current mode: Perspective,1,1,0,1,1,1,46.99,43.1,67.87,0.13,0.52,0.0,0.13 mm,0.52 px,0.00 mm,testPoint,TargetP3D,blackCenter2,PointGreen,PointRed,PointGreen,testPoint,30.0,0,1,0,1,124.129,35.326,-171.9920044,165.12903977895476,158.76312503814583,178.105486136615,167.3325503179052,0,6.0,10.0,D:\CodingHHW\Biplane\experiment\transform_snapshots\20260322_110208_824750,LinearTransform,D:\CodingHHW\Biplane\experiment\transform_snapshots\20260322_110208_824750\20260322_110208_824750_1_LinearTransform.h5,1,LinearTransform_1,D:\CodingHHW\Biplane\experiment\transform_snapshots\20260322_110208_824750\20260322_110208_824750_2_LinearTransform_1.h5,1,LinearTransform_2,D:\CodingHHW\Biplane\experiment\transform_snapshots\20260322_110208_824750\20260322_110208_824750_3_LinearTransform_2.h5,1,3,1,0.047675168322728556,0.04767516832273102,2.463307335887066e-15,1,1,0.06123432239652782,0.061234322396547324,1.950523076388322e-14,1,1,0.06418077330914898,0.06418077330915609,7.105427357601002e-15,0,0,0.047349265315102966,0,1,0,0,30.0,0.06006367580820194,1,0,0,0,30.0,0.06391400757783833,1,0,0,0,30.0,NA,NA,NA,NA,NA,NA,NA,NA,NA,NA,NA,NA,NA,NA,NA,NA,NA,NA,478.983,611.461,429.056,9.721,594.876,56.81,28.957,3.143,3.171,2.231,0.611,0.626
2026-03-22T11:02:49+08:00,20260322_110249_086602,D:\CodingHHW\Biplane\experiment\experiment_results.csv,CTChest,perspective,Current mode: Perspective,1,1,0,1,1,1,46.99,43.1,67.87,0.07,0.12,0.0,0.07 mm,0.12 px,0.00 mm,testPoint,TargetP3D,blackCenter2,PointGreen,PointRed,PointGreen,testPoint,30.0,0,1,0,1,124.129,35.326,-171.9920044,165.12903977895476,158.76312503814583,178.105486136615,167.3325503179052,0,6.0,10.0,D:\CodingHHW\Biplane\experiment\transform_snapshots\20260322_110249_086602,LinearTransform,D:\CodingHHW\Biplane\experiment\transform_snapshots\20260322_110249_086602\20260322_110249_086602_1_LinearTransform.h5,1,LinearTransform_1,D:\CodingHHW\Biplane\experiment\transform_snapshots\20260322_110249_086602\20260322_110249_086602_2_LinearTransform_1.h5,1,LinearTransform_2,D:\CodingHHW\Biplane\experiment\transform_snapshots\20260322_110249_086602\20260322_110249_086602_3_LinearTransform_2.h5,1,3,1,0.054904282141574286,0.054904282141654416,8.013034680232067e-14,1,1,0.05124100787203461,0.05124100787206776,3.315403507286874e-14,1,1,0.05681312093324764,0.05681312093346766,2.200184479050904e-13,0,0,0.05220133400054775,1,0,0,0,30.0,0.04738254016962132,1,0,0,0,30.0,0.05330435703371153,1,1,0,0,30.0,NA,NA,NA,NA,NA,NA,NA,NA,NA,NA,NA,NA,NA,NA,NA,NA,NA,NA,531.337,549.031,444.055,10.006,590.577,55.361,28.462,3.143,3.311,2.113,0.505,0.522
2026-03-22T11:03:21+08:00,20260322_110321_068796,D:\CodingHHW\Biplane\experiment\experiment_results.csv,CTChest,perspective,Current mode: Perspective,1,1,0,1,1,1,46.99,43.1,67.87,0.24,0.11,0.0,0.24 mm,0.11 px,0.00 mm,testPoint,TargetP3D,blackCenter2,PointGreen,PointRed,PointGreen,testPoint,30.0,0,1,0,1,124.129,35.326,-171.9920044,165.12903977895476,158.76312503814583,178.105486136615,167.3325503179052,0,6.0,10.0,D:\CodingHHW\Biplane\experiment\transform_snapshots\20260322_110321_068796,LinearTransform,D:\CodingHHW\Biplane\experiment\transform_snapshots\20260322_110321_068796\20260322_110321_068796_1_LinearTransform.h5,1,LinearTransform_1,D:\CodingHHW\Biplane\experiment\transform_snapshots\20260322_110321_068796\20260322_110321_068796_2_LinearTransform_1.h5,1,LinearTransform_2,D:\CodingHHW\Biplane\experiment\transform_snapshots\20260322_110321_068796\20260322_110321_068796_3_LinearTransform_2.h5,1,3,1,0.06978297704050394,0.06978297704086485,3.6090574973002276e-13,0,0,0.05743722354030677,0.057437223540345396,3.862882236305154e-14,1,1,0.07520806338764746,0.07520806338765816,1.0699774399824946e-14,0,0,0.05999772673436753,1,0,0,0,30.0,0.05634417030473401,1,0,0,0,30.0,0.07369548335580905,0,1,0,0,30.0,NA,NA,NA,NA,NA,NA,NA,NA,NA,NA,NA,NA,NA,NA,NA,NA,NA,NA,509.689,510.547,462.509,10.148,593.313,55.793,28.707,3.143,3.082,2.358,0.688,0.495
2026-03-22T11:03:54+08:00,20260322_110354_375135,D:\CodingHHW\Biplane\experiment\experiment_results.csv,CTChest,perspective,Current mode: Perspective,1,1,0,1,1,1,46.99,43.1,67.87,0.13,0.04,0.0,0.13 mm,0.04 px,0.00 mm,testPoint,TargetP3D,blackCenter2,PointGreen,PointRed,PointGreen,testPoint,30.0,0,1,0,1,124.129,35.326,-171.9920044,165.12903977895476,158.76312503814583,178.105486136615,167.3325503179052,0,6.0,10.0,D:\CodingHHW\Biplane\experiment\transform_snapshots\20260322_110354_375135,LinearTransform,D:\CodingHHW\Biplane\experiment\transform_snapshots\20260322_110354_375135\20260322_110354_375135_1_LinearTransform.h5,1,LinearTransform_1,D:\CodingHHW\Biplane\experiment\transform_snapshots\20260322_110354_375135\20260322_110354_375135_2_LinearTransform_1.h5,1,LinearTransform_2,D:\CodingHHW\Biplane\experiment\transform_snapshots\20260322_110354_375135\20260322_110354_375135_3_LinearTransform_2.h5,1,3,1,0.055563392725939395,0.05556339272594031,9.159339953157541e-16,1,1,0.05251050542746545,0.052510505427731384,2.6593310886724453e-13,1,1,0.06478724278459083,0.06478724278459357,2.733924198139448e-15,1,1,0.055092618439522165,0,1,0,0,30.0,0.05210755478951009,1,0,0,0,30.0,0.06370166099923837,0,1,0,0,30.0,NA,NA,NA,NA,NA,NA,NA,NA,NA,NA,NA,NA,NA,NA,NA,NA,NA,NA,508.985,509.717,555.042,9.985,598.011,57.32,29.899,3.143,3.48,2.645,0.492,0.479
2026-03-22T11:04:28+08:00,20260322_110428_245195,D:\CodingHHW\Biplane\experiment\experiment_results.csv,CTChest,perspective,Current mode: Perspective,1,1,0,1,1,1,46.99,43.1,67.87,0.11,0.11,0.0,0.11 mm,0.11 px,0.00 mm,testPoint,TargetP3D,blackCenter2,PointGreen,PointRed,PointGreen,testPoint,30.0,0,1,0,1,124.129,35.326,-171.9920044,165.12903977895476,158.76312503814583,178.105486136615,167.3325503179052,0,6.0,10.0,D:\CodingHHW\Biplane\experiment\transform_snapshots\20260322_110428_245195,LinearTransform,D:\CodingHHW\Biplane\experiment\transform_snapshots\20260322_110428_245195\20260322_110428_245195_1_LinearTransform.h5,1,LinearTransform_1,D:\CodingHHW\Biplane\experiment\transform_snapshots\20260322_110428_245195\20260322_110428_245195_2_LinearTransform_1.h5,1,LinearTransform_2,D:\CodingHHW\Biplane\experiment\transform_snapshots\20260322_110428_245195\20260322_110428_245195_3_LinearTransform_2.h5,1,3,1,0.060219300228320324,0.060219300230795525,2.475200600038363e-12,0,0,0.07435023499343785,0.07435023499346073,2.288447209508604e-14,1,1,0.06918308820168553,0.06918308820173324,4.77118344832661e-14,0,0,0.05780946425306892,1,1,0,0,30.0,0.06874864081963962,1,1,0,0,30.0,0.0639538113931514,0,0,0,0,30.0,NA,NA,NA,NA,NA,NA,NA,NA,NA,NA,NA,NA,NA,NA,NA,NA,NA,NA,477.772,477.509,402.791,9.569,590.423,56.115,29.096,3.143,2.887,2.026,0.674,0.583
2026-03-22T11:05:17+08:00,20260322_110517_342172,D:\CodingHHW\Biplane\experiment\experiment_results.csv,CTChest,orthographic,Current mode: Orthographic,1,0,1,1,1,1,46.99,43.1,67.87,0.47,0.2,0.0,0.47 mm,0.20 px,0.00 mm,testPoint,TargetP3D,blackCenter2,PointGreen,PointRed,PointGreen,testPoint,30.0,1,1,0,1,124.129,35.326,-171.9920044,165.12903977895476,158.76312503814583,178.105486136615,167.3325503179052,0,6.0,10.0,D:\CodingHHW\Biplane\experiment\transform_snapshots\20260322_110517_342172,LinearTransform,D:\CodingHHW\Biplane\experiment\transform_snapshots\20260322_110517_342172\20260322_110517_342172_1_LinearTransform.h5,1,LinearTransform_1,D:\CodingHHW\Biplane\experiment\transform_snapshots\20260322_110517_342172\20260322_110517_342172_2_LinearTransform_1.h5,1,LinearTransform_2,D:\CodingHHW\Biplane\experiment\transform_snapshots\20260322_110517_342172\20260322_110517_342172_3_LinearTransform_2.h5,1,3,1,0.9960986388707257,0.996098638870734,8.326672684688674e-15,0,1,1.3552224557949366,1.3552224557949588,2.220446049250313e-14,1,1,1.0171535082609064,1.0171535082610461,1.396660564978447e-13,0,0,NA,NA,NA,NA,NA,NA,NA,NA,NA,NA,NA,NA,NA,NA,NA,NA,NA,NA,0.042413288078767084,0,1,0,0,30.0,0.08032770116644962,0,0,0,0,30.0,0.07871036672423615,1,0,0,0,30.0,626.066,549.722,471.006,10.155,562.673,29.39,29.096,3.061,3.133,2.067,0.546,0.511
2026-03-22T11:05:55+08:00,20260322_110555_550828,D:\CodingHHW\Biplane\experiment\experiment_results.csv,CTChest,orthographic,Current mode: Orthographic,1,0,1,1,1,1,46.99,43.1,67.87,0.18,0.55,0.0,0.18 mm,0.55 px,0.00 mm,testPoint,TargetP3D,blackCenter2,PointGreen,PointRed,PointGreen,testPoint,30.0,1,1,0,1,124.129,35.326,-171.9920044,165.12903977895476,158.76312503814583,178.105486136615,167.3325503179052,0,6.0,10.0,D:\CodingHHW\Biplane\experiment\transform_snapshots\20260322_110555_550828,LinearTransform,D:\CodingHHW\Biplane\experiment\transform_snapshots\20260322_110555_550828\20260322_110555_550828_1_LinearTransform.h5,1,LinearTransform_1,D:\CodingHHW\Biplane\experiment\transform_snapshots\20260322_110555_550828\20260322_110555_550828_2_LinearTransform_1.h5,1,LinearTransform_2,D:\CodingHHW\Biplane\experiment\transform_snapshots\20260322_110555_550828\20260322_110555_550828_3_LinearTransform_2.h5,1,3,1,1.3449772714897095,1.3449772714897101,6.661338147750939e-16,1,1,1.73343541255882,1.733435412558828,7.993605777301127e-15,1,1,1.184789448973995,1.1847894489740496,5.46229728115577e-14,1,1,NA,NA,NA,NA,NA,NA,NA,NA,NA,NA,NA,NA,NA,NA,NA,NA,NA,NA,0.04429511252794797,0,0,0,0,30.0,0.04870939007343185,0,1,0,0,30.0,0.05503891743312865,0,1,0,0,30.0,621.792,618.304,466.35,9.724,564.539,29.908,29.096,3.173,2.898,2.086,0.68,0.496
2026-03-22T11:06:35+08:00,20260322_110635_249959,D:\CodingHHW\Biplane\experiment\experiment_results.csv,CTChest,orthographic,Current mode: Orthographic,1,0,1,1,1,1,46.99,43.1,67.87,0.15,0.22,0.0,0.15 mm,0.22 px,0.00 mm,testPoint,TargetP3D,blackCenter2,PointGreen,PointRed,PointGreen,testPoint,30.0,1,1,0,1,124.129,35.326,-171.9920044,165.12903977895476,158.76312503814583,178.105486136615,167.3325503179052,0,6.0,10.0,D:\CodingHHW\Biplane\experiment\transform_snapshots\20260322_110635_249959,LinearTransform,D:\CodingHHW\Biplane\experiment\transform_snapshots\20260322_110635_249959\20260322_110635_249959_1_LinearTransform.h5,1,LinearTransform_1,D:\CodingHHW\Biplane\experiment\transform_snapshots\20260322_110635_249959\20260322_110635_249959_2_LinearTransform_1.h5,1,LinearTransform_2,D:\CodingHHW\Biplane\experiment\transform_snapshots\20260322_110635_249959\20260322_110635_249959_3_LinearTransform_2.h5,1,3,1,1.2543390371470056,1.2543390371470209,1.532107773982716e-14,0,0,1.2598639219311973,1.2598639219311982,8.881784197001252e-16,1,1,1.3537977576720526,1.3537977576721971,1.4455103780619538e-13,0,0,NA,NA,NA,NA,NA,NA,NA,NA,NA,NA,NA,NA,NA,NA,NA,NA,NA,NA,0.06862369946343329,0,0,0,0,30.0,0.06427376574435723,0,1,0,0,30.0,0.05992562620348987,0,1,0,0,30.0,612.444,532.176,473.037,9.897,565.596,29.929,29.096,2.938,3.213,2.178,0.551,0.675
2026-03-22T11:07:11+08:00,20260322_110711_387061,D:\CodingHHW\Biplane\experiment\experiment_results.csv,CTChest,orthographic,Current mode: Orthographic,1,0,1,1,1,1,46.99,43.1,67.87,0.22,0.86,0.0,0.22 mm,0.86 px,0.00 mm,testPoint,TargetP3D,blackCenter2,PointGreen,PointRed,PointGreen,testPoint,30.0,1,1,0,1,124.129,35.326,-171.9920044,165.12903977895476,158.76312503814583,178.105486136615,167.3325503179052,0,6.0,10.0,D:\CodingHHW\Biplane\experiment\transform_snapshots\20260322_110711_387061,LinearTransform,D:\CodingHHW\Biplane\experiment\transform_snapshots\20260322_110711_387061\20260322_110711_387061_1_LinearTransform.h5,1,LinearTransform_1,D:\CodingHHW\Biplane\experiment\transform_snapshots\20260322_110711_387061\20260322_110711_387061_2_LinearTransform_1.h5,1,LinearTransform_2,D:\CodingHHW\Biplane\experiment\transform_snapshots\20260322_110711_387061\20260322_110711_387061_3_LinearTransform_2.h5,1,3,1,1.4393806364854793,1.4393806364858177,3.383959779057477e-13,1,0,1.6178790530558493,1.6178790530558658,1.6431300764452317e-14,0,0,1.2773965052562146,1.277396505256225,1.0436096431476471e-14,0,0,NA,NA,NA,NA,NA,NA,NA,NA,NA,NA,NA,NA,NA,NA,NA,NA,NA,NA,0.054657183507720856,1,0,0,0,30.0,0.05919720809820279,1,1,0,0,30.0,0.061795571580477486,0,1,0,0,30.0,605.311,649.514,556.588,9.615,565.807,29.852,29.096,3.393,3.409,2.947,0.789,0.547
2026-03-22T11:07:42+08:00,20260322_110742_181652,D:\CodingHHW\Biplane\experiment\experiment_results.csv,CTChest,orthographic,Current mode: Orthographic,1,0,1,1,1,1,46.99,43.1,67.87,0.22,0.36,0.0,0.22 mm,0.36 px,0.00 mm,testPoint,TargetP3D,blackCenter2,PointGreen,PointRed,PointGreen,testPoint,30.0,1,1,0,1,124.129,35.326,-171.9920044,165.12903977895476,158.76312503814583,178.105486136615,167.3325503179052,0,6.0,10.0,D:\CodingHHW\Biplane\experiment\transform_snapshots\20260322_110742_181652,LinearTransform,D:\CodingHHW\Biplane\experiment\transform_snapshots\20260322_110742_181652\20260322_110742_181652_1_LinearTransform.h5,1,LinearTransform_1,D:\CodingHHW\Biplane\experiment\transform_snapshots\20260322_110742_181652\20260322_110742_181652_2_LinearTransform_1.h5,1,LinearTransform_2,D:\CodingHHW\Biplane\experiment\transform_snapshots\20260322_110742_181652\20260322_110742_181652_3_LinearTransform_2.h5,1,3,1,0.8827094775670598,0.882709477567071,1.1213252548714081e-14,0,0,1.057762819680085,1.0577628196801436,5.861977570020827e-14,0,1,1.0272333511981182,1.0272333511986225,5.042632977847461e-13,0,0,NA,NA,NA,NA,NA,NA,NA,NA,NA,NA,NA,NA,NA,NA,NA,NA,NA,NA,0.021098878145876437,0,0,0,0,30.0,0.049916349276624424,0,0,0,0,30.0,0.05558885962164239,0,0,0,0,30.0,521.007,531.867,464.312,9.432,563.193,29.836,29.096,3.174,3.463,2.132,0.509,0.621
2026-03-22T11:08:20+08:00,20260322_110820_579682,D:\CodingHHW\Biplane\experiment\experiment_results.csv,CTChest,orthographic,Current mode: Orthographic,1,0,1,1,1,1,46.99,43.1,67.87,0.32,0.24,0.0,0.32 mm,0.24 px,0.00 mm,testPoint,TargetP3D,blackCenter2,PointGreen,PointRed,PointGreen,testPoint,30.0,1,1,0,1,124.129,35.326,-171.9920044,165.12903977895476,158.76312503814583,178.105486136615,167.3325503179052,0,6.0,10.0,D:\CodingHHW\Biplane\experiment\transform_snapshots\20260322_110820_579682,LinearTransform,D:\CodingHHW\Biplane\experiment\transform_snapshots\20260322_110820_579682\20260322_110820_579682_1_LinearTransform.h5,1,LinearTransform_1,D:\CodingHHW\Biplane\experiment\transform_snapshots\20260322_110820_579682\20260322_110820_579682_2_LinearTransform_1.h5,1,LinearTransform_2,D:\CodingHHW\Biplane\experiment\transform_snapshots\20260322_110820_579682\20260322_110820_579682_3_LinearTransform_2.h5,1,3,1,1.0474284744586462,1.047428474458661,1.4876988529977098e-14,0,1,1.3372065722461604,1.3372065722461777,1.7319479184152442e-14,1,0,1.146721093180001,1.1467210931800131,1.2212453270876722e-14,0,0,NA,NA,NA,NA,NA,NA,NA,NA,NA,NA,NA,NA,NA,NA,NA,NA,NA,NA,0.0322613903721199,1,1,0,0,30.0,0.04645018994483393,0,0,0,0,30.0,0.03590395081279261,1,1,0,0,30.0,559.337,590.699,436.927,10.414,569.215,29.782,29.096,3.29,3.593,2.303,0.572,0.676
2026-03-22T11:14:04+08:00,20260322_111404_973946,D:\CodingHHW\Biplane\experiment\experiment_results.csv,CTChest,orthographic,Current mode: Orthographic,1,0,1,1,1,1,16.17,0.4,15.89,0.81,0.1,0.0,0.81 mm,0.10 px,0.00 mm,testPoint,TargetP3D,blackCenter2,PointGreen,PointRed,PointGreen,testPoint,30.0,1,1,0,1,124.129,35.326,-171.9920044,165.12903977895476,163.73307884280524,175.20663162639883,168.02291674938627,0,6.0,10.0,D:\CodingHHW\Biplane\experiment\transform_snapshots\20260322_111404_973946,LinearTransform,D:\CodingHHW\Biplane\experiment\transform_snapshots\20260322_111404_973946\20260322_111404_973946_1_LinearTransform.h5,1,LinearTransform_1,D:\CodingHHW\Biplane\experiment\transform_snapshots\20260322_111404_973946\20260322_111404_973946_2_LinearTransform_1.h5,1,LinearTransform_2,D:\CodingHHW\Biplane\experiment\transform_snapshots\20260322_111404_973946\20260322_111404_973946_3_LinearTransform_2.h5,1,3,1,0.9435153418139366,0.943515341813943,6.439293542825908e-15,1,1,1.0753192096534552,1.075319209653583,1.2789769243681803e-13,0,0,0.961636025124815,0.961636025124956,1.4099832412739488e-13,0,1,NA,NA,NA,NA,NA,NA,NA,NA,NA,NA,NA,NA,NA,NA,NA,NA,NA,NA,0.035301748842507016,0,1,0,0,30.0,0.039141004686920985,0,1,0,0,30.0,0.03890314748158963,0,0,0,0,30.0,676.116,691.83,743.369,10.336,551.165,29.308,29.096,3.12,3.309,2.698,0.512,0.534
2026-03-22T11:14:41+08:00,20260322_111441_476978,D:\CodingHHW\Biplane\experiment\experiment_results.csv,CTChest,orthographic,Current mode: Orthographic,1,0,1,1,1,1,16.17,0.4,15.89,0.27,0.46,0.0,0.27 mm,0.46 px,0.00 mm,testPoint,TargetP3D,blackCenter2,PointGreen,PointRed,PointGreen,testPoint,30.0,1,1,0,1,124.129,35.326,-171.9920044,165.12903977895476,163.73307884280524,175.20663162639883,168.02291674938627,0,6.0,10.0,D:\CodingHHW\Biplane\experiment\transform_snapshots\20260322_111441_476978,LinearTransform,D:\CodingHHW\Biplane\experiment\transform_snapshots\20260322_111441_476978\20260322_111441_476978_1_LinearTransform.h5,1,LinearTransform_1,D:\CodingHHW\Biplane\experiment\transform_snapshots\20260322_111441_476978\20260322_111441_476978_2_LinearTransform_1.h5,1,LinearTransform_2,D:\CodingHHW\Biplane\experiment\transform_snapshots\20260322_111441_476978\20260322_111441_476978_3_LinearTransform_2.h5,1,3,1,1.185177756190277,1.1851777561903154,3.8413716652030416e-14,1,0,0.9766804926173129,0.9766804926173264,1.3433698597964394e-14,1,1,0.8680005444597755,0.8680005444606106,8.351097591230427e-13,0,0,NA,NA,NA,NA,NA,NA,NA,NA,NA,NA,NA,NA,NA,NA,NA,NA,NA,NA,0.06507885889246562,1,0,0,0,30.0,0.07283267197272292,0,0,0,0,30.0,0.06716686697476826,0,0,0,0,30.0,551.17,496.612,570.885,9.8,553.951,30.667,29.096,3.774,2.958,2.638,0.56,0.503
2026-03-22T11:15:17+08:00,20260322_111517_431225,D:\CodingHHW\Biplane\experiment\experiment_results.csv,CTChest,orthographic,Current mode: Orthographic,1,0,1,1,1,1,16.17,0.4,15.89,0.23,0.07,0.0,0.23 mm,0.07 px,0.00 mm,testPoint,TargetP3D,blackCenter2,PointGreen,PointRed,PointGreen,testPoint,30.0,1,1,0,1,124.129,35.326,-171.9920044,165.12903977895476,163.73307884280524,175.20663162639883,168.02291674938627,0,6.0,10.0,D:\CodingHHW\Biplane\experiment\transform_snapshots\20260322_111517_431225,LinearTransform,D:\CodingHHW\Biplane\experiment\transform_snapshots\20260322_111517_431225\20260322_111517_431225_1_LinearTransform.h5,1,LinearTransform_1,D:\CodingHHW\Biplane\experiment\transform_snapshots\20260322_111517_431225\20260322_111517_431225_2_LinearTransform_1.h5,1,LinearTransform_2,D:\CodingHHW\Biplane\experiment\transform_snapshots\20260322_111517_431225\20260322_111517_431225_3_LinearTransform_2.h5,1,3,1,1.18629468096558,1.186294680965584,3.9968028886505635e-15,0,0,1.2352689851783747,1.2352689851784064,3.175237850427948e-14,1,1,1.1234088454158853,1.1234088454195998,3.714584195790849e-12,0,1,NA,NA,NA,NA,NA,NA,NA,NA,NA,NA,NA,NA,NA,NA,NA,NA,NA,NA,0.05669451934858371,0,1,0,0,30.0,0.08568812700452479,0,1,0,0,30.0,0.05517399470914951,1,1,0,0,30.0,638.918,606.067,563.948,9.91,559.963,29.777,29.096,3.125,3.605,2.092,0.496,0.502
2026-03-22T11:16:00+08:00,20260322_111600_131939,D:\CodingHHW\Biplane\experiment\experiment_results.csv,CTChest,orthographic,Current mode: Orthographic,1,0,1,1,1,1,16.17,0.4,15.89,0.5,0.21,0.0,0.50 mm,0.21 px,0.00 mm,testPoint,TargetP3D,blackCenter2,PointGreen,PointRed,PointGreen,testPoint,30.0,1,1,0,1,124.129,35.326,-171.9920044,165.12903977895476,163.73307884280524,175.20663162639883,168.02291674938627,0,6.0,10.0,D:\CodingHHW\Biplane\experiment\transform_snapshots\20260322_111600_131939,LinearTransform,D:\CodingHHW\Biplane\experiment\transform_snapshots\20260322_111600_131939\20260322_111600_131939_1_LinearTransform.h5,1,LinearTransform_1,D:\CodingHHW\Biplane\experiment\transform_snapshots\20260322_111600_131939\20260322_111600_131939_2_LinearTransform_1.h5,1,LinearTransform_2,D:\CodingHHW\Biplane\experiment\transform_snapshots\20260322_111600_131939\20260322_111600_131939_3_LinearTransform_2.h5,1,3,1,0.8186865840950787,0.8186865840950899,1.1213252548714081e-14,0,1,0.8486278687934005,0.8486278687934026,2.1094237467877974e-15,0,0,0.7599405558315345,0.7599405558316242,8.970602038971265e-14,1,1,NA,NA,NA,NA,NA,NA,NA,NA,NA,NA,NA,NA,NA,NA,NA,NA,NA,NA,0.0329977713758951,1,1,0,0,30.0,0.06462449405224799,0,1,0,0,30.0,0.04029727217162555,0,0,0,0,30.0,691.197,535.443,611.379,11.445,550.509,30.406,29.096,3.189,2.997,2.138,0.567,0.509
2026-03-22T11:16:36+08:00,20260322_111636_773981,D:\CodingHHW\Biplane\experiment\experiment_results.csv,CTChest,orthographic,Current mode: Orthographic,1,0,1,1,1,1,16.17,0.4,15.89,2.26,0.15,0.0,2.26 mm,0.15 px,0.00 mm,testPoint,TargetP3D,blackCenter2,PointGreen,PointRed,PointGreen,testPoint,30.0,1,1,0,1,124.129,35.326,-171.9920044,165.12903977895476,163.73307884280524,175.20663162639883,168.02291674938627,0,6.0,10.0,D:\CodingHHW\Biplane\experiment\transform_snapshots\20260322_111636_773981,LinearTransform,D:\CodingHHW\Biplane\experiment\transform_snapshots\20260322_111636_773981\20260322_111636_773981_1_LinearTransform.h5,1,LinearTransform_1,D:\CodingHHW\Biplane\experiment\transform_snapshots\20260322_111636_773981\20260322_111636_773981_2_LinearTransform_1.h5,1,LinearTransform_2,D:\CodingHHW\Biplane\experiment\transform_snapshots\20260322_111636_773981\20260322_111636_773981_3_LinearTransform_2.h5,1,3,1,0.9225568152733505,0.9225568152734004,4.984901380566953e-14,1,1,1.0862190221439212,1.0862190221441061,1.8496315590255108e-13,0,0,0.9439560858909741,0.9439560858909779,3.774758283725532e-15,1,0,NA,NA,NA,NA,NA,NA,NA,NA,NA,NA,NA,NA,NA,NA,NA,NA,NA,NA,0.03842979893901587,1,0,0,0,30.0,0.058442249502701424,1,1,0,0,30.0,0.05196807582734081,0,0,0,0,30.0,537.162,650.954,654.288,10.11,556.624,30.212,29.096,3.612,1.72,2.057,0.516,0.634
2026-03-22T11:17:01+08:00,20260322_111701_753988,D:\CodingHHW\Biplane\experiment\experiment_results.csv,CTChest,orthographic,Current mode: Orthographic,1,0,1,1,1,1,16.17,0.4,15.89,0.06,0.02,0.0,0.06 mm,0.02 px,0.00 mm,testPoint,TargetP3D,blackCenter2,PointGreen,PointRed,PointGreen,testPoint,30.0,1,1,0,1,124.129,35.326,-171.9920044,165.12903977895476,163.73307884280524,175.20663162639883,168.02291674938627,0,6.0,10.0,D:\CodingHHW\Biplane\experiment\transform_snapshots\20260322_111701_753988,LinearTransform,D:\CodingHHW\Biplane\experiment\transform_snapshots\20260322_111701_753988\20260322_111701_753988_1_LinearTransform.h5,1,LinearTransform_1,D:\CodingHHW\Biplane\experiment\transform_snapshots\20260322_111701_753988\20260322_111701_753988_2_LinearTransform_1.h5,1,LinearTransform_2,D:\CodingHHW\Biplane\experiment\transform_snapshots\20260322_111701_753988\20260322_111701_753988_3_LinearTransform_2.h5,1,3,1,1.0436354420761338,1.0436354420761347,8.881784197001252e-16,1,1,1.0449939437597964,1.04499394375981,1.354472090042691e-14,0,0,0.9320634282207894,0.9320634282208684,7.904787935331115e-14,1,0,NA,NA,NA,NA,NA,NA,NA,NA,NA,NA,NA,NA,NA,NA,NA,NA,NA,NA,0.0598551298336325,0,1,0,0,30.0,0.04302629558946457,0,0,0,0,30.0,0.050283446744551215,0,0,0,0,30.0,546.278,555.788,749.828,9.578,555.38,30.246,29.096,3.343,3.072,2.014,0.587,0.527
2026-03-22T11:17:27+08:00,20260322_111727_262036,D:\CodingHHW\Biplane\experiment\experiment_results.csv,CTChest,orthographic,Current mode: Orthographic,1,0,1,1,1,1,16.17,0.4,15.89,0.73,0.12,0.0,0.73 mm,0.12 px,0.00 mm,testPoint,TargetP3D,blackCenter2,PointGreen,PointRed,PointGreen,testPoint,30.0,1,1,0,1,124.129,35.326,-171.9920044,165.12903977895476,163.73307884280524,175.20663162639883,168.02291674938627,0,6.0,10.0,D:\CodingHHW\Biplane\experiment\transform_snapshots\20260322_111727_262036,LinearTransform,D:\CodingHHW\Biplane\experiment\transform_snapshots\20260322_111727_262036\20260322_111727_262036_1_LinearTransform.h5,1,LinearTransform_1,D:\CodingHHW\Biplane\experiment\transform_snapshots\20260322_111727_262036\20260322_111727_262036_2_LinearTransform_1.h5,1,LinearTransform_2,D:\CodingHHW\Biplane\experiment\transform_snapshots\20260322_111727_262036\20260322_111727_262036_3_LinearTransform_2.h5,1,3,1,1.403674209807601,1.403674209807612,1.1102230246251565e-14,1,1,1.4683136748696095,1.4683136748697556,1.461053500406706e-13,1,1,1.343918246926101,1.343918246926109,7.993605777301127e-15,1,0,NA,NA,NA,NA,NA,NA,NA,NA,NA,NA,NA,NA,NA,NA,NA,NA,NA,NA,0.05920889402374951,0,0,0,0,30.0,0.0487994552548226,1,1,0,0,30.0,0.048164935720639276,0,0,0,0,30.0,594.425,598.476,662.037,10.031,553.492,29.98,29.096,3.322,3.015,2.1,0.633,0.492
2026-03-22T11:17:59+08:00,20260322_111759_099308,D:\CodingHHW\Biplane\experiment\experiment_results.csv,CTChest,orthographic,Current mode: Orthographic,1,0,1,1,1,1,16.17,0.4,15.89,0.39,0.28,0.0,0.39 mm,0.28 px,0.00 mm,testPoint,TargetP3D,blackCenter2,PointGreen,PointRed,PointGreen,testPoint,30.0,1,1,0,1,124.129,35.326,-171.9920044,165.12903977895476,163.73307884280524,175.20663162639883,168.02291674938627,0,6.0,10.0,D:\CodingHHW\Biplane\experiment\transform_snapshots\20260322_111759_099308,LinearTransform,D:\CodingHHW\Biplane\experiment\transform_snapshots\20260322_111759_099308\20260322_111759_099308_1_LinearTransform.h5,1,LinearTransform_1,D:\CodingHHW\Biplane\experiment\transform_snapshots\20260322_111759_099308\20260322_111759_099308_2_LinearTransform_1.h5,1,LinearTransform_2,D:\CodingHHW\Biplane\experiment\transform_snapshots\20260322_111759_099308\20260322_111759_099308_3_LinearTransform_2.h5,1,3,1,1.3445970912258753,1.3445970912258893,1.3988810110276972e-14,0,0,1.3182570924828512,1.3182570924828618,1.0658141036401503e-14,1,1,1.3571175775484121,1.3571175775484228,1.0658141036401503e-14,1,1,NA,NA,NA,NA,NA,NA,NA,NA,NA,NA,NA,NA,NA,NA,NA,NA,NA,NA,0.06161009444121652,1,0,0,0,30.0,0.04732106286359476,1,0,0,0,30.0,0.06553025033478732,0,1,0,0,30.0,597.581,621.267,621.679,9.88,559.665,29.515,29.096,3.161,3.084,2.057,0.747,0.675
2026-03-22T11:19:06+08:00,20260322_111906_335687,D:\CodingHHW\Biplane\experiment\experiment_results.csv,CTChest,perspective,Current mode: Perspective,1,1,0,1,1,1,16.17,0.4,15.89,0.52,0.19,0.0,0.52 mm,0.19 px,0.00 mm,testPoint,TargetP3D,blackCenter2,PointGreen,PointRed,PointGreen,testPoint,30.0,0,1,0,1,124.129,35.326,-171.9920044,165.12903977895476,163.73307884280524,175.20663162639883,168.02291674938627,0,6.0,10.0,D:\CodingHHW\Biplane\experiment\transform_snapshots\20260322_111906_335687,LinearTransform,D:\CodingHHW\Biplane\experiment\transform_snapshots\20260322_111906_335687\20260322_111906_335687_1_LinearTransform.h5,1,LinearTransform_1,D:\CodingHHW\Biplane\experiment\transform_snapshots\20260322_111906_335687\20260322_111906_335687_2_LinearTransform_1.h5,1,LinearTransform_2,D:\CodingHHW\Biplane\experiment\transform_snapshots\20260322_111906_335687\20260322_111906_335687_3_LinearTransform_2.h5,1,3,1,0.07862680127450972,0.07862680127455583,4.611588888536744e-14,0,0,0.05355446875198036,0.05355446875259849,6.181305467478637e-13,0,0,0.042275869230925106,0.0422758692309254,2.914335439641036e-16,1,1,0.06575649303297122,1,0,0,0,30.0,0.04638560951933775,1,1,0,0,30.0,0.041979705297058474,1,0,0,0,30.0,NA,NA,NA,NA,NA,NA,NA,NA,NA,NA,NA,NA,NA,NA,NA,NA,NA,NA,458.729,556.789,505.946,10.048,584.981,58.126,31.153,3.161,3.463,2.139,0.638,0.493
2026-03-22T11:19:46+08:00,20260322_111946_063095,D:\CodingHHW\Biplane\experiment\experiment_results.csv,CTChest,perspective,Current mode: Perspective,1,1,0,1,1,1,16.17,0.4,15.89,0.13,0.17,0.0,0.13 mm,0.17 px,0.00 mm,testPoint,TargetP3D,blackCenter2,PointGreen,PointRed,PointGreen,testPoint,30.0,0,1,0,1,124.129,35.326,-171.9920044,165.12903977895476,163.73307884280524,175.20663162639883,168.02291674938627,0,6.0,10.0,D:\CodingHHW\Biplane\experiment\transform_snapshots\20260322_111946_063095,LinearTransform,D:\CodingHHW\Biplane\experiment\transform_snapshots\20260322_111946_063095\20260322_111946_063095_1_LinearTransform.h5,1,LinearTransform_1,D:\CodingHHW\Biplane\experiment\transform_snapshots\20260322_111946_063095\20260322_111946_063095_2_LinearTransform_1.h5,1,LinearTransform_2,D:\CodingHHW\Biplane\experiment\transform_snapshots\20260322_111946_063095\20260322_111946_063095_3_LinearTransform_2.h5,1,3,1,0.0541997893366719,0.05419978933670067,2.8775593019503276e-14,1,1,0.07071612998275585,0.07071612998279672,4.0870085094013575e-14,1,1,0.043976075714042745,0.04397607571409594,5.319356066735281e-14,1,1,0.051532459564194576,0,1,0,0,30.0,0.06990439022773133,1,0,0,0,30.0,0.0407505426957671,0,1,0,0,30.0,NA,NA,NA,NA,NA,NA,NA,NA,NA,NA,NA,NA,NA,NA,NA,NA,NA,NA,455.659,460.995,538.898,9.798,580.244,57.57,30.57,3.161,3.39,2.08,0.524,0.521
2026-03-22T11:20:13+08:00,20260322_112013_544001,D:\CodingHHW\Biplane\experiment\experiment_results.csv,CTChest,perspective,Current mode: Perspective,1,1,0,1,1,1,16.17,0.4,15.89,0.37,0.12,0.0,0.37 mm,0.12 px,0.00 mm,testPoint,TargetP3D,blackCenter2,PointGreen,PointRed,PointGreen,testPoint,30.0,0,1,0,1,124.129,35.326,-171.9920044,165.12903977895476,163.73307884280524,175.20663162639883,168.02291674938627,0,6.0,10.0,D:\CodingHHW\Biplane\experiment\transform_snapshots\20260322_112013_544001,LinearTransform,D:\CodingHHW\Biplane\experiment\transform_snapshots\20260322_112013_544001\20260322_112013_544001_1_LinearTransform.h5,1,LinearTransform_1,D:\CodingHHW\Biplane\experiment\transform_snapshots\20260322_112013_544001\20260322_112013_544001_2_LinearTransform_1.h5,1,LinearTransform_2,D:\CodingHHW\Biplane\experiment\transform_snapshots\20260322_112013_544001\20260322_112013_544001_3_LinearTransform_2.h5,1,3,1,0.05365794375861257,0.05365794375877574,1.6317502904428238e-13,1,1,0.06906538935548266,0.06906538935552649,4.3826053897078054e-14,0,0,0.05887199205330342,0.05887199205340615,1.0273032424734652e-13,1,1,0.04718771321116009,0,1,0,0,30.0,0.06380848542445565,0,0,0,0,30.0,0.05769785541764718,1,1,0,0,30.0,NA,NA,NA,NA,NA,NA,NA,NA,NA,NA,NA,NA,NA,NA,NA,NA,NA,NA,504.328,548.9,494.814,9.592,584.021,58.707,31.602,3.161,3.116,2.052,0.502,0.509
2026-03-22T11:20:48+08:00,20260322_112048_927319,D:\CodingHHW\Biplane\experiment\experiment_results.csv,CTChest,perspective,Current mode: Perspective,1,1,0,1,1,1,16.17,0.4,15.89,0.1,0.04,0.0,0.10 mm,0.04 px,0.00 mm,testPoint,TargetP3D,blackCenter2,PointGreen,PointRed,PointGreen,testPoint,30.0,0,1,0,1,124.129,35.326,-171.9920044,165.12903977895476,163.73307884280524,175.20663162639883,168.02291674938627,0,6.0,10.0,D:\CodingHHW\Biplane\experiment\transform_snapshots\20260322_112048_927319,LinearTransform,D:\CodingHHW\Biplane\experiment\transform_snapshots\20260322_112048_927319\20260322_112048_927319_1_LinearTransform.h5,1,LinearTransform_1,D:\CodingHHW\Biplane\experiment\transform_snapshots\20260322_112048_927319\20260322_112048_927319_2_LinearTransform_1.h5,1,LinearTransform_2,D:\CodingHHW\Biplane\experiment\transform_snapshots\20260322_112048_927319\20260322_112048_927319_3_LinearTransform_2.h5,1,3,1,0.05623547493739318,0.056235474937395336,2.157996004115148e-15,0,0,0.08602051786058768,0.08602051786065106,6.337985691828862e-14,1,1,0.05712845303126029,0.05712845303126599,5.703770789011742e-15,1,1,0.05601277858911952,0,0,0,0,30.0,0.08530051895851776,1,0,0,0,30.0,0.053116429762952735,1,0,0,0,30.0,NA,NA,NA,NA,NA,NA,NA,NA,NA,NA,NA,NA,NA,NA,NA,NA,NA,NA,505.907,534.195,486.779,9.844,589.425,57.822,30.015,3.161,3.19,2.11,0.512,0.678
2026-03-22T11:21:34+08:00,20260322_112134_510018,D:\CodingHHW\Biplane\experiment\experiment_results.csv,CTChest,perspective,Current mode: Perspective,1,1,0,1,1,1,16.17,0.4,15.89,1.04,0.04,0.0,1.04 mm,0.04 px,0.00 mm,testPoint,TargetP3D,blackCenter2,PointGreen,PointRed,PointGreen,testPoint,30.0,0,1,0,1,124.129,35.326,-171.9920044,165.12903977895476,163.73307884280524,175.20663162639883,168.02291674938627,0,6.0,10.0,D:\CodingHHW\Biplane\experiment\transform_snapshots\20260322_112134_510018,LinearTransform,D:\CodingHHW\Biplane\experiment\transform_snapshots\20260322_112134_510018\20260322_112134_510018_1_LinearTransform.h5,1,LinearTransform_1,D:\CodingHHW\Biplane\experiment\transform_snapshots\20260322_112134_510018\20260322_112134_510018_2_LinearTransform_1.h5,1,LinearTransform_2,D:\CodingHHW\Biplane\experiment\transform_snapshots\20260322_112134_510018\20260322_112134_510018_3_LinearTransform_2.h5,1,3,1,0.07725300369511237,0.07725300369512812,1.5751289161869408e-14,0,0,0.06848698805564704,0.06848698805564747,4.3021142204224816e-16,0,0,0.05221119718555494,0.05221119718555541,4.718447854656915e-16,0,0,0.07669734785934519,0,0,0,0,30.0,0.059815466140130266,1,1,0,0,30.0,0.05211383206429476,1,1,0,0,30.0,NA,NA,NA,NA,NA,NA,NA,NA,NA,NA,NA,NA,NA,NA,NA,NA,NA,NA,475.985,453.924,455.685,10.12,589.533,58.717,31.41,3.161,1.911,2.09,0.506,0.505
2026-03-22T11:22:16+08:00,20260322_112216_479522,D:\CodingHHW\Biplane\experiment\experiment_results.csv,CTChest,perspective,Current mode: Perspective,1,1,0,1,1,1,16.17,0.4,15.89,0.15,0.01,0.0,0.15 mm,0.01 px,0.00 mm,testPoint,TargetP3D,blackCenter2,PointGreen,PointRed,PointGreen,testPoint,30.0,0,1,0,1,124.129,35.326,-171.9920044,165.12903977895476,163.73307884280524,175.20663162639883,168.02291674938627,0,6.0,10.0,D:\CodingHHW\Biplane\experiment\transform_snapshots\20260322_112216_479522,LinearTransform,D:\CodingHHW\Biplane\experiment\transform_snapshots\20260322_112216_479522\20260322_112216_479522_1_LinearTransform.h5,1,LinearTransform_1,D:\CodingHHW\Biplane\experiment\transform_snapshots\20260322_112216_479522\20260322_112216_479522_2_LinearTransform_1.h5,1,LinearTransform_2,D:\CodingHHW\Biplane\experiment\transform_snapshots\20260322_112216_479522\20260322_112216_479522_3_LinearTransform_2.h5,1,3,1,0.06756100989435443,0.06756100989435905,4.621303340002214e-15,0,0,0.05165638083818063,0.05165638083819878,1.815214645262131e-14,1,1,0.07422017822448164,0.07422017822452441,4.2771342023684156e-14,1,1,0.06731641963418016,0,1,0,0,30.0,0.05042543280790981,0,0,0,0,30.0,0.06915162662923391,1,0,0,0,30.0,NA,NA,NA,NA,NA,NA,NA,NA,NA,NA,NA,NA,NA,NA,NA,NA,NA,NA,514.182,558.485,548.397,10.245,578.533,58.209,31.002,3.161,3.48,2.124,0.509,0.487
2026-03-22T11:22:48+08:00,20260322_112248_037435,D:\CodingHHW\Biplane\experiment\experiment_results.csv,CTChest,perspective,Current mode: Perspective,1,1,0,1,1,1,16.17,0.4,15.89,0.51,0.09,0.0,0.51 mm,0.09 px,0.00 mm,testPoint,TargetP3D,blackCenter2,PointGreen,PointRed,PointGreen,testPoint,30.0,0,1,0,1,124.129,35.326,-171.9920044,165.12903977895476,163.73307884280524,175.20663162639883,168.02291674938627,0,6.0,10.0,D:\CodingHHW\Biplane\experiment\transform_snapshots\20260322_112248_037435,LinearTransform,D:\CodingHHW\Biplane\experiment\transform_snapshots\20260322_112248_037435\20260322_112248_037435_1_LinearTransform.h5,1,LinearTransform_1,D:\CodingHHW\Biplane\experiment\transform_snapshots\20260322_112248_037435\20260322_112248_037435_2_LinearTransform_1.h5,1,LinearTransform_2,D:\CodingHHW\Biplane\experiment\transform_snapshots\20260322_112248_037435\20260322_112248_037435_3_LinearTransform_2.h5,1,3,1,0.051098608351830895,0.051098608351843385,1.2490009027033011e-14,1,1,0.09118336783691773,0.09118336783807016,1.1524253773487203e-12,1,1,0.06541128238652033,0.0654112823865297,9.367506770274758e-15,1,1,0.04957966711592838,0,1,0,0,30.0,0.08032615154828428,0,0,0,0,30.0,0.06459801536192025,1,0,0,0,30.0,NA,NA,NA,NA,NA,NA,NA,NA,NA,NA,NA,NA,NA,NA,NA,NA,NA,NA,446.541,474.374,459.816,10.083,584.468,57.937,30.719,3.161,3.895,2.189,0.585,0.51
2026-03-22T11:23:18+08:00,20260322_112318_427702,D:\CodingHHW\Biplane\experiment\experiment_results.csv,CTChest,perspective,Current mode: Perspective,1,1,0,1,1,1,16.17,0.4,15.89,0.39,0.24,0.0,0.39 mm,0.24 px,0.00 mm,testPoint,TargetP3D,blackCenter2,PointGreen,PointRed,PointGreen,testPoint,30.0,0,1,0,1,124.129,35.326,-171.9920044,165.12903977895476,163.73307884280524,175.20663162639883,168.02291674938627,0,6.0,10.0,D:\CodingHHW\Biplane\experiment\transform_snapshots\20260322_112318_427702,LinearTransform,D:\CodingHHW\Biplane\experiment\transform_snapshots\20260322_112318_427702\20260322_112318_427702_1_LinearTransform.h5,1,LinearTransform_1,D:\CodingHHW\Biplane\experiment\transform_snapshots\20260322_112318_427702\20260322_112318_427702_2_LinearTransform_1.h5,1,LinearTransform_2,D:\CodingHHW\Biplane\experiment\transform_snapshots\20260322_112318_427702\20260322_112318_427702_3_LinearTransform_2.h5,1,3,1,0.03705167249663823,0.03705167249664679,8.555656183517613e-15,0,0,0.051749741369759045,0.05174974136976536,6.314393452555578e-15,0,0,0.056000074232061624,0.05600007423223609,1.7446460942593944e-13,0,0,0.03665391144851868,0,1,0,0,30.0,0.05071545497408623,0,0,0,0,30.0,0.04869837242126365,0,0,0,0,30.0,NA,NA,NA,NA,NA,NA,NA,NA,NA,NA,NA,NA,NA,NA,NA,NA,NA,NA,499.047,470.093,489.706,10.021,586.518,59.3,31.075,3.161,3.311,1.721,0.574,0.623
